biomass_t_r100,biomass_t_r250,biomass_t_r600,biomass_t_domain,station,time,latitude,longitude
113085.86437096946,216449.3384068491,250794.37820246743,536187.6177353432,C1_East,2020-10-08,17.944336,-67.002266
108739.3374199557,222547.003638582,251863.3971716441,536187.6177353432,MJ2,2020-10-08,17.968758,-67.076935
105342.5357873642,222547.003638582,252004.28504678747,536187.6177353432,SC,2020-10-08,17.942287,-67.07675
109683.56198347895,217435.8468299254,250841.11177789472,536187.6177353432,ML3,2020-10-08,17.9392,-67.04
109683.56198347895,217435.8468299254,250841.11177789472,536187.6177353432,ML2,2020-10-08,17.9394,-67.04
109009.18095363695,222547.003638582,252004.28504678747,536187.6177353432,MJ3,2020-10-08,17.972672,-67.06536
111452.17477338803,217435.8468299254,250464.5535460656,536187.6177353432,G1,2020-10-08,17.97034,-67.04777
109009.18095363695,217435.8468299254,250841.1117778948,536187.6177353432,ML1,2020-10-08,17.939789,-67.04021
106338.04185265533,222547.003638582,255575.71035472225,536187.6177353432,L1,2020-10-08,17.943077,-67.05644
109009.18095363695,217435.8468299254,250801.0970652394,536187.6177353432,E1,2020-10-08,17.954287,-67.050186
113054.65083887412,216449.3384068491,250794.37820246743,536187.6177353432,C3_West,2020-10-08,17.943748,-67.009384
113085.86437096944,216449.3384068491,250794.37820246743,536187.6177353432,C2_Center,2020-10-08,17.943632,-67.00623
106691.21247070783,222547.003638582,251863.3971716441,536187.6177353432,MJ1,2020-10-08,17.967564,-67.07653
109009.18095363698,222547.003638582,252231.10148668243,536187.6177353432,MJ4,2020-10-08,17.973782,-67.06234
40131.90418067642,48936.11253203089,106647.16800939568,338675.8787037407,ML1,2020-11-05,17.939789,-67.04021
40310.07167818056,50211.21004028153,107374.3445363604,338675.8787037407,MJ4,2020-11-05,17.973782,-67.06234
39918.0288621764,50211.210040281534,107374.3445363604,338675.8787037407,MJ3,2020-11-05,17.972672,-67.06536
39034.35598746807,50211.210040281534,107259.84706893636,338675.8787037407,SC,2020-11-05,17.942287,-67.07675
40816.04731805559,48936.1125320309,106647.16800939568,338675.8787037407,ML3,2020-11-05,17.9392,-67.04
39189.16041171424,50211.210040281534,106295.86995175765,338675.8787037407,MJ2,2020-11-05,17.968758,-67.076935
40816.04731805559,48936.1125320309,106647.16800939568,338675.8787037407,ML2,2020-11-05,17.9394,-67.04
40310.07167818056,50377.86241035657,107550.45175779123,338675.8787037407,L1,2020-11-05,17.943077,-67.05644
41835.36130149916,48147.66828648065,107271.59971098349,338675.8787037407,C3_West,2020-11-05,17.943748,-67.009384
41835.36130149916,48147.66828648065,107271.59971098349,338675.8787037407,C2_Center,2020-11-05,17.943632,-67.00623
41835.36130149916,48147.66828648065,108089.56139530792,338675.8787037407,C1_East,2020-11-05,17.944336,-67.002266
39189.16041171424,50211.210040281534,106295.86995175765,338675.8787037407,MJ1,2020-11-05,17.967564,-67.07653
40571.71196375936,48936.11253203089,106108.7018794656,338675.8787037407,G1,2020-11-05,17.97034,-67.04777
40310.07167818056,48936.11253203089,106512.41309673277,338675.8787037407,E1,2020-11-05,17.954287,-67.050186
5130.92903903554,6122.583531168214,9833.347984006714,20524.83148420623,MJ3,2020-11-12,17.972672,-67.06536
5130.92903903554,6122.583531168213,9833.347984006714,20524.83148420623,SC,2020-11-12,17.942287,-67.07675
5130.92903903554,6108.06427135026,9818.82872418876,20524.83148420623,ML3,2020-11-12,17.9392,-67.04
5130.92903903554,6108.06427135026,9818.82872418876,20524.83148420623,ML2,2020-11-12,17.9394,-67.04
5130.92903903554,6108.064271350259,9818.82872418876,20524.83148420623,ML1,2020-11-12,17.939789,-67.04021
5130.92903903554,6122.583531168213,9833.347984006714,20524.83148420623,MJ4,2020-11-12,17.973782,-67.06234
5130.92903903554,6122.583531168213,9833.347984006714,20524.83148420623,MJ2,2020-11-12,17.968758,-67.076935
5130.929039035541,6122.583531168213,9833.347984006714,20524.83148420623,MJ1,2020-11-12,17.967564,-67.07653
5130.929039035541,6108.06427135026,9818.82872418876,20524.83148420623,E1,2020-11-12,17.954287,-67.050186
5130.92903903554,5245.000601833913,8955.765054672413,20524.83148420623,C3_West,2020-11-12,17.943748,-67.009384
5130.929039035541,5245.000601833913,8955.765054672413,20524.83148420623,C2_Center,2020-11-12,17.943632,-67.00623
5130.929039035541,5245.000601833913,8955.765054672413,20524.83148420623,C1_East,2020-11-12,17.944336,-67.002266
5130.929039035541,6122.583531168214,9833.347984006714,20524.83148420623,L1,2020-11-12,17.943077,-67.05644
5130.92903903554,6108.06427135026,9818.82872418876,20524.83148420623,G1,2020-11-12,17.97034,-67.04777
143207.3175142176,191808.7296092405,240389.0846965751,395246.29944995866,MJ3,2020-11-26,17.972672,-67.06536
144676.03440238672,189839.0815442835,239219.04028901152,395246.29944995866,ML2,2020-11-26,17.9394,-67.04
144575.95891260452,189839.08154428343,239219.04028901155,395246.29944995866,ML1,2020-11-26,17.939789,-67.04021
144028.64798524987,191808.7296092405,240677.04140996133,395246.29944995866,MJ4,2020-11-26,17.973782,-67.06234
144676.03440238672,189839.0815442835,239219.04028901152,395246.29944995866,ML3,2020-11-26,17.9392,-67.04
142415.8920593358,191808.7296092405,239834.63427120712,395246.29944995866,MJ2,2020-11-26,17.968758,-67.076935
141393.1242095148,191808.7296092405,240350.6066358536,395246.29944995866,SC,2020-11-26,17.942287,-67.07675
143504.22602316644,192110.96260538,241270.02238219843,395246.29944995866,L1,2020-11-26,17.943077,-67.05644
148584.8073397351,189232.43672493583,238901.7467342011,395246.29944995866,C1_East,2020-11-26,17.944336,-67.002266
144738.05342249965,189839.08154428352,238815.5512644253,395246.29944995866,E1,2020-11-26,17.954287,-67.050186
145914.35008446276,189839.0815442835,238815.55126442533,395246.29944995866,G1,2020-11-26,17.97034,-67.04777
148581.96188450896,189232.43672493583,238901.7467342011,395246.29944995866,C2_Center,2020-11-26,17.943632,-67.00623
148251.97103220117,189232.43672493583,238901.7467342011,395246.29944995866,C3_West,2020-11-26,17.943748,-67.009384
141498.34259373703,191808.7296092405,239834.63427120712,395246.29944995866,MJ1,2020-11-26,17.967564,-67.07653
95153.20925143753,183707.6502795502,373600.2792849101,692326.7565607579,ML1,2020-12-17,17.939789,-67.04021
97319.84835790162,184211.2808199777,371610.0007169504,692326.7565607579,MJ4,2020-12-17,17.973782,-67.06234
94509.21465846236,183648.5697811721,370659.8173488415,692326.7565607579,SC,2020-12-17,17.942287,-67.07675
94847.24896564615,183707.6502795502,373600.2792849102,692326.7565607579,ML3,2020-12-17,17.9392,-67.04
94847.24896564615,183707.6502795502,373600.2792849102,692326.7565607579,ML2,2020-12-17,17.9394,-67.04
97027.8163720129,184112.5678517095,371480.6814199986,692326.7565607579,MJ3,2020-12-17,17.972672,-67.06536
95812.21806624108,183673.83804801776,369456.0296790869,692326.7565607579,MJ2,2020-12-17,17.968758,-67.076935
94837.38220695007,183673.83804801773,369456.0296790869,692326.7565607579,MJ1,2020-12-17,17.967564,-67.07653
96497.7605726273,185766.10480994484,374965.0838940116,692326.7565607579,L1,2020-12-17,17.943077,-67.05644
97441.6568362947,183049.5242951872,372283.6141905744,692326.7565607579,E1,2020-12-17,17.954287,-67.050186
100283.86425893738,182862.8380617316,376598.8259736884,692326.7565607579,C3_West,2020-12-17,17.943748,-67.009384
101278.09137036356,182862.8380617316,376763.4191002418,692326.7565607579,C2_Center,2020-12-17,17.943632,-67.00623
101304.44182676336,182862.8380617316,377147.1343971908,692326.7565607579,C1_East,2020-12-17,17.944336,-67.002266
99857.21383158506,183226.3073741329,372093.0559012258,692326.7565607579,G1,2020-12-17,17.97034,-67.04777
75928.066619488,88804.89763783073,106813.46309830683,198785.8857058654,ML3,2021-01-14,17.9392,-67.04
75928.066619488,88804.89763783073,106813.46309830683,198785.8857058654,ML2,2021-01-14,17.9394,-67.04
75746.13299867699,88804.89763783073,106813.46309830683,198785.8857058654,ML1,2021-01-14,17.939789,-67.04021
74911.10634525925,91353.17652351785,109456.01477325716,198785.8857058654,MJ4,2021-01-14,17.973782,-67.06234
74830.38766574083,91353.17652351785,109456.01477325718,198785.8857058654,MJ3,2021-01-14,17.972672,-67.06536
75022.71622636274,91353.17652351785,108789.84370222474,198785.8857058654,SC,2021-01-14,17.942287,-67.07675
74319.62770642331,91353.17652351785,109079.20792407576,198785.8857058654,MJ2,2021-01-14,17.968758,-67.076935
75614.19486519867,91447.44931278109,109079.20792407576,198785.8857058654,L1,2021-01-14,17.943077,-67.05644
75043.04447873757,88804.89763783073,106813.46309830683,198785.8857058654,G1,2021-01-14,17.97034,-67.04777
75746.13299867699,88804.89763783073,106813.46309830683,198785.8857058654,E1,2021-01-14,17.954287,-67.050186
76804.56985108751,87950.05403180806,105839.3117519239,198785.8857058654,C3_West,2021-01-14,17.943748,-67.009384
77500.22706863296,87950.05403180806,105839.3117519239,198785.8857058654,C2_Center,2021-01-14,17.943632,-67.00623
77500.22706863296,87950.05403180806,105839.3117519239,198785.8857058654,C1_East,2021-01-14,17.944336,-67.002266
74319.62770642331,91353.17652351785,109079.20792407576,198785.8857058654,MJ1,2021-01-14,17.967564,-67.07653
21899.578175672843,24927.51408800636,110903.40248405466,293260.86454422644,MJ3,2021-02-04,17.972672,-67.06536
21899.57817567284,24932.044217123188,110958.08174752168,293260.86454422644,SC,2021-02-04,17.942287,-67.07675
21899.578175672843,22021.440292135103,108708.7164837498,293260.86454422644,ML3,2021-02-04,17.9392,-67.04
21899.578175672843,22021.440292135103,108708.7164837498,293260.86454422644,ML2,2021-02-04,17.9394,-67.04
21899.578175672843,22021.440292135103,108708.7164837498,293260.86454422644,ML1,2021-02-04,17.939789,-67.04021
21899.578175672843,24927.51408800636,110903.40248405466,293260.86454422644,MJ4,2021-02-04,17.973782,-67.06234
21899.578175672843,24927.514088006363,110903.40248405466,293260.86454422644,MJ2,2021-02-04,17.968758,-67.076935
21899.578175672843,24927.51408800636,110903.40248405466,293260.86454422644,MJ1,2021-02-04,17.967564,-67.07653
21899.578175672843,22021.440292135107,108435.8705726076,293260.86454422644,E1,2021-02-04,17.954287,-67.050186
22193.438017801047,21805.741167228425,109169.35094397998,293260.86454422644,C3_West,2021-02-04,17.943748,-67.009384
22303.24494751227,21805.74116722843,109169.35094397998,293260.86454422644,C2_Center,2021-02-04,17.943632,-67.00623
22303.24494751227,21805.741167228425,109169.35094397998,293260.86454422644,C1_East,2021-02-04,17.944336,-67.002266
21899.578175672843,24932.044217123188,111146.93678847476,293260.86454422644,L1,2021-02-04,17.943077,-67.05644
21899.578175672843,22016.91016301828,108236.33286348668,293260.86454422644,G1,2021-02-04,17.97034,-67.04777
71475.52034260964,211064.2562200009,456707.9898862608,642908.5169096461,MJ3,2021-02-18,17.972672,-67.06536
71459.67155072412,210975.77546295893,466101.4514839696,642908.5169096461,ML2,2021-02-18,17.9394,-67.04
71459.67155072412,210975.77546295893,466101.4514839696,642908.5169096461,ML1,2021-02-18,17.939789,-67.04021
71842.21585600781,211072.18729599903,457095.3470985796,642908.5169096461,MJ4,2021-02-18,17.973782,-67.06234
71459.67155072412,210975.77546295893,466101.4514839696,642908.5169096461,ML3,2021-02-18,17.9392,-67.04
70691.98482336447,211064.2562200009,454593.6076536074,642908.5169096461,MJ2,2021-02-18,17.968758,-67.076935
68339.15737480657,210935.60517553205,456686.133271997,642908.5169096461,SC,2021-02-18,17.942287,-67.07675
69972.08979389194,211282.15192406243,462132.8589829166,642908.5169096461,L1,2021-02-18,17.943077,-67.05644
76412.71252471642,211672.7451948573,471716.0822631266,642908.5169096461,C1_East,2021-02-18,17.944336,-67.002266
71816.01199521426,210510.35122181923,461082.7772312071,642908.5169096461,E1,2021-02-18,17.954287,-67.050186
73841.3728342189,210637.35967086584,460730.6101381633,642908.5169096461,G1,2021-02-18,17.97034,-67.04777
76270.91574626329,211672.7451948573,471483.1741146583,642908.5169096461,C2_Center,2021-02-18,17.943632,-67.00623
75370.16894263637,211672.74519485733,471483.1741146584,642908.5169096461,C3_West,2021-02-18,17.943748,-67.009384
69721.82912607917,211064.2562200009,454593.6076536074,642908.5169096461,MJ1,2021-02-18,17.967564,-67.07653
158331.57226259113,294798.72700568545,919909.4942545288,1662347.249317203,ML1,2021-03-04,17.939789,-67.04021
160302.64110419477,302181.78175459534,926360.7582489802,1662347.249317203,MJ4,2021-03-04,17.973782,-67.06234
157979.7559159579,302332.814498781,923304.6202755428,1662347.249317203,SC,2021-03-04,17.942287,-67.07675
158761.29026701712,294798.72700568545,919909.4942545288,1662347.249317203,ML3,2021-03-04,17.9392,-67.04
158761.29026701712,294798.72700568545,919909.4942545288,1662347.249317203,ML2,2021-03-04,17.9394,-67.04
160147.12724011505,302127.1033115329,925540.585583888,1662347.249317203,MJ3,2021-03-04,17.972672,-67.06536
160065.0041204704,301943.1382238041,922863.166558588,1662347.249317203,MJ2,2021-03-04,17.968758,-67.076935
159253.51848613567,301943.1382238041,922863.166558588,1662347.249317203,MJ1,2021-03-04,17.967564,-67.07653
158606.92682353867,303602.25449843385,928933.1280128805,1662347.249317203,L1,2021-03-04,17.943077,-67.05644
159052.09265930334,293796.6110592198,917722.2859993976,1662347.249317203,E1,2021-03-04,17.954287,-67.050186
161435.0902170513,289945.60273774463,917199.4902377534,1662347.249317203,C3_West,2021-03-04,17.943748,-67.009384
162006.5076096468,289945.60273774463,917254.2482403262,1662347.249317203,C2_Center,2021-03-04,17.943632,-67.00623
162104.54677996103,290043.42019329057,917254.2482403262,1662347.249317203,C1_East,2021-03-04,17.944336,-67.002266
160781.07152779092,293883.8432200804,918001.3044114202,1662347.249317203,G1,2021-03-04,17.97034,-67.04777
111377.28394046622,188019.5750441516,502704.08095916256,880459.1436654229,SC,2021-03-18,17.942287,-67.07675
112453.0957110268,184845.0484505949,502954.0593270298,880459.1436654229,MJ4,2021-03-18,17.973782,-67.06234
112429.6752221646,184845.04845059488,502954.05932703,880459.1436654229,MJ3,2021-03-18,17.972672,-67.06536
112410.36195061237,185942.75162164733,500760.7800425303,880459.1436654229,ML1,2021-03-18,17.939789,-67.04021
113090.45057621947,185942.75162164736,500760.7800425303,880459.1436654229,ML3,2021-03-18,17.9392,-67.04
113090.45057621947,185942.75162164736,500760.7800425303,880459.1436654229,ML2,2021-03-18,17.9394,-67.04
111377.28394046622,185299.53082846312,502528.28029488766,880459.1436654229,MJ2,2021-03-18,17.968758,-67.076935
111377.28394046622,185327.98067397327,502528.28029488766,880459.1436654229,MJ1,2021-03-18,17.967564,-67.07653
111241.3997689979,184986.67783408187,500525.60885568376,880459.1436654229,C2_Center,2021-03-18,17.943632,-67.00623
112500.75624462172,188339.45381228527,503179.7197857175,880459.1436654229,L1,2021-03-18,17.943077,-67.05644
111387.86261089664,184986.67783408187,500525.60885568376,880459.1436654229,C1_East,2021-03-18,17.944336,-67.002266
112517.6605621172,182397.77547383413,499821.9316896752,880459.1436654229,G1,2021-03-18,17.97034,-67.04777
110537.74431209966,184986.67783408184,500525.60885568376,880459.1436654229,C3_West,2021-03-18,17.943748,-67.009384
112517.6605621172,184646.03633190223,499780.8747565984,880459.1436654229,E1,2021-03-18,17.954287,-67.050186
1010.2667103828798,17506.45452026985,291435.82985224004,373719.1654409215,MJ2,2021-04-08,17.968758,-67.076935
1010.2667103828798,17506.45452026985,291267.5936237136,373719.1654409215,SC,2021-04-08,17.942287,-67.07675
185.868882796715,18992.44388708072,295524.52462878404,373719.1654409215,ML3,2021-04-08,17.9392,-67.04
185.868882796715,18992.44388708072,295524.52462878404,373719.1654409215,ML2,2021-04-08,17.9394,-67.04
185.868882796715,18992.443887080728,295524.52462878404,373719.1654409215,ML1,2021-04-08,17.939789,-67.04021
248.8453083197548,18659.983985774696,293516.68083404226,373719.1654409215,MJ4,2021-04-08,17.973782,-67.06234
248.8453083197548,18659.983985774696,293516.68083404226,373719.1654409215,MJ3,2021-04-08,17.972672,-67.06536
248.8453083197548,18805.2067872854,294050.13456574554,373719.1654409215,G1,2021-04-08,17.97034,-67.04777
248.8453083197548,18805.2067872854,293516.68083404226,373719.1654409215,E1,2021-04-08,17.954287,-67.050186
201.4405575341591,19013.69950847981,296918.539205808,373719.1654409215,C3_West,2021-04-08,17.943748,-67.009384
529.3266840559635,19013.69950847981,296918.539205808,373719.1654409215,C2_Center,2021-04-08,17.943632,-67.00623
529.3266840559635,19013.69950847981,296918.539205808,373719.1654409215,C1_East,2021-04-08,17.944336,-67.002266
1010.2667103828798,17506.454520269854,291435.82985224004,373719.1654409215,MJ1,2021-04-08,17.967564,-67.07653
248.8453083197548,18805.206787285395,293516.68083404226,373719.1654409215,L1,2021-04-08,17.943077,-67.05644
401995.2861736313,622218.9013936556,1050975.8634028796,1510542.0164519064,SC,2021-04-15,17.942287,-67.07675
405368.901340426,606436.5068481705,1046768.3090099188,1510542.0164519064,ML1,2021-04-15,17.939789,-67.04021
407972.045752913,622218.9013936556,1049866.851950718,1510542.0164519064,MJ3,2021-04-15,17.972672,-67.06536
406083.1502997436,606436.5068481704,1046768.3090099188,1510542.0164519064,ML3,2021-04-15,17.9392,-67.04
404645.91094478633,622218.9013936556,1048773.4753467173,1510542.0164519064,MJ2,2021-04-15,17.968758,-67.076935
408846.56884280825,622218.9013936556,1050585.1487255464,1510542.0164519064,MJ4,2021-04-15,17.973782,-67.06234
406083.15029974375,606436.5068481704,1046768.3090099188,1510542.0164519064,ML2,2021-04-15,17.9394,-67.04
408401.6967789855,605836.501224048,1049495.6699519726,1510542.0164519064,C3_West,2021-04-15,17.943748,-67.009384
410460.4600067663,606136.1661516142,1051843.2112076154,1510542.0164519064,C1_East,2021-04-15,17.944336,-67.002266
403136.3276028769,622218.9013936556,1049245.4454226703,1510542.0164519064,MJ1,2021-04-15,17.967564,-67.07653
407660.27149329765,606436.5068481705,1036489.0931822576,1510542.0164519064,E1,2021-04-15,17.954287,-67.050186
411636.5646508976,606436.5068481704,1036305.9925830546,1510542.0164519064,G1,2021-04-15,17.97034,-67.04777
410077.4381593972,606136.1661516142,1049495.6699519726,1510542.0164519064,C2_Center,2021-04-15,17.943632,-67.00623
405844.0544841605,622218.9013936556,1056542.9085488578,1510542.0164519064,L1,2021-04-15,17.943077,-67.05644
258424.72792390944,230529.72110302883,1087505.7948108425,1896871.4823444968,G1,2021-04-22,17.97034,-67.04777
257320.23303072536,232805.41061541403,1086901.8569043588,1896871.4823444968,MJ1,2021-04-22,17.967564,-67.07653
256720.75572138888,233402.30796686537,1087685.634237738,1896871.4823444968,SC,2021-04-22,17.942287,-67.07675
253471.67708463865,231570.33264719683,1089587.5851841513,1896871.4823444968,ML3,2021-04-22,17.9392,-67.04
256311.6850128784,231570.3326471969,1089587.5851841513,1896871.4823444968,ML1,2021-04-22,17.939789,-67.04021
252959.04392156465,229913.2367287096,1090388.216703076,1896871.4823444968,C3_West,2021-04-22,17.943748,-67.009384
254051.09890255288,231570.33264719683,1089587.5851841513,1896871.4823444968,ML2,2021-04-22,17.9394,-67.04
257096.83584842665,231804.758184484,1088011.4569823684,1896871.4823444968,E1,2021-04-22,17.954287,-67.050186
252622.2131542452,229913.2367287096,1091794.155184113,1896871.4823444968,C2_Center,2021-04-22,17.943632,-67.00623
252622.2131542452,229977.40386075032,1091931.9713857956,1896871.4823444968,C1_East,2021-04-22,17.944336,-67.002266
256880.6512301116,235071.1215646453,1093044.4404031297,1896871.4823444968,L1,2021-04-22,17.943077,-67.05644
257762.8983361432,232805.41061541403,1086901.8569043586,1896871.4823444968,MJ2,2021-04-22,17.968758,-67.076935
258121.42615149665,234259.0267005257,1088506.7352911795,1896871.4823444968,MJ4,2021-04-22,17.973782,-67.06234
258121.42615149665,234259.0267005257,1088162.0137742483,1896871.4823444968,MJ3,2021-04-22,17.972672,-67.06536
66984.66656634814,48550.2265134599,654103.1243345765,1464917.8874426477,MJ3,2021-04-29,17.972672,-67.06536
66984.66656634814,48550.2265134599,655430.5832959567,1464917.8874426477,MJ4,2021-04-29,17.973782,-67.06234
67145.38880593551,48550.22651345989,653852.651849268,1464917.8874426477,MJ2,2021-04-29,17.968758,-67.076935
67737.96267884238,48969.98272409695,655430.4386212013,1464917.8874426477,SC,2021-04-29,17.942287,-67.07675
66757.24797948488,49134.61662907998,660131.0616331091,1464917.8874426477,ML3,2021-04-29,17.9392,-67.04
66757.24797948488,49134.61662907998,660131.0616331091,1464917.8874426477,ML2,2021-04-29,17.9394,-67.04
66757.24797948488,49134.61662907998,660131.0616331091,1464917.8874426477,ML1,2021-04-29,17.939789,-67.04021
67086.5550944232,48550.2265134599,656219.2986111046,1464917.8874426477,G1,2021-04-29,17.97034,-67.04777
64338.793917365045,48684.23802332303,669037.6645750467,1464917.8874426477,C3_West,2021-04-29,17.943748,-67.009384
64338.793917365045,48684.23802332304,669037.6645750469,1464917.8874426477,C2_Center,2021-04-29,17.943632,-67.00623
63900.96504594225,48684.23802332303,670435.0237841659,1464917.8874426477,C1_East,2021-04-29,17.944336,-67.002266
66502.55235902527,49134.61662907998,659302.2891642437,1464917.8874426477,L1,2021-04-29,17.943077,-67.05644
66890.69318547589,48550.2265134599,653852.651849268,1464917.8874426477,MJ1,2021-04-29,17.967564,-67.07653
67992.658299302,48801.87556838915,658146.621678288,1464917.8874426477,E1,2021-04-29,17.954287,-67.050186
114304.16084921318,47145.63580858879,655600.3471567825,1451763.0114529014,MJ3,2021-05-06,17.972672,-67.06536
108277.74464694828,48907.63424056536,655278.1538050353,1451763.0114529014,SC,2021-05-06,17.942287,-67.07675
102449.8210641044,49502.84147893018,659401.6844196898,1451763.0114529014,ML3,2021-05-06,17.9392,-67.04
102449.8210641044,49502.84147893018,659401.6844196898,1451763.0114529014,ML2,2021-05-06,17.9394,-67.04
102297.67808850307,49502.84147893018,659401.6844196898,1451763.0114529014,ML1,2021-05-06,17.939789,-67.04021
113746.00378066872,47145.63580858879,655600.3471567825,1451763.0114529014,MJ4,2021-05-06,17.973782,-67.06234
114356.21388436436,47145.63580858879,653391.180701939,1451763.0114529014,MJ2,2021-05-06,17.968758,-67.076935
114356.21388436436,47145.63580858879,653972.6543750498,1451763.0114529014,MJ1,2021-05-06,17.967564,-67.07653
105625.75637240252,47145.63580858879,658881.9017426517,1451763.0114529014,E1,2021-05-06,17.954287,-67.050186
96925.50015466336,49502.84147893018,661988.214312907,1451763.0114529014,C3_West,2021-05-06,17.943748,-67.009384
97047.91651008384,49502.84147893018,661988.214312907,1451763.0114529014,C2_Center,2021-05-06,17.943632,-67.00623
95457.91764385947,49502.84147893018,663624.426966011,1451763.0114529014,C1_East,2021-05-06,17.944336,-67.002266
105625.75637240252,49596.67901740763,658626.5784132539,1451763.0114529014,L1,2021-05-06,17.943077,-67.05644
107143.10928044382,47145.63580858879,658779.8335127127,1451763.0114529014,G1,2021-05-06,17.97034,-67.04777
76110.12403290106,119977.67597532096,554088.2064527933,996189.0883450644,MJ3,2021-05-13,17.972672,-67.06536
74771.13263594451,118406.27587092662,558118.3150944836,996189.0883450644,ML2,2021-05-13,17.9394,-67.04
74771.13263594451,118406.27587092662,558118.3150944836,996189.0883450644,ML1,2021-05-13,17.939789,-67.04021
76306.74679804222,119977.67597532096,554088.2064527934,996189.0883450644,MJ4,2021-05-13,17.973782,-67.06234
74771.13263594451,118406.27587092662,558118.3150944836,996189.0883450644,ML3,2021-05-13,17.9392,-67.04
78138.03347256848,119977.67597532096,551770.221378486,996189.0883450644,MJ2,2021-05-13,17.968758,-67.076935
77024.58790222788,120248.77776198096,554507.7026639561,996189.0883450644,SC,2021-05-13,17.942287,-67.07675
75950.47559880961,120810.54836304334,558399.5042460966,996189.0883450644,L1,2021-05-13,17.943077,-67.05644
73490.55722312954,117602.7511288706,564884.2106998226,996189.0883450644,C1_East,2021-05-13,17.944336,-67.002266
76092.3029933815,117657.20984365656,554134.5321969034,996189.0883450644,E1,2021-05-13,17.954287,-67.050186
75289.89928699966,117478.41392800891,550591.1344425272,996189.0883450644,G1,2021-05-13,17.97034,-67.04777
73490.55722312954,117602.7511288706,564884.2106998226,996189.0883450644,C2_Center,2021-05-13,17.943632,-67.00623
73366.01054116605,117602.7511288706,564384.2660191456,996189.0883450644,C3_West,2021-05-13,17.943748,-67.009384
77862.48673791092,119977.67597532096,551770.221378486,996189.0883450644,MJ1,2021-05-13,17.967564,-67.07653
295930.3950052417,253730.8779198585,1039937.6915420695,2156824.6685840064,ML1,2021-05-20,17.939789,-67.04021
303796.9396676905,265661.0614932972,1045911.7394609556,2156824.6685840064,MJ4,2021-05-20,17.973782,-67.06234
299999.23629130423,266732.1630052431,1041920.3053992422,2156824.6685840064,SC,2021-05-20,17.942287,-67.07675
295930.3950052417,253730.8779198585,1039937.6915420695,2156824.6685840064,ML3,2021-05-20,17.9392,-67.04
295930.3950052417,253730.8779198585,1039937.6915420695,2156824.6685840064,ML2,2021-05-20,17.9394,-67.04
303756.51700568176,265661.0614932972,1043337.1748333964,2156824.6685840064,MJ3,2021-05-20,17.972672,-67.06536
306033.4408170985,265661.0614932972,1040264.7689932236,2156824.6685840064,MJ2,2021-05-20,17.968758,-67.076935
306033.4408170984,265661.0614932972,1040264.7689932236,2156824.6685840064,MJ1,2021-05-20,17.967564,-67.07653
295980.981812333,266796.1100174459,1052520.3610747347,2156824.6685840064,L1,2021-05-20,17.943077,-67.05644
296840.572067734,252791.27266614407,1035031.9313481324,2156824.6685840064,E1,2021-05-20,17.954287,-67.050186
295491.0915448495,241714.0869440768,1028669.7250080956,2156824.6685840064,C3_West,2021-05-20,17.943748,-67.009384
295491.0915448495,241714.0869440768,1028669.7250080956,2156824.6685840064,C2_Center,2021-05-20,17.943632,-67.00623
290119.686622442,241714.0869440768,1029782.5715861334,2156824.6685840064,C1_East,2021-05-20,17.944336,-67.002266
299798.4970626913,252577.3873212442,1035172.6622812572,2156824.6685840064,G1,2021-05-20,17.97034,-67.04777
152623.96859531765,49840.6893673126,447664.0559023139,1708379.6890514246,SC,2021-05-27,17.942287,-67.07675
151592.48862770697,50414.21234119956,448350.7573908993,1708379.6890514246,MJ4,2021-05-27,17.973782,-67.06234
151337.9380730961,50362.256860771406,447242.46451301954,1708379.6890514246,MJ3,2021-05-27,17.972672,-67.06536
148884.17324671446,44141.5428701426,443742.0656778574,1708379.6890514246,ML1,2021-05-27,17.939789,-67.04021
148884.17324671446,44141.5428701426,443742.0656778574,1708379.6890514246,ML3,2021-05-27,17.9392,-67.04
148884.17324671446,44141.5428701426,443742.0656778574,1708379.6890514246,ML2,2021-05-27,17.9394,-67.04
152081.75031049948,50245.18348139978,446956.3033141336,1708379.6890514246,MJ2,2021-05-27,17.968758,-67.076935
152081.75031049948,50245.18348139978,446956.3033141336,1708379.6890514246,MJ1,2021-05-27,17.967564,-67.07653
148681.56389919348,44959.91539504367,445097.25943001336,1708379.6890514246,C2_Center,2021-05-27,17.943632,-67.00623
152213.49917940088,50001.02250429979,448858.28594092256,1708379.6890514246,L1,2021-05-27,17.943077,-67.05644
148681.56389919348,44959.91539504367,445097.2594300134,1708379.6890514246,C1_East,2021-05-27,17.944336,-67.002266
149347.2447833519,44440.48534965244,442889.0563789472,1708379.6890514246,G1,2021-05-27,17.97034,-67.04777
148681.5638991935,44959.91539504367,445008.3080601727,1708379.6890514246,C3_West,2021-05-27,17.943748,-67.009384
149691.19680746578,44357.60089698437,442710.4735827391,1708379.6890514246,E1,2021-05-27,17.954287,-67.050186
0.0,2983.4453114888324,243643.18252428225,817682.4596430967,MJ2,2021-06-03,17.968758,-67.076935
0.0,2983.4453114888324,243850.16001020485,817682.4596430967,SC,2021-06-03,17.942287,-67.07675
0.0,2983.4453114888324,247414.8004506185,817682.4596430967,ML3,2021-06-03,17.9392,-67.04
0.0,2983.4453114888324,247414.8004506185,817682.4596430967,ML2,2021-06-03,17.9394,-67.04
0.0,2983.4453114888324,247414.8004506185,817682.4596430967,ML1,2021-06-03,17.939789,-67.04021
0.0,2983.4453114888324,243964.8997924372,817682.4596430967,MJ3,2021-06-03,17.972672,-67.06536
0.0,2983.4453114888324,243964.8997924372,817682.4596430967,MJ4,2021-06-03,17.973782,-67.06234
0.0,2983.4453114888324,244467.5245236501,817682.4596430967,E1,2021-06-03,17.954287,-67.050186
0.0,2983.4453114888324,244261.0744280036,817682.4596430967,L1,2021-06-03,17.943077,-67.05644
0.0,2983.4453114888324,250463.2246353835,817682.4596430967,C3_West,2021-06-03,17.943748,-67.009384
0.0,2983.4453114888324,254552.15082502447,817682.4596430967,C2_Center,2021-06-03,17.943632,-67.00623
0.0,2983.4453114888324,254552.15082502447,817682.4596430967,C1_East,2021-06-03,17.944336,-67.002266
0.0,2983.4453114888324,243643.18252428225,817682.4596430967,MJ1,2021-06-03,17.967564,-67.07653
0.0,2983.4453114888324,244467.52452365,817682.4596430967,G1,2021-06-03,17.97034,-67.04777
17605.927378054537,4173.246552391759,54146.723341738136,174115.5953794402,SC,2021-06-10,17.942287,-67.07675
17381.748197940837,4173.246552391759,56682.96541474469,174115.5953794402,MJ4,2021-06-10,17.973782,-67.06234
17381.748197940837,4173.246552391759,56119.719465515926,174115.5953794402,MJ3,2021-06-10,17.972672,-67.06536
16461.558261057216,4173.246552391759,56682.96541474469,174115.5953794402,ML1,2021-06-10,17.939789,-67.04021
16461.558261057216,4173.246552391759,56682.96541474469,174115.5953794402,ML3,2021-06-10,17.9392,-67.04
16461.558261057216,4173.246552391759,56682.96541474469,174115.5953794402,ML2,2021-06-10,17.9394,-67.04
17767.185373708377,4173.246552391759,55354.66457809451,174115.5953794402,MJ2,2021-06-10,17.968758,-67.076935
17767.185373708377,4173.246552391759,55354.66457809451,174115.5953794402,MJ1,2021-06-10,17.967564,-67.07653
16461.558261057216,2097.4626345332163,55414.117736142216,174115.5953794402,C2_Center,2021-06-10,17.943632,-67.00623
16461.558261057216,4173.246552391759,55354.66457809451,174115.5953794402,L1,2021-06-10,17.943077,-67.05644
16461.558261057216,2097.4626345332163,56096.71354436575,174115.5953794402,C1_East,2021-06-10,17.944336,-67.002266
16461.558261057216,4173.246552391759,56883.46961825727,174115.5953794402,G1,2021-06-10,17.97034,-67.04777
16461.558261057216,2097.4626345332167,55414.117736142216,174115.5953794402,C3_West,2021-06-10,17.943748,-67.009384
16461.558261057216,4173.246552391759,56682.96541474469,174115.5953794402,E1,2021-06-10,17.954287,-67.050186
22269.04944550932,16908.454262515796,178411.96556592893,280320.21117447986,SC,2021-06-17,17.942287,-67.07675
16870.817237957664,20168.409844364967,178114.5807262576,280320.21117447986,ML3,2021-06-17,17.9392,-67.04
16870.817237957664,20168.409844364967,178114.5807262576,280320.21117447986,ML2,2021-06-17,17.9394,-67.04
19856.462114711747,20168.409844364967,178114.5807262576,280320.21117447986,ML1,2021-06-17,17.939789,-67.04021
22269.04944550932,16515.500650092345,178411.96556592893,280320.21117447986,MJ4,2021-06-17,17.973782,-67.06234
22269.04944550932,16411.97287583922,178411.96556592893,280320.21117447986,MJ3,2021-06-17,17.972672,-67.06536
23313.557417568947,16411.97287583922,178411.96556592893,280320.21117447986,MJ2,2021-06-17,17.968758,-67.076935
23313.557417568947,16411.97287583922,178411.96556592893,280320.21117447986,MJ1,2021-06-17,17.967564,-67.07653
19856.462114711747,18708.12027861212,178411.96556592893,280320.21117447986,L1,2021-06-17,17.943077,-67.05644
19856.462114711747,17522.172723984775,178114.5807262576,280320.21117447986,G1,2021-06-17,17.97034,-67.04777
19856.462114711747,18410.735438940803,178114.5807262576,280320.21117447986,E1,2021-06-17,17.954287,-67.050186
16595.421768749726,21327.15314010192,178114.5807262576,280320.21117447986,C3_West,2021-06-17,17.943748,-67.009384
16595.421768749726,21327.15314010192,178154.8754320673,280320.21117447986,C2_Center,2021-06-17,17.943632,-67.00623
16595.421768749726,21327.15314010192,178154.8754320673,280320.21117447986,C1_East,2021-06-17,17.944336,-67.002266
121201.43292034425,298091.20721936016,1614930.8132935553,2445571.679329086,MJ2,2021-06-24,17.968758,-67.076935
123431.19195325728,297756.8627052324,1615143.433718685,2445571.679329086,SC,2021-06-24,17.942287,-67.07675
113826.23971898094,302777.02113540337,1621175.2486415938,2445571.679329086,ML3,2021-06-24,17.9392,-67.04
113826.23971898094,302777.02113540337,1621175.2486415938,2445571.679329086,ML2,2021-06-24,17.9394,-67.04
113826.23971898094,302777.02113540337,1621175.2486415938,2445571.679329086,ML1,2021-06-24,17.939789,-67.04021
116207.67013455209,299397.38135940203,1617258.4336914024,2445571.679329086,MJ4,2021-06-24,17.973782,-67.06234
117332.25280914138,299397.38135940203,1615946.4754255146,2445571.679329086,MJ3,2021-06-24,17.972672,-67.06536
116017.31049415588,301355.8444432613,1620561.159323481,2445571.679329086,G1,2021-06-24,17.97034,-67.04777
117332.25280914136,298633.59869704704,1619463.3601631594,2445571.679329086,E1,2021-06-24,17.954287,-67.050186
101746.30521345243,304352.2207782899,1624520.387569836,2445571.679329086,C3_West,2021-06-24,17.943748,-67.009384
101746.30521345243,304352.2207782899,1624520.387569836,2445571.679329086,C2_Center,2021-06-24,17.943632,-67.00623
101848.20935648194,304352.2207782899,1624635.0754502078,2445571.679329086,C1_East,2021-06-24,17.944336,-67.002266
121201.43292034425,298238.0025369459,1614930.813293555,2445571.679329086,MJ1,2021-06-24,17.967564,-67.07653
120655.17719623806,298633.59869704704,1619074.5058969397,2445571.679329086,L1,2021-06-24,17.943077,-67.05644
291956.9688577048,653225.8899942923,1114204.5694302523,2018503.214846624,L1,2021-07-01,17.943077,-67.05644
292967.13912062766,649799.4687702568,1107654.151450666,2018503.214846624,G1,2021-07-01,17.97034,-67.04777
285772.9463031738,652995.7621570969,1111608.158669797,2018503.214846624,MJ1,2021-07-01,17.967564,-67.07653
286695.5302799101,653225.8899942922,1112465.2445761191,2018503.214846624,SC,2021-07-01,17.942287,-67.07675
293116.7972374325,650029.5966074521,1108963.4344790468,2018503.214846624,ML3,2021-07-01,17.9392,-67.04
293116.7972374325,650029.5966074521,1108963.4344790468,2018503.214846624,ML2,2021-07-01,17.9394,-67.04
290639.5418165806,652995.7621570969,1112383.311661651,2018503.214846624,MJ4,2021-07-01,17.973782,-67.06234
301413.7009558638,647393.4356730417,1107179.8429940606,2018503.214846624,C3_West,2021-07-01,17.943748,-67.009384
290943.70584956394,649799.4687702568,1108618.323312946,2018503.214846624,E1,2021-07-01,17.954287,-67.050186
303386.2107567496,647393.4356730416,1107179.8429940606,2018503.214846624,C2_Center,2021-07-01,17.943632,-67.00623
302960.4949693423,647393.4356730416,1107179.8429940606,2018503.214846624,C1_East,2021-07-01,17.944336,-67.002266
285533.9015106856,652995.7621570969,1111608.158669797,2018503.214846624,MJ2,2021-07-01,17.968758,-67.076935
287405.72901053715,652995.7621570969,1111608.158669797,2018503.214846624,MJ3,2021-07-01,17.972672,-67.06536
290264.0008384816,650029.5966074523,1108963.434479047,2018503.214846624,ML1,2021-07-01,17.939789,-67.04021
118395.88686632332,314071.01020104106,870657.5087096127,1338870.467824688,ML3,2021-07-08,17.9392,-67.04
126581.2557863102,317712.9080615262,876409.0924587421,1338870.467824688,MJ3,2021-07-08,17.972672,-67.06536
119762.48958197226,320798.40970321617,876414.0751686489,1338870.467824688,SC,2021-07-08,17.942287,-67.07675
118395.88686632332,314071.01020104106,870657.5087096125,1338870.467824688,ML1,2021-07-08,17.939789,-67.04021
118395.88686632332,314071.01020104106,870657.5087096127,1338870.467824688,ML2,2021-07-08,17.9394,-67.04
128097.36622044002,317712.90806152613,876409.0924587421,1338870.467824688,MJ4,2021-07-08,17.973782,-67.06234
127620.02748338992,317264.4938741002,876409.0924587421,1338870.467824688,MJ2,2021-07-08,17.968758,-67.076935
118797.7094663792,306716.8636965002,868866.3806104002,1338870.467824688,C3_West,2021-07-08,17.943748,-67.009384
120572.48615551522,314489.6031087318,868944.1490045082,1338870.467824688,E1,2021-07-08,17.954287,-67.050186
123338.4890533201,310506.9130832233,868944.149004508,1338870.467824688,G1,2021-07-08,17.97034,-67.04777
118629.39342900712,307000.3783027061,868866.3806104001,1338870.467824688,C1_East,2021-07-08,17.944336,-67.002266
118797.7094663792,306716.8636965002,868866.3806104002,1338870.467824688,C2_Center,2021-07-08,17.943632,-67.00623
118700.40006844216,321540.9363651818,876414.0751686489,1338870.467824688,L1,2021-07-08,17.943077,-67.05644
127002.56221408292,317264.4938741002,876409.0924587421,1338870.467824688,MJ1,2021-07-08,17.967564,-67.07653
444098.15362386056,565610.9979332528,1385147.1237978677,3553164.4429587955,MJ3,2021-07-22,17.972672,-67.06536
444623.8164638308,555538.0097739401,1385967.8516968456,3553164.4429587955,SC,2021-07-22,17.942287,-67.07675
448991.2728765552,527764.8778936338,1362377.1101319094,3553164.4429587955,ML3,2021-07-22,17.9392,-67.04
448991.2728765552,527764.8778936338,1362377.1101319094,3553164.4429587955,ML2,2021-07-22,17.9394,-67.04
448469.53888285055,527764.8778936338,1362377.1101319094,3553164.4429587955,ML1,2021-07-22,17.939789,-67.04021
443597.57247657486,562090.220440027,1380622.0962732155,3553164.4429587955,MJ2,2021-07-22,17.968758,-67.076935
443855.0667612521,565610.997933253,1385147.1237978677,3553164.4429587955,MJ4,2021-07-22,17.973782,-67.06234
446077.8933060034,559495.817833614,1389005.9605441585,3553164.4429587955,L1,2021-07-22,17.943077,-67.05644
444833.2362085746,531154.9786129426,1357099.728690128,3553164.4429587955,E1,2021-07-22,17.954287,-67.050186
448252.6748830922,516302.0569758629,1348691.9803785786,3553164.4429587955,C3_West,2021-07-22,17.943748,-67.009384
448527.3980329188,517777.5698696315,1349435.073623218,3553164.4429587955,C2_Center,2021-07-22,17.943632,-67.00623
447562.68269823,518381.7447874651,1350869.4238077854,3553164.4429587955,C1_East,2021-07-22,17.944336,-67.002266
442955.0822355253,562090.220440027,1382865.8699141203,3553164.4429587955,MJ1,2021-07-22,17.967564,-67.07653
444226.4712189171,536020.162909628,1356275.9908496332,3553164.4429587955,G1,2021-07-22,17.97034,-67.04777
393192.3555930534,423793.9358172784,1323424.0203109556,2487443.56000925,SC,2021-07-29,17.942287,-67.07675
386204.0272234556,427657.62146012817,1323116.0541090409,2487443.56000925,MJ3,2021-07-29,17.972672,-67.06536
387328.4397198058,414192.1185629708,1327454.626182018,2487443.56000925,ML3,2021-07-29,17.9392,-67.04
387328.4397198058,414192.1185629708,1327454.626182018,2487443.56000925,ML2,2021-07-29,17.9394,-67.04
389344.4637453122,424878.40618576633,1316188.0231973473,2487443.56000925,MJ1,2021-07-29,17.967564,-67.07653
387529.92613681767,414271.6386850833,1320844.7356826349,2487443.56000925,E1,2021-07-29,17.954287,-67.050186
387328.4397198058,414192.1185629707,1327454.626182018,2487443.56000925,ML1,2021-07-29,17.939789,-67.04021
389307.9204705469,424878.40618576633,1316103.238694622,2487443.56000925,MJ2,2021-07-29,17.968758,-67.076935
390418.2552579496,427611.01947729447,1333578.6771337106,2487443.56000925,L1,2021-07-29,17.943077,-67.05644
381257.377020358,405421.3261988076,1340634.2488172634,2487443.56000925,C3_West,2021-07-29,17.943748,-67.009384
381277.4052599877,405807.779130252,1342934.084936859,2487443.56000925,C2_Center,2021-07-29,17.943632,-67.00623
380291.3137492727,406464.9299709504,1343108.6205933215,2487443.56000925,C1_East,2021-07-29,17.944336,-67.002266
382884.7168368301,413917.44202458166,1321817.1344660262,2487443.56000925,G1,2021-07-29,17.97034,-67.04777
384155.3056486446,427657.62146012817,1325213.4437925562,2487443.56000925,MJ4,2021-07-29,17.973782,-67.06234
968903.3215707354,931504.683051454,3070195.621151581,5016565.706431552,MJ3,2021-08-05,17.972672,-67.06536
971304.9822195783,919786.8102743502,3070980.856146098,5016565.706431552,SC,2021-08-05,17.942287,-67.07675
957223.0862809388,908886.9617395912,3065340.486489738,5016565.706431552,ML3,2021-08-05,17.9392,-67.04
957223.0862809388,908886.9617395912,3065340.486489738,5016565.706431552,ML2,2021-08-05,17.9394,-67.04
956703.4779029666,908886.9617395912,3065340.486489738,5016565.706431552,ML1,2021-08-05,17.939789,-67.04021
971387.2670424016,932931.6769370504,3070256.788301466,5016565.706431552,MJ4,2021-08-05,17.973782,-67.06234
980375.8218252328,930247.4313713474,3066879.757504784,5016565.706431552,MJ2,2021-08-05,17.968758,-67.076935
978813.8672050884,930068.2188797778,3067799.133834888,5016565.706431552,MJ1,2021-08-05,17.967564,-67.07653
965143.6228923463,911060.0070517836,3060304.1094932905,5016565.706431552,E1,2021-08-05,17.954287,-67.050186
935498.8325647212,903452.4392738356,3063232.672404908,5016565.706431552,C3_West,2021-08-05,17.943748,-67.009384
933758.0861488832,903701.5033324306,3063494.852610225,5016565.706431552,C2_Center,2021-08-05,17.943632,-67.00623
929062.009106495,903859.216516199,3063494.852610226,5016565.706431552,C1_East,2021-08-05,17.944336,-67.002266
963371.9922317478,923516.9386654872,3077842.15556007,5016565.706431552,L1,2021-08-05,17.943077,-67.05644
968770.9523236308,918275.5973817344,3055961.120843116,5016565.706431552,G1,2021-08-05,17.97034,-67.04777
27765.24612812732,156352.00979794297,460741.0065025985,1033896.6963809564,ML2,2021-08-12,17.9394,-67.04
29977.46316724541,156352.00979794297,460741.0065025986,1033896.6963809564,ML1,2021-08-12,17.939789,-67.04021
29591.4823391472,159921.99146831635,464608.2463878018,1033896.6963809564,MJ3,2021-08-12,17.972672,-67.06536
27765.24612812732,156352.00979794297,460741.0065025985,1033896.6963809564,ML3,2021-08-12,17.9392,-67.04
29213.978291349424,159921.99146831635,464608.2463878018,1033896.6963809564,SC,2021-08-12,17.942287,-67.07675
31078.36632724524,159921.99146831635,464608.2463878018,1033896.6963809564,MJ4,2021-08-12,17.973782,-67.06234
29167.73200808045,159921.99146831635,464608.2463878018,1033896.6963809564,MJ2,2021-08-12,17.968758,-67.076935
29167.73200808045,159921.99146831635,464608.2463878018,1033896.6963809564,MJ1,2021-08-12,17.967564,-67.07653
30072.30991899333,154326.0813453507,457029.2655108596,1033896.6963809564,C1_East,2021-08-12,17.944336,-67.002266
30209.817158076665,153080.70680005878,457029.2655108596,1033896.6963809564,C3_West,2021-08-12,17.943748,-67.009384
31215.20930130289,156352.00979794297,460741.0065025985,1033896.6963809564,E1,2021-08-12,17.954287,-67.050186
31157.62186273216,156352.00979794297,460741.0065025986,1033896.6963809564,G1,2021-08-12,17.97034,-67.04777
30072.30991899333,153080.70680005878,457029.2655108596,1033896.6963809564,C2_Center,2021-08-12,17.943632,-67.00623
31368.853300383897,160219.24968314625,464608.2463878018,1033896.6963809564,L1,2021-08-12,17.943077,-67.05644
104800.33450299987,375148.4289520651,1310843.3841657448,1887232.473924768,G1,2021-08-19,17.97034,-67.04777
102908.45877308,381689.1044473158,1315908.693638959,1887232.473924768,MJ1,2021-08-19,17.967564,-67.07653
101395.26308165932,382915.0373949771,1316170.2755267646,1887232.473924768,SC,2021-08-19,17.942287,-67.07675
102934.40325611929,374532.84762096347,1313080.28376463,1887232.473924768,ML3,2021-08-19,17.9392,-67.04
102934.40325611929,374532.84762096347,1313080.28376463,1887232.473924768,ML1,2021-08-19,17.939789,-67.04021
105079.0323165701,373583.1298894502,1315183.5229766998,1887232.473924768,C3_West,2021-08-19,17.943748,-67.009384
102934.40325611929,374532.84762096347,1313080.28376463,1887232.473924768,ML2,2021-08-19,17.9394,-67.04
102934.40325611929,373726.691075368,1311825.4461847933,1887232.473924768,E1,2021-08-19,17.954287,-67.050186
105747.94420564968,375631.5042412796,1315183.5229766998,1887232.473924768,C2_Center,2021-08-19,17.943632,-67.00623
106026.9452348816,375739.53172469046,1316989.174425223,1887232.473924768,C1_East,2021-08-19,17.944336,-67.002266
101731.81274396184,384465.16353382025,1319666.5693716626,1887232.473924768,L1,2021-08-19,17.943077,-67.05644
104454.33749186824,381689.1044473158,1315908.6936389592,1887232.473924768,MJ2,2021-08-19,17.968758,-67.076935
102966.75953628209,383623.2879622632,1317417.2776110335,1887232.473924768,MJ4,2021-08-19,17.973782,-67.06234
102966.75953628209,383222.1732337119,1317072.922232582,1887232.473924768,MJ3,2021-08-19,17.972672,-67.06536
468021.2953610791,321867.6718977779,692361.8034575488,2153806.6276227767,MJ3,2021-08-26,17.972672,-67.06536
468344.82138231694,321867.6718977779,692361.8034575488,2153806.6276227767,MJ4,2021-08-26,17.973782,-67.06234
468197.9173614901,321626.4282096337,691366.6280531812,2153806.6276227767,MJ2,2021-08-26,17.968758,-67.076935
473923.7935235469,320908.67297284614,692149.0026810946,2153806.6276227767,SC,2021-08-26,17.942287,-67.07675
471583.7677222309,314003.15458058147,695884.1290700443,2153806.6276227767,ML3,2021-08-26,17.9392,-67.04
471583.7677222309,314003.15458058147,695884.1290700443,2153806.6276227767,ML2,2021-08-26,17.9394,-67.04
470452.9160838576,314003.15458058147,695884.1290700443,2153806.6276227767,ML1,2021-08-26,17.939789,-67.04021
467527.147028128,316342.7661596482,694990.2444729445,2153806.6276227767,G1,2021-08-26,17.97034,-67.04777
468253.1147976781,300865.8063209885,689182.447949483,2153806.6276227767,C3_West,2021-08-26,17.943748,-67.009384
469161.4700879735,300865.8063209885,689243.147385781,2153806.6276227767,C2_Center,2021-08-26,17.943632,-67.00623
469224.6696825727,301262.7617701896,689243.147385781,2153806.6276227767,C1_East,2021-08-26,17.944336,-67.002266
473949.28798115166,321234.2903155364,698035.4251346244,2153806.6276227767,L1,2021-08-26,17.943077,-67.05644
467418.5923098833,321626.42820963374,691366.6280531812,2153806.6276227767,MJ1,2021-08-26,17.967564,-67.07653
473505.1582039662,314099.1548584353,694881.3343280957,2153806.6276227767,E1,2021-08-26,17.954287,-67.050186
1081391.3968417563,1692799.5046884594,4106793.327890498,7849085.688694814,MJ3,2021-09-02,17.972672,-67.06536
1096190.896897018,1688367.679504255,4109024.42992672,7849085.688694814,SC,2021-09-02,17.942287,-67.07675
1077972.1231172024,1642029.4401052312,4069308.847034233,7849085.688694814,ML3,2021-09-02,17.9392,-67.04
1077972.1231172024,1642029.4401052312,4069308.847034233,7849085.688694814,ML2,2021-09-02,17.9394,-67.04
1077746.4572391864,1642029.4401052312,4069308.847034233,7849085.688694814,ML1,2021-09-02,17.939789,-67.04021
1082511.3020404233,1694027.0742849528,4109168.38930565,7849085.688694814,MJ4,2021-09-02,17.973782,-67.06234
1089915.7379658658,1687497.853385938,4101598.8326910953,7849085.688694814,MJ2,2021-09-02,17.968758,-67.076935
1089330.6626714102,1688477.1483424886,4102227.2686857022,7849085.688694814,MJ1,2021-09-02,17.967564,-67.07653
1082665.641946992,1636858.5311707696,4063603.263744517,7849085.688694814,E1,2021-09-02,17.954287,-67.050186
1080352.8085218242,1594387.9820283856,4013532.780678189,7849085.688694814,C3_West,2021-09-02,17.943748,-67.009384
1087466.17209961,1594928.472934744,4014645.946593452,7849085.688694814,C2_Center,2021-09-02,17.943632,-67.00623
1087280.963413557,1596949.488040252,4017821.528231637,7849085.688694814,C1_East,2021-09-02,17.944336,-67.002266
1086508.633360891,1700909.9731762824,4125898.137587105,7849085.688694814,L1,2021-09-02,17.943077,-67.05644
1083696.7613350642,1635262.727447108,4063014.458894575,7849085.688694814,G1,2021-09-02,17.97034,-67.04777
223154.82012743788,132566.2803279495,237406.70337432576,593904.861661853,MJ3,2021-09-16,17.972672,-67.06536
224210.49673977727,127068.12308549328,231368.11763464072,593904.861661853,ML2,2021-09-16,17.9394,-67.04
224210.49673977727,127068.12308549328,231368.11763464072,593904.861661853,ML1,2021-09-16,17.939789,-67.04021
224503.89185549648,132566.2803279495,237406.70337432576,593904.861661853,MJ4,2021-09-16,17.973782,-67.06234
224210.49673977727,127068.12308549328,231368.11763464072,593904.861661853,ML3,2021-09-16,17.9392,-67.04
221293.0875255445,132566.2803279495,237406.70337432576,593904.861661853,MJ2,2021-09-16,17.968758,-67.076935
221007.02135265368,133879.06223052694,237406.70337432576,593904.861661853,SC,2021-09-16,17.942287,-67.07675
224769.09632901376,133879.06223052694,237483.91386313093,593904.861661853,L1,2021-09-16,17.943077,-67.05644
223466.47831795213,118501.35277425748,226154.72532648765,593904.861661853,C1_East,2021-09-16,17.944336,-67.002266
224886.4426887137,126929.92191815114,229177.4027480408,593904.861661853,E1,2021-09-16,17.954287,-67.050186
224886.4426887137,125617.14001557374,229177.4027480408,593904.861661853,G1,2021-09-16,17.97034,-67.04777
223205.22453729296,118501.35277425748,226154.72532648765,593904.861661853,C2_Center,2021-09-16,17.943632,-67.00623
222441.61779898,118501.35277425744,226154.72532648765,593904.861661853,C3_West,2021-09-16,17.943748,-67.009384
221293.0875255445,132566.2803279495,237406.70337432576,593904.861661853,MJ1,2021-09-16,17.967564,-67.07653
917172.3056296482,1300487.8035979175,2086838.933555125,3429025.8637767723,ML1,2021-09-23,17.939789,-67.04021
912657.5800651571,1316553.4262064367,2119049.7900660075,3429025.8637767723,MJ4,2021-09-23,17.973782,-67.06234
915009.788861974,1323015.517513158,2119020.571128708,3429025.8637767723,SC,2021-09-23,17.942287,-67.07675
918664.6416247048,1300487.8035979173,2086838.933555125,3429025.8637767723,ML3,2021-09-23,17.9392,-67.04
918664.6416247048,1300487.8035979173,2086838.933555125,3429025.8637767723,ML2,2021-09-23,17.9394,-67.04
912150.5545349264,1316553.4262064367,2118472.475237326,3429025.8637767723,MJ3,2021-09-23,17.972672,-67.06536
909204.6665545068,1315518.0816630677,2113524.962430195,3429025.8637767723,MJ2,2021-09-23,17.968758,-67.076935
911755.718732501,1315801.112699414,2113571.22523557,3429025.8637767723,MJ1,2021-09-23,17.967564,-67.07653
916889.6374752856,1326383.603182652,2122148.6203534994,3429025.8637767723,L1,2021-09-23,17.943077,-67.05644
917770.806270479,1289368.8193269798,2083287.703285736,3429025.8637767723,E1,2021-09-23,17.954287,-67.050186
923849.5540958316,1272406.931873461,2054651.797308086,3429025.8637767723,C3_West,2021-09-23,17.943748,-67.009384
927027.1125164544,1272406.9318734608,2055657.0298749064,3429025.8637767723,C2_Center,2021-09-23,17.943632,-67.00623
927056.6848389856,1272406.9318734608,2056257.2541326743,3429025.8637767723,C1_East,2021-09-23,17.944336,-67.002266
913185.2139492345,1287744.362017129,2082578.259096076,3429025.8637767723,G1,2021-09-23,17.97034,-67.04777
454840.9164034231,673447.9613463366,1278776.011753267,2199644.447475178,SC,2021-09-30,17.942287,-67.07675
468905.8754626502,668794.1497135989,1279074.3042737795,2199644.447475178,MJ4,2021-09-30,17.973782,-67.06234
467643.6968635433,668794.1497135988,1278150.560299265,2199644.447475178,MJ3,2021-09-30,17.972672,-67.06536
448630.45092161366,664598.6252825754,1275347.340341365,2199644.447475178,ML1,2021-09-30,17.939789,-67.04021
449769.2266439552,664598.6252825754,1275347.340341365,2199644.447475178,ML3,2021-09-30,17.9392,-67.04
449769.2266439552,664598.6252825754,1275347.340341365,2199644.447475178,ML2,2021-09-30,17.9394,-67.04
468255.91505455377,667610.5370765774,1276440.019656474,2199644.447475178,MJ2,2021-09-30,17.968758,-67.076935
468255.91505455377,667610.5370765774,1276618.470449773,2199644.447475178,MJ1,2021-09-30,17.967564,-67.07653
469343.98400946177,653918.8388772266,1266818.2264400937,2199644.447475178,C2_Center,2021-09-30,17.943632,-67.00623
455576.4094703184,674586.614001575,1283877.515145964,2199644.447475178,L1,2021-09-30,17.943077,-67.05644
468409.6114086876,654727.8894178298,1268493.5467491406,2199644.447475178,C1_East,2021-09-30,17.944336,-67.002266
467562.8029100727,659416.2818288836,1271493.957745109,2199644.447475178,G1,2021-09-30,17.97034,-67.04777
465937.15994989936,653918.8388772266,1266818.2264400937,2199644.447475178,C3_West,2021-09-30,17.943748,-67.009384
460733.69640706,663879.3538285145,1272084.293672369,2199644.447475178,E1,2021-09-30,17.954287,-67.050186
8064.025169556382,11802.688631415074,33230.47153937069,101103.05608594416,MJ2,2021-10-07,17.968758,-67.076935
8064.025169556381,11802.688631415074,33230.47153937069,101103.05608594416,SC,2021-10-07,17.942287,-67.07675
8064.025169556381,11668.67224538653,33149.01459457341,101103.05608594416,ML3,2021-10-07,17.9392,-67.04
8064.025169556381,11668.67224538653,33149.01459457341,101103.05608594416,ML2,2021-10-07,17.9394,-67.04
8064.025169556381,11668.67224538653,33149.01459457341,101103.05608594416,ML1,2021-10-07,17.939789,-67.04021
8064.025169556382,11802.688631415074,33230.47153937069,101103.05608594416,MJ3,2021-10-07,17.972672,-67.06536
8064.025169556382,11802.688631415074,33230.47153937069,101103.05608594416,MJ4,2021-10-07,17.973782,-67.06234
8064.02516955638,11668.672245386526,33102.021560898145,101103.05608594416,E1,2021-10-07,17.954287,-67.050186
8064.025169556381,11802.688631415074,33236.0379469267,101103.05608594416,L1,2021-10-07,17.943077,-67.05644
8064.025169556381,11668.672245386526,34362.2651845192,101103.05608594416,C3_West,2021-10-07,17.943748,-67.009384
8064.025169556381,11668.67224538653,34362.2651845192,101103.05608594416,C2_Center,2021-10-07,17.943632,-67.00623
8064.025169556381,11668.67224538653,34362.2651845192,101103.05608594416,C1_East,2021-10-07,17.944336,-67.002266
8064.025169556382,11802.688631415074,33230.47153937069,101103.05608594416,MJ1,2021-10-07,17.967564,-67.07653
8064.025169556382,11668.672245386528,33102.021560898145,101103.05608594416,G1,2021-10-07,17.97034,-67.04777
51031.73760950324,12387.619885016822,72147.08136254961,125252.29017617642,SC,2021-10-14,17.942287,-67.07675
51396.133910758894,12387.619885016822,72147.08136254961,125252.29017617642,MJ4,2021-10-14,17.973782,-67.06234
51396.133910758894,12387.619885016822,72147.08136254961,125252.29017617642,MJ3,2021-10-14,17.972672,-67.06536
51396.1339107589,12387.619885016822,72147.08136254961,125252.29017617642,ML1,2021-10-14,17.939789,-67.04021
51396.1339107589,12387.619885016822,72147.08136254961,125252.29017617642,ML3,2021-10-14,17.9392,-67.04
51396.1339107589,12387.619885016822,72147.08136254961,125252.29017617642,ML2,2021-10-14,17.9394,-67.04
51396.133910758894,12387.619885016822,72147.08136254961,125252.29017617642,MJ2,2021-10-14,17.968758,-67.076935
51396.133910758894,12387.619885016822,72147.08136254961,125252.29017617642,MJ1,2021-10-14,17.967564,-67.07653
51781.33797690596,12387.619885016822,72147.08136254961,125252.29017617642,C2_Center,2021-10-14,17.943632,-67.00623
51377.71261764633,12387.619885016822,72147.08136254961,125252.29017617642,L1,2021-10-14,17.943077,-67.05644
51781.33797690596,12387.619885016822,72147.08136254961,125252.29017617642,C1_East,2021-10-14,17.944336,-67.002266
51781.33797690596,12387.619885016822,72147.08136254961,125252.29017617642,G1,2021-10-14,17.97034,-67.04777
51781.33797690596,12387.619885016822,72147.08136254961,125252.29017617642,C3_West,2021-10-14,17.943748,-67.009384
51396.133910758894,12387.619885016822,72147.08136254961,125252.29017617642,E1,2021-10-14,17.954287,-67.050186
260521.1533112071,319816.38486885984,547020.0111617317,1188186.8684735713,MJ2,2021-10-21,17.968758,-67.076935
261199.1560486128,318913.8349151162,549832.5010316164,1188186.8684735713,SC,2021-10-21,17.942287,-67.07675
267083.3747202753,311759.2026229729,553865.8755587438,1188186.8684735713,ML3,2021-10-21,17.9392,-67.04
267083.3747202753,311759.2026229729,553865.8755587438,1188186.8684735713,ML2,2021-10-21,17.9394,-67.04
265722.0864889251,311759.2026229729,553865.8755587438,1188186.8684735713,ML1,2021-10-21,17.939789,-67.04021
262025.63994488667,319816.38486885984,551875.8343637602,1188186.8684735713,MJ4,2021-10-21,17.973782,-67.06234
261586.92561434425,319816.38486885984,550578.452734489,1188186.8684735713,MJ3,2021-10-21,17.972672,-67.06536
266506.18087135523,311962.75981211977,548797.932107957,1188186.8684735713,G1,2021-10-21,17.97034,-67.04777
265395.2186226317,311962.75981211977,549324.7299454899,1188186.8684735713,E1,2021-10-21,17.954287,-67.050186
274697.5466853486,309368.50981729047,560568.5267562121,1188186.8684735713,C3_West,2021-10-21,17.943748,-67.009384
276813.0895944341,309368.50981729047,560838.0284000171,1188186.8684735713,C2_Center,2021-10-21,17.943632,-67.00623
277252.2960968493,309368.50981729047,563452.606463042,1188186.8684735713,C1_East,2021-10-21,17.944336,-67.002266
259266.27886195653,319816.38486885984,547020.0111617317,1188186.8684735713,MJ1,2021-10-21,17.967564,-67.07653
263680.8985877931,319514.0764990666,556922.980799238,1188186.8684735713,L1,2021-10-21,17.943077,-67.05644
257066.45051166005,278879.85094422265,434548.20886573446,962070.50530521,MJ4,2021-10-28,17.973782,-67.06234
255394.51776753136,277838.0718238972,431884.2080728148,962070.50530521,MJ2,2021-10-28,17.968758,-67.076935
256466.37843546088,278867.1740249949,433867.99565304304,962070.50530521,MJ3,2021-10-28,17.972672,-67.06536
253464.2730365491,277640.6173314169,433577.86926035,962070.50530521,SC,2021-10-28,17.942287,-67.07675
259466.9516482642,270546.9169594039,429498.24501523306,962070.50530521,ML3,2021-10-28,17.9392,-67.04
259466.95164826425,270546.9169594039,429498.24501523306,962070.50530521,ML2,2021-10-28,17.9394,-67.04
258456.3585370478,270546.9169594039,429498.2450152331,962070.50530521,ML1,2021-10-28,17.939789,-67.04021
264703.4013263208,268525.4096315753,431986.2447379784,962070.50530521,C3_West,2021-10-28,17.943748,-67.009384
257919.68084067607,269535.0422893065,425898.9604015061,962070.50530521,E1,2021-10-28,17.954287,-67.050186
266030.3758985606,268546.47478646686,431986.2447379784,962070.50530521,C2_Center,2021-10-28,17.943632,-67.00623
266261.4339910652,268546.47478646686,434647.6316904608,962070.50530521,C1_East,2021-10-28,17.944336,-67.002266
253958.06951927705,277956.9559719155,431884.2080728148,962070.50530521,MJ1,2021-10-28,17.967564,-67.07653
256323.85457402136,280146.7553077509,437234.7130020053,962070.50530521,L1,2021-10-28,17.943077,-67.05644
259453.97094538205,269949.3296564211,425583.88928235736,962070.50530521,G1,2021-10-28,17.97034,-67.04777
197343.0215309389,231470.64703166485,271048.72800304746,469921.4485752016,MJ2,2021-11-04,17.968758,-67.076935
194304.04256587004,231470.64703166485,271259.1414972463,469921.4485752016,SC,2021-11-04,17.942287,-67.07675
199454.6956152128,225513.43463334205,266202.4521025119,469921.4485752016,ML3,2021-11-04,17.9392,-67.04
199454.6956152128,225513.43463334205,266202.4521025119,469921.4485752016,ML2,2021-11-04,17.9394,-67.04
199619.4893882273,225513.43463334205,266202.4521025119,469921.4485752016,ML1,2021-11-04,17.939789,-67.04021
199483.86935957248,231470.64703166485,271259.1414972463,469921.4485752016,MJ3,2021-11-04,17.972672,-67.06536
199748.57007895343,231470.64703166488,271259.1414972463,469921.4485752016,MJ4,2021-11-04,17.973782,-67.06234
199745.24122463813,225513.43463334205,266137.3597901592,469921.4485752016,E1,2021-11-04,17.954287,-67.050186
197842.91055952245,231470.64703166485,272094.57218848204,469921.4485752016,L1,2021-11-04,17.943077,-67.05644
204942.84867741744,224704.3642711753,265393.3817403452,469921.4485752016,C3_West,2021-11-04,17.943748,-67.009384
205850.12870965755,224704.3642711753,265393.38174034515,469921.4485752016,C2_Center,2021-11-04,17.943632,-67.00623
205850.12870965755,224704.3642711753,265393.3817403452,469921.4485752016,C1_East,2021-11-04,17.944336,-67.002266
196092.53591247488,231470.64703166485,271048.72800304746,469921.4485752016,MJ1,2021-11-04,17.967564,-67.07653
202729.9870437758,225513.43463334205,266137.3597901592,469921.4485752016,G1,2021-11-04,17.97034,-67.04777
206502.9742259429,391858.64720136713,591395.4221755535,1082169.9182683143,SC,2021-11-11,17.942287,-67.07675
211451.77378585865,392180.5536998256,592551.2784689779,1082169.9182683143,MJ4,2021-11-11,17.973782,-67.06234
210554.2084243999,392112.8271418026,592378.8808308758,1082169.9182683143,MJ3,2021-11-11,17.972672,-67.06536
213482.3975724504,388051.6474470896,592194.4975124777,1082169.9182683143,ML1,2021-11-11,17.939789,-67.04021
214998.7659095918,388051.6474470896,592194.4975124776,1082169.9182683143,ML3,2021-11-11,17.9392,-67.04
214998.7659095918,388051.6474470896,592194.4975124776,1082169.9182683143,ML2,2021-11-11,17.9394,-67.04
208731.7233493637,391982.8306130885,591314.7041854908,1082169.9182683143,MJ2,2021-11-11,17.968758,-67.076935
207547.38301752764,391982.8306130885,591314.7041854908,1082169.9182683143,MJ1,2021-11-11,17.967564,-67.07653
221340.8387281739,386736.1722591625,595831.4438719602,1082169.9182683143,C2_Center,2021-11-11,17.943632,-67.00623
210685.54006224507,392069.9551441108,594319.499786868,1082169.9182683143,L1,2021-11-11,17.943077,-67.05644
221523.8536506556,386834.0825680058,597648.4575071802,1082169.9182683143,C1_East,2021-11-11,17.944336,-67.002266
214475.35240906363,388162.24600280426,590336.266261991,1082169.9182683143,G1,2021-11-11,17.97034,-67.04777
219952.58245059985,386736.1722591625,595732.2717283553,1082169.9182683143,C3_West,2021-11-11,17.943748,-67.009384
212644.63850355268,388039.1163828185,590898.553509991,1082169.9182683143,E1,2021-11-11,17.954287,-67.050186
90884.92728184974,161231.14285928785,281606.23842757446,473107.5040928575,MJ2,2021-11-18,17.968758,-67.076935
90890.33302416754,161234.2015464481,281946.5350389441,473107.5040928575,SC,2021-11-18,17.942287,-67.07675
93250.90946653824,161657.52732582318,279876.37545758864,473107.5040928575,ML3,2021-11-18,17.9392,-67.04
93250.90946653824,161657.52732582318,279876.37545758864,473107.5040928575,ML2,2021-11-18,17.9394,-67.04
92398.8427421748,161657.52732582318,279661.1529349261,473107.5040928575,ML1,2021-11-18,17.939789,-67.04021
92168.11860082608,162276.99970692067,281920.161977355,473107.5040928575,MJ4,2021-11-18,17.973782,-67.06234
91684.8165968678,162101.97043353764,281811.27465197333,473107.5040928575,MJ3,2021-11-18,17.972672,-67.06536
92208.71247450435,161143.09030683606,278760.75509569386,473107.5040928575,G1,2021-11-18,17.97034,-67.04777
92641.78633880244,161143.09030683606,278760.7550956939,473107.5040928575,E1,2021-11-18,17.954287,-67.050186
95859.31857047426,163662.97041771532,280089.83460453147,473107.5040928575,C3_West,2021-11-18,17.943748,-67.009384
97009.92382695028,163662.97041771532,280201.1662027473,473107.5040928575,C2_Center,2021-11-18,17.943632,-67.00623
96783.4569937589,163701.74409336052,280728.91252172773,473107.5040928575,C1_East,2021-11-18,17.944336,-67.002266
90884.92728184974,161231.14285928785,281606.23842757446,473107.5040928575,MJ1,2021-11-18,17.967564,-67.07653
92641.78633880244,163899.13138787134,282279.3340969308,473107.5040928575,L1,2021-11-18,17.943077,-67.05644
122145.15132107458,133815.00792400195,325225.7087345327,788436.3635275724,MJ4,2021-11-25,17.973782,-67.06234
122145.15132107458,133815.00792400195,324761.94003856566,788436.3635275724,MJ3,2021-11-25,17.972672,-67.06536
122037.55785148028,133928.00761344004,324837.8745657961,788436.3635275724,SC,2021-11-25,17.942287,-67.07675
123382.01728061732,127849.7520344638,324970.57934876205,788436.3635275724,ML3,2021-11-25,17.9392,-67.04
123382.0172806173,127849.7520344638,324970.57934876205,788436.3635275724,ML2,2021-11-25,17.9394,-67.04
123382.01728061732,127849.7520344638,324970.57934876205,788436.3635275724,ML1,2021-11-25,17.939789,-67.04021
122145.15132107456,133815.00792400195,323249.0214286113,788436.3635275724,MJ2,2021-11-25,17.968758,-67.076935
122037.5578514803,133815.00792400195,323249.0214286113,788436.3635275724,MJ1,2021-11-25,17.967564,-67.07653
122491.03961061528,127640.82218741336,321315.65036706364,788436.3635275724,G1,2021-11-25,17.97034,-67.04777
122214.9992713795,127582.92383673872,321470.4722381145,788436.3635275724,E1,2021-11-25,17.954287,-67.050186
127809.24103622952,124078.16059175592,325287.875773904,788436.3635275724,C3_West,2021-11-25,17.943748,-67.009384
127809.24103622952,124078.69837893614,325287.875773904,788436.3635275724,C2_Center,2021-11-25,17.943632,-67.00623
127809.24103622952,124078.69837893614,326870.6847868042,788436.3635275724,C1_East,2021-11-25,17.944336,-67.002266
122317.23460016472,134231.03292573892,328489.8920087228,788436.3635275724,L1,2021-11-25,17.943077,-67.05644
84468.31932198386,116500.7021972191,185963.7131721365,431103.410894969,SC,2021-12-02,17.942287,-67.07675
86320.06734509867,110878.06084101376,179707.81335003366,431103.410894969,ML3,2021-12-02,17.9392,-67.04
86320.06734509867,110878.06084101376,179707.81335003366,431103.410894969,ML2,2021-12-02,17.9394,-67.04
85410.16706135885,110878.06084101376,179707.81335003366,431103.410894969,ML1,2021-12-02,17.939789,-67.04021
83904.36554483837,116500.70219721911,185846.65341580444,431103.410894969,MJ4,2021-12-02,17.973782,-67.06234
83904.36554483837,116500.70219721911,185846.65341580444,431103.410894969,MJ3,2021-12-02,17.972672,-67.06536
84300.91995843592,116500.70219721911,185846.65341580444,431103.410894969,MJ2,2021-12-02,17.968758,-67.076935
83516.70518997022,116500.70219721911,185846.65341580444,431103.410894969,MJ1,2021-12-02,17.967564,-67.07653
84625.95229289314,116500.7021972191,186131.7943966385,431103.410894969,L1,2021-12-02,17.943077,-67.05644
84971.22017887684,110878.06084101376,179488.38064618682,431103.410894969,G1,2021-12-02,17.97034,-67.04777
84458.5529293452,110878.06084101376,179488.38064618682,431103.410894969,E1,2021-12-02,17.954287,-67.050186
87612.63661301762,107027.79464970058,176374.60198724526,431103.410894969,C3_West,2021-12-02,17.943748,-67.009384
87927.8041065665,107027.79464970056,176374.6019872453,431103.410894969,C2_Center,2021-12-02,17.943632,-67.00623
87927.80410656649,107027.79464970058,176374.6019872453,431103.410894969,C1_East,2021-12-02,17.944336,-67.002266
17727.476094972906,19069.440601504968,40376.35491948421,120590.54440863332,SC,2021-12-09,17.942287,-67.07675
15990.552297720713,19344.76695630421,43637.102213525606,120590.54440863332,ML3,2021-12-09,17.9392,-67.04
15990.552297720713,19344.76695630421,43637.102213525606,120590.54440863332,ML2,2021-12-09,17.9394,-67.04
15990.552297720713,19344.76695630421,43637.102213525606,120590.54440863332,ML1,2021-12-09,17.939789,-67.04021
17117.605990055457,19344.766956304207,40376.35491948421,120590.54440863332,MJ4,2021-12-09,17.973782,-67.06234
17117.605990055457,19344.766956304207,40376.35491948421,120590.54440863332,MJ3,2021-12-09,17.972672,-67.06536
17727.47609497291,19344.766956304207,38535.08140968881,120590.54440863332,MJ2,2021-12-09,17.968758,-67.076935
17727.47609497291,19344.766956304207,38535.08140968881,120590.54440863332,MJ1,2021-12-09,17.967564,-67.07653
17117.605990055457,19344.76695630421,43250.81331071883,120590.54440863332,L1,2021-12-09,17.943077,-67.05644
17117.605990055457,19344.766956304207,43250.81331071883,120590.54440863332,G1,2021-12-09,17.97034,-67.04777
17117.605990055457,19344.766956304207,43250.81331071883,120590.54440863332,E1,2021-12-09,17.954287,-67.050186
15441.215557042182,19344.76695630421,45723.38591362671,120590.54440863332,C3_West,2021-12-09,17.943748,-67.009384
15441.21555704218,19344.76695630421,45723.38591362671,120590.54440863332,C2_Center,2021-12-09,17.943632,-67.00623
15441.215557042182,19344.76695630421,45723.38591362671,120590.54440863332,C1_East,2021-12-09,17.944336,-67.002266
92493.72475636554,32206.90805328582,44611.41690407066,316659.57995938533,SC,2021-12-16,17.942287,-67.07675
88360.51463134878,25584.075482189004,39420.021960693535,316659.57995938533,ML3,2021-12-16,17.9392,-67.04
88360.51463134878,25584.075482189004,39420.021960693535,316659.57995938533,ML2,2021-12-16,17.9394,-67.04
90883.1204872369,25584.075482189004,39420.02196069353,316659.57995938533,ML1,2021-12-16,17.939789,-67.04021
92552.24377815444,32206.90805328582,44611.41690407066,316659.57995938533,MJ4,2021-12-16,17.973782,-67.06234
92552.24377815446,32206.90805328582,44611.41690407066,316659.57995938533,MJ3,2021-12-16,17.972672,-67.06536
92683.99176768844,32206.90805328582,44245.02550043227,316659.57995938533,MJ2,2021-12-16,17.968758,-67.076935
92683.99176768844,32206.90805328582,44245.02550043227,316659.57995938533,MJ1,2021-12-16,17.967564,-67.07653
92192.19787206213,32206.90805328582,45171.14682853549,316659.57995938533,L1,2021-12-16,17.943077,-67.05644
92028.37012349578,25584.075482189,38439.391167911366,316659.57995938533,G1,2021-12-16,17.97034,-67.04777
92028.37012349578,25584.075482189,38763.68183229868,316659.57995938533,E1,2021-12-16,17.954287,-67.050186
87826.8031076409,24657.65764488671,40958.98652371256,316659.57995938533,C3_West,2021-12-16,17.943748,-67.009384
87826.8031076409,24657.65764488671,40958.98652371256,316659.57995938533,C2_Center,2021-12-16,17.943632,-67.00623
87826.8031076409,24657.657644886705,41407.371947954016,316659.57995938533,C1_East,2021-12-16,17.944336,-67.002266
176887.31307762908,331639.9400604021,511793.99539879686,1110075.825233996,G1,2022-01-13,17.97034,-67.04777
170467.1046863803,336145.52568604937,514171.28445401776,1110075.825233996,SC,2022-01-13,17.942287,-67.07675
171873.68991119778,332167.0798128159,514333.7294298074,1110075.825233996,ML3,2022-01-13,17.9392,-67.04
171873.68991119778,332167.0798128159,514333.7294298074,1110075.825233996,ML2,2022-01-13,17.9394,-67.04
173991.40770480884,332167.0798128159,514333.7294298074,1110075.825233996,ML1,2022-01-13,17.939789,-67.04021
173031.10886457766,335895.9728923113,514171.2844540178,1110075.825233996,MJ3,2022-01-13,17.972672,-67.06536
171663.38057634316,335935.5894042698,512864.0371999081,1110075.825233996,MJ1,2022-01-13,17.967564,-67.07653
173992.82241800817,331849.8763421817,511853.66873470217,1110075.825233996,E1,2022-01-13,17.954287,-67.050186
172697.71478344922,336534.4908486821,516473.3729609864,1110075.825233996,L1,2022-01-13,17.943077,-67.05644
177516.48904594587,331376.45585198695,514970.4387407265,1110075.825233996,C3_West,2022-01-13,17.943748,-67.009384
178963.2157860354,331376.455851987,514970.4387407266,1110075.825233996,C2_Center,2022-01-13,17.943632,-67.00623
178963.2157860354,331376.45585198695,514970.4387407266,1110075.825233996,C1_East,2022-01-13,17.944336,-67.002266
172277.82508559595,335935.5894042698,512864.0371999081,1110075.825233996,MJ2,2022-01-13,17.968758,-67.076935
173649.34819833835,335895.9728923112,514172.1771863893,1110075.825233996,MJ4,2022-01-13,17.973782,-67.06234
169112.2557072305,264909.62796438264,415799.5818945248,777625.4254476473,MJ2,2022-01-20,17.968758,-67.076935
167205.81384515355,264909.62796438264,415799.5818945248,777625.4254476473,SC,2022-01-20,17.942287,-67.07675
173817.61568626043,261838.34029173185,413392.4725670014,777625.4254476473,ML3,2022-01-20,17.9392,-67.04
173817.61568626043,261838.34029173185,413392.4725670014,777625.4254476473,ML2,2022-01-20,17.9394,-67.04
172587.153338785,261838.34029173187,413392.4725670014,777625.4254476473,ML1,2022-01-20,17.939789,-67.04021
171364.20475414235,264909.62796438264,415814.22387503576,777625.4254476473,MJ3,2022-01-20,17.972672,-67.06536
171918.39774972253,264909.62796438264,415983.0079973594,777625.4254476473,MJ4,2022-01-20,17.973782,-67.06234
172645.7620993016,261222.27606974263,412764.6097702169,777625.4254476473,E1,2022-01-20,17.954287,-67.050186
171111.58470662177,265543.24725370365,416902.15485134337,777625.4254476473,L1,2022-01-20,17.943077,-67.05644
178956.95697258794,262179.5375003541,413268.5379482255,777625.4254476473,C3_West,2022-01-20,17.943748,-67.009384
179991.12026443536,262179.53750035405,413268.5379482255,777625.4254476473,C2_Center,2022-01-20,17.943632,-67.00623
179971.1560799203,262179.53750035405,413523.484444188,777625.4254476473,C1_East,2022-01-20,17.944336,-67.002266
168296.62127546628,264909.62796438264,415799.5818945248,777625.4254476473,MJ1,2022-01-20,17.967564,-67.07653
174938.20173250983,261222.2760697427,412764.60977021686,777625.4254476473,G1,2022-01-20,17.97034,-67.04777
61137.79015677694,101650.79407465868,253581.53394162943,622084.3885053577,ML3,2022-01-27,17.9392,-67.04
61092.918376048765,102719.69637289076,251072.1679987561,622084.3885053577,MJ3,2022-01-27,17.972672,-67.06536
60614.44487938394,102701.5455611896,250906.74909676088,622084.3885053577,SC,2022-01-27,17.942287,-67.07675
61092.918376048765,101650.79407465868,253581.53394162943,622084.3885053577,ML1,2022-01-27,17.939789,-67.04021
61137.79015677694,101650.79407465868,253581.53394162943,622084.3885053577,ML2,2022-01-27,17.9394,-67.04
61092.918376048765,102719.69637289076,251072.1679987561,622084.3885053577,MJ4,2022-01-27,17.973782,-67.06234
61092.918376048765,102701.5455611896,249825.19496749176,622084.3885053577,MJ2,2022-01-27,17.968758,-67.076935
61695.03802422815,100067.19009354088,256807.5425666865,622084.3885053577,C3_West,2022-01-27,17.943748,-67.009384
61092.91837604877,101650.79407465868,251085.2042359477,622084.3885053577,E1,2022-01-27,17.954287,-67.050186
61092.91837604877,101650.79407465868,251009.07480702148,622084.3885053577,G1,2022-01-27,17.97034,-67.04777
61695.03802422814,100067.19009354088,257357.4101409635,622084.3885053577,C1_East,2022-01-27,17.944336,-67.002266
61695.03802422815,100067.19009354088,256807.5425666865,622084.3885053577,C2_Center,2022-01-27,17.943632,-67.00623
60614.44487938395,102719.69637289076,252046.62970136752,622084.3885053577,L1,2022-01-27,17.943077,-67.05644
60614.44487938395,102701.5455611896,249864.25935816992,622084.3885053577,MJ1,2022-01-27,17.967564,-67.07653
212591.0544233853,172530.77304867093,443939.5070339366,987982.185981709,MJ3,2022-02-03,17.972672,-67.06536
210042.503193728,173037.15249601688,443768.27096552175,987982.185981709,SC,2022-02-03,17.942287,-67.07675
211566.1235016415,168529.67705743635,440475.1364110315,987982.185981709,ML3,2022-02-03,17.9392,-67.04
211566.1235016415,168529.67705743635,440475.1364110315,987982.185981709,ML2,2022-02-03,17.9394,-67.04
211047.43383325773,168529.67705743635,440475.1364110315,987982.185981709,ML1,2022-02-03,17.939789,-67.04021
211437.108213292,172530.77304867093,443768.2709655217,987982.185981709,MJ2,2022-02-03,17.968758,-67.076935
212658.85483632528,172530.77304867093,443966.57593861385,987982.185981709,MJ4,2022-02-03,17.973782,-67.06234
211558.38477921643,173037.15249601688,446187.00302164885,987982.185981709,L1,2022-02-03,17.943077,-67.05644
211999.68310690223,168529.67705743635,440303.4833538993,987982.185981709,E1,2022-02-03,17.954287,-67.050186
213272.45319709976,166303.0749030458,443860.56264824857,987982.185981709,C3_West,2022-02-03,17.943748,-67.009384
213818.0216597645,166303.07490304584,443860.56264824857,987982.185981709,C2_Center,2022-02-03,17.943632,-67.00623
213724.5535684779,166303.0749030458,444989.0603631034,987982.185981709,C1_East,2022-02-03,17.944336,-67.002266
210674.29820269367,172530.77304867093,443768.27096552175,987982.185981709,MJ1,2022-02-03,17.967564,-67.07653
212843.214265866,168023.29761009043,440235.1655944224,987982.185981709,G1,2022-02-03,17.97034,-67.04777
140402.7697850101,139795.79894962508,311225.7091852433,650021.0534555867,ML2,2022-02-10,17.9394,-67.04
140258.46851201085,138295.52051429165,310800.3316728411,650021.0534555867,MJ3,2022-02-10,17.972672,-67.06536
140211.23274441212,138295.52051429165,310800.3316728411,650021.0534555867,MJ4,2022-02-10,17.973782,-67.06234
139829.71578328722,138764.1015939598,310049.8446155452,650021.0534555867,SC,2022-02-10,17.942287,-67.07675
140402.7697850101,139795.79894962508,311225.7091852433,650021.0534555867,ML3,2022-02-10,17.9392,-67.04
140258.46851201082,138295.52051429165,309656.50783197174,650021.0534555867,MJ2,2022-02-10,17.968758,-67.076935
140258.46851201082,139795.79894962508,311225.7091852433,650021.0534555867,ML1,2022-02-10,17.939789,-67.04021
139829.71578328722,139728.8550757996,311248.6524777929,650021.0534555867,L1,2022-02-10,17.943077,-67.05644
140520.50655475951,140916.3210389954,312329.02316738176,650021.0534555867,C3_West,2022-02-10,17.943748,-67.009384
140553.19253660046,140916.3210389954,312329.02316738176,650021.0534555867,C2_Center,2022-02-10,17.943632,-67.00623
140553.19253660046,140916.3210389954,312990.9069139388,650021.0534555867,C1_East,2022-02-10,17.944336,-67.002266
140258.46851201082,138295.52051429165,309656.50783197174,650021.0534555867,MJ1,2022-02-10,17.967564,-67.07653
140258.46851201082,139057.8440082113,310854.6726621035,650021.0534555867,E1,2022-02-10,17.954287,-67.050186
140211.23274441215,138368.8648776044,310807.0736883297,650021.0534555867,G1,2022-02-10,17.97034,-67.04777
137826.8749310264,52335.00704212178,243866.6006146184,541679.7660990909,MJ3,2022-02-17,17.972672,-67.06536
137648.69408573562,52628.93383721086,243876.3929593827,541679.7660990909,SC,2022-02-17,17.942287,-67.07675
138066.9967312274,49342.44285916251,242395.2287690464,541679.7660990909,ML3,2022-02-17,17.9392,-67.04
138066.9967312274,49342.44285916251,242395.2287690464,541679.7660990909,ML2,2022-02-17,17.9394,-67.04
138066.9967312274,49342.44285916251,242395.22876904643,541679.7660990909,ML1,2022-02-17,17.939789,-67.04021
138066.99673122744,52443.31013386029,244003.37497376825,541679.7660990909,MJ4,2022-02-17,17.973782,-67.06234
137648.69408573562,52308.55902834397,242983.9410698767,541679.7660990909,MJ2,2022-02-17,17.968758,-67.076935
137648.69408573562,52308.55902834397,242983.9410698767,541679.7660990909,MJ1,2022-02-17,17.967564,-67.07653
138066.9967312274,49134.8149364244,240197.6335007752,541679.7660990909,E1,2022-02-17,17.954287,-67.050186
138793.15189615337,48852.73822230202,242850.5179464371,541679.7660990909,C3_West,2022-02-17,17.943748,-67.009384
139092.88063641783,48852.73822230202,243092.7094192236,541679.7660990909,C2_Center,2022-02-17,17.943632,-67.00623
139092.88063641783,48934.47211842169,243531.6150045154,541679.7660990909,C1_East,2022-02-17,17.944336,-67.002266
138066.9967312274,53407.896494273824,245550.5911362728,541679.7660990909,L1,2022-02-17,17.943077,-67.05644
138066.9967312274,49112.07520711312,240165.1251685837,541679.7660990909,G1,2022-02-17,17.97034,-67.04777
314750.8405022682,342921.27663607424,740706.8781800828,1325180.4478100543,MJ3,2022-02-24,17.972672,-67.06536
310638.12501538184,341787.4671577252,742397.1869757463,1325180.4478100543,SC,2022-02-24,17.942287,-67.07675
314040.20895213366,335678.42606440035,735701.93662492,1325180.4478100543,ML1,2022-02-24,17.939789,-67.04021
312445.4398939193,341678.644077155,740140.8727539148,1325180.4478100543,MJ1,2022-02-24,17.967564,-67.07653
313751.97371316724,335678.42606440035,735701.93662492,1325180.4478100543,ML2,2022-02-24,17.9394,-67.04
316303.92458205484,333498.77010971686,731256.5136474819,1325180.4478100543,C2_Center,2022-02-24,17.943632,-67.00623
313751.97371316724,335678.42606440035,735701.93662492,1325180.4478100543,ML3,2022-02-24,17.9392,-67.04
312682.07764054264,341678.644077155,740140.8727539148,1325180.4478100543,MJ2,2022-02-24,17.968758,-67.076935
316394.84335159225,333864.42276149354,731256.5136474819,1325180.4478100543,C1_East,2022-02-24,17.944336,-67.002266
315714.9985523795,333772.1027215744,733044.5051662263,1325180.4478100543,G1,2022-02-24,17.97034,-67.04777
314750.8405022682,343420.9719189676,740706.8781800828,1325180.4478100543,MJ4,2022-02-24,17.973782,-67.06234
314323.1964221555,344111.4486872782,744144.4048227158,1325180.4478100543,L1,2022-02-24,17.943077,-67.05644
315711.3152891885,333498.77010971686,731256.5136474819,1325180.4478100543,C3_West,2022-02-24,17.943748,-67.009384
314948.4232129438,333573.96422406554,733157.7089330036,1325180.4478100543,E1,2022-02-24,17.954287,-67.050186
75619.61287016803,279908.700381504,607910.527867878,1005667.009083798,MJ3,2022-03-03,17.972672,-67.06536
75516.34370828609,279505.2433436755,607773.2812378345,1005667.009083798,SC,2022-03-03,17.942287,-67.07675
76523.805379642,275163.0928107604,600436.7011148337,1005667.009083798,ML3,2022-03-03,17.9392,-67.04
76523.805379642,275163.0928107604,600436.7011148337,1005667.009083798,ML2,2022-03-03,17.9394,-67.04
75681.8936010788,275163.0928107604,600436.7011148337,1005667.009083798,ML1,2022-03-03,17.939789,-67.04021
75471.98920102033,278761.359881834,607837.4150053047,1005667.009083798,MJ2,2022-03-03,17.968758,-67.076935
75681.8936010788,279910.67131883145,607910.527867878,1005667.009083798,MJ4,2022-03-03,17.973782,-67.06234
75681.8936010788,280519.69915653183,608118.844076011,1005667.009083798,L1,2022-03-03,17.943077,-67.05644
75681.8936010788,274448.48584433773,600277.6121998711,1005667.009083798,E1,2022-03-03,17.954287,-67.050186
78452.00554404467,275373.12724227743,598652.6039155655,1005667.009083798,C3_West,2022-03-03,17.943748,-67.009384
78637.27262006364,275373.12724227743,598652.6039155655,1005667.009083798,C2_Center,2022-03-03,17.943632,-67.00623
78637.27262006364,275604.1545813391,598652.6039155655,1005667.009083798,C1_East,2022-03-03,17.944336,-67.002266
75471.98920102033,278761.359881834,607837.4150053049,1005667.009083798,MJ1,2022-03-03,17.967564,-67.07653
76254.9753672651,273640.247910171,600436.7011148338,1005667.009083798,G1,2022-03-03,17.97034,-67.04777
6410.120227418956,26049.201471897013,270469.020506656,392166.918582373,MJ3,2022-03-10,17.972672,-67.06536
6410.120227418955,30701.29215598086,270695.1495685613,392166.918582373,SC,2022-03-10,17.942287,-67.07675
6500.3318595299415,32067.94591539245,270568.6660435657,392166.918582373,ML3,2022-03-10,17.9392,-67.04
6500.331859529943,32067.94591539245,270568.6660435657,392166.918582373,ML2,2022-03-10,17.9394,-67.04
6410.120227418955,31433.712287208768,270568.6660435657,392166.918582373,ML1,2022-03-10,17.939789,-67.04021
6410.120227418956,26049.201471897013,270469.020506656,392166.918582373,MJ4,2022-03-10,17.973782,-67.06234
6410.120227418956,25904.348552993444,270469.020506656,392166.918582373,MJ2,2022-03-10,17.968758,-67.076935
6410.120227418955,25904.34855299344,270469.020506656,392166.918582373,MJ1,2022-03-10,17.967564,-67.07653
6410.120227418957,30053.6084656144,270568.6660435658,392166.918582373,E1,2022-03-10,17.954287,-67.050186
7448.834841084511,31651.692813633505,270860.51801216457,392166.918582373,C3_West,2022-03-10,17.943748,-67.009384
7674.769628035985,32599.84159707285,270860.51801216457,392166.918582373,C2_Center,2022-03-10,17.943632,-67.00623
7674.769628035985,32599.841597072853,270919.1796892071,392166.918582373,C1_East,2022-03-10,17.944336,-67.002266
6410.120227418957,31918.87607325241,271361.2026528358,392166.918582373,L1,2022-03-10,17.943077,-67.05644
6410.120227418956,27471.905972711804,271048.8383984009,392166.918582373,G1,2022-03-10,17.97034,-67.04777
96976.82272058509,206934.5540023049,757081.82569413,1103896.6789763751,MJ2,2022-03-17,17.968758,-67.076935
94998.58314213603,217408.30245207853,756915.212880456,1103896.6789763751,SC,2022-03-17,17.942287,-67.07675
97832.42242203372,215985.18951482428,751301.1147434668,1103896.6789763751,ML3,2022-03-17,17.9392,-67.04
97832.42242203372,215985.18951482428,751301.1147434668,1103896.6789763751,ML2,2022-03-17,17.9394,-67.04
97413.80400839073,215985.18951482428,751301.1147434668,1103896.6789763751,ML1,2022-03-17,17.939789,-67.04021
96965.84438821251,207921.6862963508,757867.0414186771,1103896.6789763751,MJ4,2022-03-17,17.973782,-67.06234
96965.84438821251,207921.6862963508,757790.3087848955,1103896.6789763751,MJ3,2022-03-17,17.972672,-67.06536
97981.04772981224,206285.73103374089,747242.2217499812,1103896.6789763751,G1,2022-03-17,17.97034,-67.04777
97430.91546384893,211109.26307920943,747188.3863665381,1103896.6789763751,E1,2022-03-17,17.954287,-67.050186
99640.64841750731,214631.6907680632,750168.8529174966,1103896.6789763751,C3_West,2022-03-17,17.943748,-67.009384
99628.47183288008,215203.1429139995,751752.926108578,1103896.6789763751,C2_Center,2022-03-17,17.943632,-67.00623
98834.34922220708,215380.6882566143,752089.9266139001,1103896.6789763751,C1_East,2022-03-17,17.944336,-67.002266
95846.6087971323,206934.5540023049,757081.8256941302,1103896.6789763751,MJ1,2022-03-17,17.967564,-67.07653
95677.1841429838,219706.0804508023,757706.9793041414,1103896.6789763751,L1,2022-03-17,17.943077,-67.05644
35836.14426898612,85230.6402611021,382132.82905695535,673623.7154343284,ML2,2022-03-24,17.9394,-67.04
35499.98033046572,85230.6402611021,382132.82905695535,673623.7154343284,ML1,2022-03-24,17.939789,-67.04021
35499.98033046571,85230.64026110209,380895.0062182384,673623.7154343284,MJ3,2022-03-24,17.972672,-67.06536
35836.14426898612,85230.6402611021,382132.82905695535,673623.7154343284,ML3,2022-03-24,17.9392,-67.04
34438.984130903555,85230.6402611021,380895.0062182384,673623.7154343284,SC,2022-03-24,17.942287,-67.07675
35499.98033046571,85230.64026110209,380895.0062182384,673623.7154343284,MJ4,2022-03-24,17.973782,-67.06234
35388.85179466301,85230.64026110209,380803.5966260754,673623.7154343284,MJ2,2022-03-24,17.968758,-67.076935
34767.68892185867,85230.64026110209,380803.5966260754,673623.7154343284,MJ1,2022-03-24,17.967564,-67.07653
36714.37275880301,84976.17490951037,383802.18619276816,673623.7154343284,C1_East,2022-03-24,17.944336,-67.002266
36714.37275880301,84976.17490951037,383802.18619276816,673623.7154343284,C3_West,2022-03-24,17.943748,-67.009384
35499.98033046571,85230.6402611021,382132.8290569553,673623.7154343284,E1,2022-03-24,17.954287,-67.050186
36134.68101539588,85230.64026110209,382132.8290569553,673623.7154343284,G1,2022-03-24,17.97034,-67.04777
36714.37275880301,84976.17490951037,383802.18619276816,673623.7154343284,C2_Center,2022-03-24,17.943632,-67.00623
34802.77227754734,85230.6402611021,382468.25636601495,673623.7154343284,L1,2022-03-24,17.943077,-67.05644
63569.59433659114,140467.26048078344,409975.0045047978,853892.1581140702,MJ3,2022-04-07,17.972672,-67.06536
64265.52722489147,141836.69646182883,411787.96924260864,853892.1581140702,SC,2022-04-07,17.942287,-67.07675
65137.78649858907,143815.41642186322,416345.7290465989,853892.1581140702,ML3,2022-04-07,17.9392,-67.04
65137.78649858907,143815.41642186322,416345.7290465989,853892.1581140702,ML2,2022-04-07,17.9394,-67.04
65137.78649858907,143815.41642186322,416345.7290465989,853892.1581140702,ML1,2022-04-07,17.939789,-67.04021
63282.433662676725,140467.26048078344,409503.5832658251,853892.1581140702,MJ2,2022-04-07,17.968758,-67.076935
63569.59433659113,140467.26048078344,410128.30423932045,853892.1581140702,MJ4,2022-04-07,17.973782,-67.06234
64842.00536885119,142312.61763771868,414197.4186739973,853892.1581140702,L1,2022-04-07,17.943077,-67.05644
64774.40537223427,142312.61763771868,412373.90565606527,853892.1581140702,E1,2022-04-07,17.954287,-67.050186
65371.38399376724,145856.4039238624,420740.3353668226,853892.1581140702,C3_West,2022-04-07,17.943748,-67.009384
65787.44777012325,145856.4039238624,420740.3353668226,853892.1581140702,C2_Center,2022-04-07,17.943632,-67.00623
65787.44777012325,145856.4039238624,420740.3353668226,853892.1581140702,C1_East,2022-04-07,17.944336,-67.002266
63282.433662676725,140467.26048078344,409503.5832658251,853892.1581140702,MJ1,2022-04-07,17.967564,-67.07653
63893.7760695386,142256.73713797002,412373.90565606527,853892.1581140702,G1,2022-04-07,17.97034,-67.04777
22115.737251046463,240461.5516458019,646968.3768624282,981516.9664865604,SC,2022-04-21,17.942287,-67.07675
22277.808360960826,239895.72394117285,648141.5425026518,981516.9664865604,MJ3,2022-04-21,17.972672,-67.06536
22879.84494963707,241402.30244258896,647871.0369371708,981516.9664865604,ML3,2022-04-21,17.9392,-67.04
22879.84494963707,241402.30244258896,647871.0369371708,981516.9664865604,ML2,2022-04-21,17.9394,-67.04
21758.487400818376,239761.32028578108,646323.7058660211,981516.9664865604,MJ1,2022-04-21,17.967564,-67.07653
22393.229610500373,240062.4314779959,646242.5995333767,981516.9664865604,E1,2022-04-21,17.954287,-67.050186
22879.84494963707,241402.30244258896,647097.2476648723,981516.9664865604,ML1,2022-04-21,17.939789,-67.04021
21758.487400818376,239761.3202857812,646323.7058660211,981516.9664865604,MJ2,2022-04-21,17.968758,-67.076935
22737.184561828584,241007.96014829056,648678.8525412806,981516.9664865604,L1,2022-04-21,17.943077,-67.05644
23360.048097353552,241984.6899919636,650186.8906746908,981516.9664865604,C3_West,2022-04-21,17.943748,-67.009384
23740.40670932932,242441.28987884315,650701.9165828102,981516.9664865604,C2_Center,2022-04-21,17.943632,-67.00623
23740.40670932932,242441.28987884315,651517.9178366025,981516.9664865604,C1_East,2022-04-21,17.944336,-67.002266
22503.52167124433,239420.124504623,646242.5995333767,981516.9664865604,G1,2022-04-21,17.97034,-67.04777
22277.808360960826,239895.72394117285,648647.5188833706,981516.9664865604,MJ4,2022-04-21,17.973782,-67.06234
178511.53207035296,411127.8418423225,1034951.3463751144,1832900.195793856,MJ3,2022-04-28,17.972672,-67.06536
177493.74334936432,411768.0607442873,1032262.1654717884,1832900.195793856,SC,2022-04-28,17.942287,-67.07675
179482.45478520382,404203.2429919057,1032819.883103592,1832900.195793856,ML3,2022-04-28,17.9392,-67.04
179482.45478520385,404203.2429919057,1032819.883103592,1832900.195793856,ML2,2022-04-28,17.9394,-67.04
178921.27977344874,404203.2429919058,1032431.9839683196,1832900.195793856,ML1,2022-04-28,17.939789,-67.04021
178703.0399218064,411127.8418423225,1035080.606952594,1832900.195793856,MJ4,2022-04-28,17.973782,-67.06234
178637.89264160153,411127.8418423225,1032545.306751006,1832900.195793856,MJ2,2022-04-28,17.968758,-67.076935
178017.77400021398,411127.84184232255,1032545.306751006,1832900.195793856,MJ1,2022-04-28,17.967564,-67.07653
178921.27977344874,402235.47591544536,1029520.5405789956,1832900.195793856,E1,2022-04-28,17.954287,-67.050186
180744.15111503776,397844.8976602459,1033693.307053183,1832900.195793856,C3_West,2022-04-28,17.943748,-67.009384
180962.31735038053,397944.4137571295,1034227.7133822452,1832900.195793856,C2_Center,2022-04-28,17.943632,-67.00623
180962.31735038056,397944.4137571295,1035425.927065372,1832900.195793856,C1_East,2022-04-28,17.944336,-67.002266
178523.34357272944,412549.7962260596,1039663.2882521582,1832900.195793856,L1,2022-04-28,17.943077,-67.05644
179262.63307837214,402235.4759154454,1029360.5316730049,1832900.195793856,G1,2022-04-28,17.97034,-67.04777
221473.4472507152,412747.1778875247,1142119.442906568,2172820.256370304,ML2,2022-05-05,17.9394,-67.04
220953.24435121287,412747.1778875247,1142119.442906568,2172820.256370304,ML1,2022-05-05,17.939789,-67.04021
218869.54682699783,421711.95243471424,1145392.448822627,2172820.256370304,MJ3,2022-05-05,17.972672,-67.06536
221473.4472507152,412747.1778875247,1142119.442906568,2172820.256370304,ML3,2022-05-05,17.9392,-67.04
219113.7168017591,421917.94927453273,1145521.346441301,2172820.256370304,SC,2022-05-05,17.942287,-67.07675
219040.9736736648,421711.95243471424,1145818.806131353,2172820.256370304,MJ4,2022-05-05,17.973782,-67.06234
219981.01696177645,421546.4713408909,1143911.6713249504,2172820.256370304,MJ2,2022-05-05,17.968758,-67.076935
219626.80967399108,421546.4713408909,1143911.6713249504,2172820.256370304,MJ1,2022-05-05,17.967564,-67.07653
227206.40160510468,406368.5612809432,1144864.7428693285,2172820.256370304,C1_East,2022-05-05,17.944336,-67.002266
226429.26577020923,406368.5612809432,1141417.133227541,2172820.256370304,C3_West,2022-05-05,17.943748,-67.009384
220157.32929225176,412662.977109618,1139705.3174741147,2172820.256370304,E1,2022-05-05,17.954287,-67.050186
220555.3856336854,412291.49917597615,1139705.317474115,2172820.256370304,G1,2022-05-05,17.97034,-67.04777
227206.40160510468,406368.5612809432,1142814.2201177906,2172820.256370304,C2_Center,2022-05-05,17.943632,-67.00623
219734.5772746768,422083.4303683561,1149400.9689186525,2172820.256370304,L1,2022-05-05,17.943077,-67.05644
23396.347383429293,2697.859317735916,106033.44198911656,367022.1074972446,G1,2022-05-12,17.97034,-67.04777
27886.99164764182,2697.859317735916,105697.93532926268,367022.1074972446,MJ1,2022-05-12,17.967564,-67.07653
22969.707013318344,2697.859317735916,105957.98610044229,367022.1074972446,SC,2022-05-12,17.942287,-67.07675
18221.54865217632,2697.859317735916,106033.4419891166,367022.1074972446,ML3,2022-05-12,17.9392,-67.04
18221.54865217632,2697.859317735916,106033.4419891166,367022.1074972446,ML1,2022-05-12,17.939789,-67.04021
14596.92313406993,2697.859317735916,106033.44198911656,367022.1074972446,C3_West,2022-05-12,17.943748,-67.009384
18221.54865217632,2697.859317735916,106033.4419891166,367022.1074972446,ML2,2022-05-12,17.9394,-67.04
21190.61801598412,2697.859317735916,106033.44198911656,367022.1074972446,E1,2022-05-12,17.954287,-67.050186
14596.92313406993,2697.859317735916,106033.44198911656,367022.1074972446,C2_Center,2022-05-12,17.943632,-67.00623
14596.92313406993,2697.859317735916,106033.4419891166,367022.1074972446,C1_East,2022-05-12,17.944336,-67.002266
22428.686589911387,2697.859317735916,106033.44198911656,367022.1074972446,L1,2022-05-12,17.943077,-67.05644
27886.99164764182,2697.859317735916,105697.93532926266,367022.1074972446,MJ2,2022-05-12,17.968758,-67.076935
26693.827153689886,2697.859317735916,106033.4419891166,367022.1074972446,MJ4,2022-05-12,17.973782,-67.06234
26693.827153689886,2697.859317735916,106033.44198911656,367022.1074972446,MJ3,2022-05-12,17.972672,-67.06536
79191.6280343654,53397.09894569823,207647.45289912453,481280.576477506,MJ3,2022-05-19,17.972672,-67.06536
79191.6280343654,53397.09894569823,207662.89741095324,481280.576477506,MJ4,2022-05-19,17.973782,-67.06234
79191.6280343654,53397.09894569823,206597.2059729293,481280.576477506,MJ2,2022-05-19,17.968758,-67.076935
79191.62803436542,53397.09894569823,207446.79281780613,481280.576477506,SC,2022-05-19,17.942287,-67.07675
78558.34344944781,53397.09894569823,210193.74879037536,481280.576477506,ML3,2022-05-19,17.9392,-67.04
79182.55058298112,53397.09894569823,210193.74879037536,481280.576477506,ML2,2022-05-19,17.9394,-67.04
79182.55058298112,53397.09894569823,210193.74879037536,481280.576477506,ML1,2022-05-19,17.939789,-67.04021
79191.62803436542,53397.09894569823,208570.77233691703,481280.576477506,G1,2022-05-19,17.97034,-67.04777
77982.78998175415,53775.44711444273,212768.25927469504,481280.576477506,C3_West,2022-05-19,17.943748,-67.009384
77809.85061690431,53775.44711444273,212768.25927469504,481280.576477506,C2_Center,2022-05-19,17.943632,-67.00623
77809.85061690431,53775.44711444273,212963.5322027561,481280.576477506,C1_East,2022-05-19,17.944336,-67.002266
79191.6280343654,53397.09894569823,208403.2604316192,481280.576477506,L1,2022-05-19,17.943077,-67.05644
79191.6280343654,53397.09894569823,206597.2059729293,481280.576477506,MJ1,2022-05-19,17.967564,-67.07653
79191.62803436542,53397.09894569823,208497.5261462568,481280.576477506,E1,2022-05-19,17.954287,-67.050186
214176.3302651435,179798.36221148103,207517.83699484533,783910.2875712316,MJ3,2022-05-26,17.972672,-67.06536
207894.2024341465,179798.36221148103,207517.83699484536,783910.2875712316,SC,2022-05-26,17.942287,-67.07675
206609.6058050548,175043.6200932053,202961.84037719588,783910.2875712316,ML3,2022-05-26,17.9392,-67.04
206609.6058050548,175043.6200932053,202961.84037719588,783910.2875712316,ML2,2022-05-26,17.9394,-67.04
206273.5753202448,175043.6200932053,202961.84037719588,783910.2875712316,ML1,2022-05-26,17.939789,-67.04021
214321.6906493373,179798.36221148103,207517.83699484533,783910.2875712316,MJ4,2022-05-26,17.973782,-67.06234
213119.58686427143,179798.36221148103,207517.83699484533,783910.2875712316,MJ2,2022-05-26,17.968758,-67.076935
211964.81262394588,179798.36221148103,207517.83699484533,783910.2875712316,MJ1,2022-05-26,17.967564,-67.07653
211724.32202251445,175043.62009320527,202961.84037719583,783910.2875712316,E1,2022-05-26,17.954287,-67.050186
204870.4865862408,172985.00804885305,202478.15401725887,783910.2875712316,C3_West,2022-05-26,17.943748,-67.009384
204951.0391344508,172985.00804885305,202478.15401725887,783910.2875712316,C2_Center,2022-05-26,17.943632,-67.00623
204174.7491612197,172985.00804885308,202478.15401725887,783910.2875712316,C1_East,2022-05-26,17.944336,-67.002266
208833.5940982636,179798.36221148103,207716.58249547164,783910.2875712316,L1,2022-05-26,17.943077,-67.05644
213436.97500904065,175043.62009320533,202961.84037719583,783910.2875712316,G1,2022-05-26,17.97034,-67.04777
175895.55141547663,307651.79956898256,1657958.9577998342,2947498.704981896,MJ3,2022-06-02,17.972672,-67.06536
173671.66339029293,308559.51700645086,1681498.5219705023,2947498.704981896,ML2,2022-06-02,17.9394,-67.04
173136.96636810878,308559.5170064509,1681498.5219705023,2947498.704981896,ML1,2022-06-02,17.939789,-67.04021
176947.5938777621,307651.79956898256,1661094.5057167106,2947498.704981896,MJ4,2022-06-02,17.973782,-67.06234
173671.66339029293,308559.51700645086,1681498.5219705023,2947498.704981896,ML3,2022-06-02,17.9392,-67.04
178210.02912746873,307651.79956898256,1651319.0556701776,2947498.704981896,MJ2,2022-06-02,17.968758,-67.076935
177154.34213625605,307928.2829615181,1658440.940612586,2947498.704981896,SC,2022-06-02,17.942287,-67.07675
175522.5053563097,309387.7162713945,1671420.290369416,2947498.704981896,L1,2022-06-02,17.943077,-67.05644
173758.4464673683,308357.0117360396,1706242.3104324578,2947498.704981896,C1_East,2022-06-02,17.944336,-67.002266
176353.02079256866,308036.3606656416,1668574.2598314877,2947498.704981896,E1,2022-06-02,17.954287,-67.050186
177316.3272327472,307461.84747502604,1666854.6657970394,2947498.704981896,G1,2022-06-02,17.97034,-67.04777
173758.4464673683,308199.17619378696,1702145.135300689,2947498.704981896,C2_Center,2022-06-02,17.943632,-67.00623
173758.4464673683,308199.17619378696,1700945.7061908056,2947498.704981896,C3_West,2022-06-02,17.943748,-67.009384
177206.89946523652,307651.7995689825,1651377.0414189987,2947498.704981896,MJ1,2022-06-02,17.967564,-67.07653
265412.0364494532,292046.20693639806,882843.8666873631,1612575.1934174711,ML1,2022-06-09,17.939789,-67.04021
268875.6866731864,291263.7366991145,873947.1917045153,1612575.1934174711,MJ4,2022-06-09,17.973782,-67.06234
266811.49566019693,288991.47822194407,871600.7053891812,1612575.1934174711,SC,2022-06-09,17.942287,-67.07675
263506.71865927614,292046.20693639806,882843.8666873631,1612575.1934174711,ML3,2022-06-09,17.9392,-67.04
265495.35081316327,292046.20693639806,882843.8666873631,1612575.1934174711,ML2,2022-06-09,17.9394,-67.04
269249.2023195965,291054.3139121436,871771.6708116222,1612575.1934174711,MJ3,2022-06-09,17.972672,-67.06536
271246.0135176486,290273.51510490204,868789.8847349436,1612575.1934174711,MJ2,2022-06-09,17.968758,-67.076935
271342.7665468202,290796.3286789738,868789.8847349436,1612575.1934174711,MJ1,2022-06-09,17.967564,-67.07653
267348.420815505,291666.16803750885,881738.9409168072,1612575.1934174711,L1,2022-06-09,17.943077,-67.05644
267935.3298890022,290715.93503646465,880686.9159755753,1612575.1934174711,E1,2022-06-09,17.954287,-67.050186
263561.223748067,291320.0023095858,885739.8726672886,1612575.1934174711,C3_West,2022-06-09,17.943748,-67.009384
265435.1231859875,291320.0023095858,885739.8726672886,1612575.1934174711,C2_Center,2022-06-09,17.943632,-67.00623
265140.03114711907,291462.0181548077,887259.3602737664,1612575.1934174711,C1_East,2022-06-09,17.944336,-67.002266
268402.1257955631,290884.78675579856,880080.1772313168,1612575.1934174711,G1,2022-06-09,17.97034,-67.04777
138414.10312600998,60920.24084979232,124478.09289160234,295510.6890048466,SC,2022-06-16,17.942287,-67.07675
138707.3141118455,60920.24084979232,124553.6208517147,295510.6890048466,MJ4,2022-06-16,17.973782,-67.06234
138707.3141118455,60920.24084979232,124553.6208517147,295510.6890048466,MJ3,2022-06-16,17.972672,-67.06536
137145.27872691996,58660.193677869785,122796.76402925208,295510.6890048466,ML1,2022-06-16,17.939789,-67.04021
137145.27872691996,58660.193677869785,122796.76402925208,295510.6890048466,ML3,2022-06-16,17.9392,-67.04
137145.27872691996,58660.193677869785,122796.76402925208,295510.6890048466,ML2,2022-06-16,17.9394,-67.04
139604.59794988995,60920.24084979232,124478.09289160234,295510.6890048466,MJ2,2022-06-16,17.968758,-67.076935
139825.59326821094,60920.24084979232,124478.09289160234,295510.6890048466,MJ1,2022-06-16,17.967564,-67.07653
136216.15650728403,56792.61029615565,121147.49802990192,295510.6890048466,C2_Center,2022-06-16,17.943632,-67.00623
137779.39225253832,60920.24084979232,124553.6208517147,295510.6890048466,L1,2022-06-16,17.943077,-67.05644
136181.20485801084,56792.61029615565,121147.49802990192,295510.6890048466,C1_East,2022-06-16,17.944336,-67.002266
136365.67221553446,58660.19367786976,122796.76402925208,295510.6890048466,G1,2022-06-16,17.97034,-67.04777
135914.14582662514,56792.61029615565,121147.49802990192,295510.6890048466,C3_West,2022-06-16,17.943748,-67.009384
137664.42561149373,58660.193677869785,122293.57367979216,295510.6890048466,E1,2022-06-16,17.954287,-67.050186
499869.4761641616,751605.7527039376,2886926.786974595,5292402.08914613,MJ2,2022-06-23,17.968758,-67.076935
501108.76354501705,755406.4618192831,2887593.067428209,5292402.08914613,SC,2022-06-23,17.942287,-67.07675
503965.2421345872,753670.5753655223,2878924.9438148467,5292402.08914613,ML3,2022-06-23,17.9392,-67.04
503965.2421345872,753670.5753655223,2878924.9438148467,5292402.08914613,ML2,2022-06-23,17.9394,-67.04
499406.1344624106,753670.5753655223,2878896.673102297,5292402.08914613,ML1,2022-06-23,17.939789,-67.04021
501142.5453173284,753071.3221375479,2887888.472815989,5292402.08914613,MJ3,2022-06-23,17.972672,-67.06536
501840.3657494339,753071.3221375478,2888303.2719895714,5292402.08914613,MJ4,2022-06-23,17.973782,-67.06234
505255.46784226666,746592.1368504303,2877476.42177603,5292402.08914613,E1,2022-06-23,17.954287,-67.050186
503398.6535645067,757177.5983192448,2889184.6591742863,5292402.08914613,L1,2022-06-23,17.943077,-67.05644
509646.00919835264,751264.5718594004,2877381.9059826187,5292402.08914613,C3_West,2022-06-23,17.943748,-67.009384
511040.1626015395,751264.5718594005,2877381.905982618,5292402.08914613,C2_Center,2022-06-23,17.943632,-67.00623
509992.2289873326,751900.6538416827,2877995.6177366194,5292402.08914613,C1_East,2022-06-23,17.944336,-67.002266
498425.727704305,752395.8278050695,2886926.786974595,5292402.08914613,MJ1,2022-06-23,17.967564,-67.07653
503855.517605269,745093.9104463923,2877476.42177603,5292402.08914613,G1,2022-06-23,17.97034,-67.04777
85766.60315714218,113435.54215842926,387486.6012768992,690856.7195515931,SC,2022-06-30,17.942287,-67.07675
84607.24663794792,113435.54215842926,387486.6012768992,690856.7195515931,MJ4,2022-06-30,17.973782,-67.06234
84607.24663794792,113435.54215842923,387486.6012768992,690856.7195515931,MJ3,2022-06-30,17.972672,-67.06536
83974.8764103849,109513.10101017937,383285.9308570186,690856.7195515931,ML1,2022-06-30,17.939789,-67.04021
83974.8764103849,109513.10101017937,383285.9308570187,690856.7195515931,ML3,2022-06-30,17.9392,-67.04
83974.8764103849,109513.10101017937,383285.9308570187,690856.7195515931,ML2,2022-06-30,17.9394,-67.04
85985.2082887657,113435.54215842923,387486.6012768992,690856.7195515931,MJ2,2022-06-30,17.968758,-67.076935
85985.2082887657,113435.54215842923,387486.6012768992,690856.7195515931,MJ1,2022-06-30,17.967564,-67.07653
81281.61920739984,106650.62479651404,376412.13621368207,690856.7195515931,C2_Center,2022-06-30,17.943632,-67.00623
84388.6415063244,113435.54215842923,387486.6012768992,690856.7195515931,L1,2022-06-30,17.943077,-67.05644
81121.77390207695,106650.62479651404,376412.13621368207,690856.7195515931,C1_East,2022-06-30,17.944336,-67.002266
84388.6415063244,109513.10101017937,383285.9308570187,690856.7195515931,G1,2022-06-30,17.97034,-67.04777
81281.61920739985,106650.62479651404,376412.13621368207,690856.7195515931,C3_West,2022-06-30,17.943748,-67.009384
84388.6415063244,109513.10101017937,383285.9308570186,690856.7195515931,E1,2022-06-30,17.954287,-67.050186
317481.05397249665,605705.0763090226,2242413.331635607,3521941.3670564983,MJ2,2022-07-07,17.968758,-67.076935
314887.3891136925,606557.3334041416,2248192.5810027346,3521941.3670564983,SC,2022-07-07,17.942287,-67.07675
306105.1991964788,600322.7030014794,2254096.572332636,3521941.3670564983,ML3,2022-07-07,17.9392,-67.04
306105.1991964788,600322.7030014794,2254096.572332636,3521941.3670564983,ML2,2022-07-07,17.9394,-67.04
306105.1991964788,600322.7030014794,2253500.490951704,3521941.3670564983,ML1,2022-07-07,17.939789,-67.04021
314400.2928679566,606655.9612144851,2246142.989601187,3521941.3670564983,MJ4,2022-07-07,17.973782,-67.06234
314400.2928679566,606655.9612144851,2246142.989601187,3521941.3670564983,MJ3,2022-07-07,17.972672,-67.06536
311849.0756617843,596927.2716646555,2240073.012800035,3521941.3670564983,G1,2022-07-07,17.97034,-67.04777
310830.26035523124,596386.3768784219,2241281.972115979,3521941.3670564983,E1,2022-07-07,17.954287,-67.050186
292817.96363251144,586592.4820636181,2235910.68055487,3521941.3670564983,C3_West,2022-07-07,17.943748,-67.009384
292817.9636325114,586592.482063618,2236097.3102520388,3521941.3670564983,C2_Center,2022-07-07,17.943632,-67.00623
292464.6946589087,586592.4820636181,2236097.3102520388,3521941.3670564983,C1_East,2022-07-07,17.944336,-67.002266
317453.58803704585,605705.0763090225,2243016.241048217,3521941.3670564983,MJ1,2022-07-07,17.967564,-67.07653
311688.0182059058,607784.1493861348,2252573.863387521,3521941.3670564983,L1,2022-07-07,17.943077,-67.05644
39677.811125620006,30228.649651341715,143129.82582852754,531335.6393404086,MJ4,2022-07-14,17.973782,-67.06234
39778.75953022854,30228.649651341715,143129.82582852754,531335.6393404086,MJ2,2022-07-14,17.968758,-67.076935
39677.81112562,30228.649651341715,143129.82582852754,531335.6393404086,MJ3,2022-07-14,17.972672,-67.06536
36614.830982880994,30950.82452579372,143297.1763046441,531335.6393404086,SC,2022-07-14,17.942287,-67.07675
34918.51984875196,32046.24386233852,140809.47243601643,531335.6393404086,ML3,2022-07-14,17.9392,-67.04
34918.51984875196,32046.24386233852,140809.47243601643,531335.6393404086,ML2,2022-07-14,17.9394,-67.04
34918.51984875196,32046.24386233852,140809.47243601643,531335.6393404086,ML1,2022-07-14,17.939789,-67.04021
34633.25976074234,32146.88757723709,139523.76646049877,531335.6393404086,C3_West,2022-07-14,17.943748,-67.009384
34918.51984875196,31798.757447528504,140809.47243601643,531335.6393404086,E1,2022-07-14,17.954287,-67.050186
34633.25976074234,32146.88757723709,139523.76646049877,531335.6393404086,C2_Center,2022-07-14,17.943632,-67.00623
34633.25976074234,32146.88757723709,139523.76646049877,531335.6393404086,C1_East,2022-07-14,17.944336,-67.002266
39778.75953022854,30228.649651341715,143129.82582852754,531335.6393404086,MJ1,2022-07-14,17.967564,-67.07653
34918.51984875196,31798.7574475285,143407.410517581,531335.6393404086,L1,2022-07-14,17.943077,-67.05644
36614.830982880994,30950.82452579372,140699.2382230795,531335.6393404086,G1,2022-07-14,17.97034,-67.04777
110926.86992379087,141854.7475833619,643445.7730215706,992735.5485864468,MJ2,2022-07-21,17.968758,-67.076935
110739.34167410256,143030.72832214602,644776.6340350711,992735.5485864468,SC,2022-07-21,17.942287,-67.07675
108652.83930361288,138475.25764208703,638910.6056868746,992735.5485864468,ML3,2022-07-21,17.9392,-67.04
108652.83930361288,138475.25764208703,638910.6056868746,992735.5485864468,ML2,2022-07-21,17.9394,-67.04
108258.93226100109,138475.25764208703,638910.6056868746,992735.5485864468,ML1,2022-07-21,17.939789,-67.04021
110845.5008162278,141854.74758336192,644206.8371167781,992735.5485864468,MJ3,2022-07-21,17.972672,-67.06536
110845.5008162278,141854.74758336192,644206.8371167781,992735.5485864468,MJ4,2022-07-21,17.973782,-67.06234
109819.18103058936,136421.47884981617,637084.4940237087,992735.5485864468,E1,2022-07-21,17.954287,-67.050186
109365.99371902908,144389.5191535391,646319.611078448,992735.5485864468,L1,2022-07-21,17.943077,-67.05644
104264.33181416352,134923.71165461736,636422.468642601,992735.5485864468,C3_West,2022-07-21,17.943748,-67.009384
102231.91272301631,134923.7116546174,636635.430211134,992735.5485864468,C2_Center,2022-07-21,17.943632,-67.00623
102231.91272301628,134923.71165461736,636635.430211134,992735.5485864468,C1_East,2022-07-21,17.944336,-67.002266
110926.8699237909,141854.7475833619,643445.7730215706,992735.5485864468,MJ1,2022-07-21,17.967564,-67.07653
110845.5008162278,136061.1427536712,636704.7881755014,992735.5485864468,G1,2022-07-21,17.97034,-67.04777
2900.122578905335,12348.562711286078,301384.44703431457,969738.7521993532,SC,2022-07-28,17.942287,-67.07675
3187.113471420269,12348.562711286078,301505.18893688463,969738.7521993532,MJ4,2022-07-28,17.973782,-67.06234
2900.122578905335,12348.562711286077,301084.4988650088,969738.7521993532,MJ3,2022-07-28,17.972672,-67.06536
3187.113471420269,11025.77190287419,306400.7506262313,969738.7521993532,ML1,2022-07-28,17.939789,-67.04021
3187.113471420269,11025.77190287419,306400.75062623125,969738.7521993532,ML3,2022-07-28,17.9392,-67.04
3187.113471420269,11025.77190287419,306400.75062623125,969738.7521993532,ML2,2022-07-28,17.9394,-67.04
2900.122578905335,12348.562711286077,298751.1494164591,969738.7521993532,MJ2,2022-07-28,17.968758,-67.076935
2900.122578905335,12348.562711286077,298751.1494164591,969738.7521993532,MJ1,2022-07-28,17.967564,-67.07653
3187.113471420269,10844.523429591429,311645.2973478695,969738.7521993532,C2_Center,2022-07-28,17.943632,-67.00623
3187.113471420269,12348.562711286077,304201.6523957252,969738.7521993532,L1,2022-07-28,17.943077,-67.05644
3187.113471420269,11290.1080904043,311765.37263891834,969738.7521993532,C1_East,2022-07-28,17.944336,-67.002266
3187.113471420269,11607.292175825727,302913.6041987487,969738.7521993532,G1,2022-07-28,17.97034,-67.04777
3187.113471420269,10844.523429591429,310618.637051338,969738.7521993532,C3_West,2022-07-28,17.943748,-67.009384
3187.113471420269,11025.77190287419,302632.458848702,969738.7521993532,E1,2022-07-28,17.954287,-67.050186
1538.375725730778,0.0,111833.50720796466,182752.32168415195,SC,2022-08-04,17.942287,-67.07675
1538.375725730778,0.0,115733.29362808628,182752.32168415195,ML3,2022-08-04,17.9392,-67.04
1538.375725730778,0.0,115733.29362808628,182752.32168415195,ML2,2022-08-04,17.9394,-67.04
1538.375725730778,0.0,115733.29362808628,182752.32168415195,ML1,2022-08-04,17.939789,-67.04021
1538.3757257307782,0.0,109165.75280360405,182752.32168415195,MJ4,2022-08-04,17.973782,-67.06234
1538.3757257307782,0.0,109165.75280360405,182752.32168415195,MJ3,2022-08-04,17.972672,-67.06536
1538.3757257307782,0.0,108380.90349330528,182752.32168415195,MJ2,2022-08-04,17.968758,-67.076935
1538.3757257307782,0.0,109165.75280360405,182752.32168415195,MJ1,2022-08-04,17.967564,-67.07653
1538.375725730778,0.0,114347.0796122114,182752.32168415195,L1,2022-08-04,17.943077,-67.05644
1538.3757257307782,0.0,114009.79660066044,182752.32168415195,G1,2022-08-04,17.97034,-67.04777
1538.3757257307782,0.0,114347.0796122114,182752.32168415195,E1,2022-08-04,17.954287,-67.050186
1538.375725730778,0.0,117879.93005175918,182752.32168415195,C3_West,2022-08-04,17.943748,-67.009384
1538.375725730778,0.0,117954.88774404988,182752.32168415195,C2_Center,2022-08-04,17.943632,-67.00623
1538.375725730778,0.0,117954.88774404988,182752.32168415195,C1_East,2022-08-04,17.944336,-67.002266
4257.639395050967,38396.9889233173,310630.0138114302,593865.7831232502,MJ2,2022-08-11,17.968758,-67.076935
4257.639395050968,38396.988923317294,311395.7299265503,593865.7831232502,SC,2022-08-11,17.942287,-67.07675
4342.378439481217,37329.532934058174,315402.49158271635,593865.7831232502,ML3,2022-08-11,17.9392,-67.04
4342.378439481217,37329.532934058174,315402.49158271635,593865.7831232502,ML2,2022-08-11,17.9394,-67.04
4342.378439481217,37329.532934058174,315402.49158271635,593865.7831232502,ML1,2022-08-11,17.939789,-67.04021
4257.639395050967,38396.9889233173,312793.72522627295,593865.7831232502,MJ4,2022-08-11,17.973782,-67.06234
4257.639395050967,38396.9889233173,312793.72522627295,593865.7831232502,MJ3,2022-08-11,17.972672,-67.06536
4342.378439481216,37329.532934058174,314966.1704772942,593865.7831232502,G1,2022-08-11,17.97034,-67.04777
4342.378439481217,37329.532934058174,314880.37608971825,593865.7831232502,E1,2022-08-11,17.954287,-67.050186
4858.066974195811,37540.071082784,315966.7821591255,593865.7831232502,C3_West,2022-08-11,17.943748,-67.009384
6237.442600013495,37540.071082784,315966.78215912555,593865.7831232502,C2_Center,2022-08-11,17.943632,-67.00623
6237.442600013495,37540.071082784,315966.7821591255,593865.7831232502,C1_East,2022-08-11,17.944336,-67.002266
4257.639395050967,38396.9889233173,310630.0138114302,593865.7831232502,MJ1,2022-08-11,17.967564,-67.07653
4342.378439481217,38396.988923317294,315947.8320789774,593865.7831232502,L1,2022-08-11,17.943077,-67.05644
358794.8190106784,794929.1616175587,2239448.487545685,3866008.873805588,L1,2022-08-18,17.943077,-67.05644
351184.2841002216,772648.1738839892,2220805.4868697,3866008.873805588,G1,2022-08-18,17.97034,-67.04777
349192.5228080223,782361.4903368778,2230575.0082955654,3866008.873805588,MJ1,2022-08-18,17.967564,-67.07653
350156.7934886219,790649.5396168382,2232614.428830109,3866008.873805588,SC,2022-08-18,17.942287,-67.07675
359015.35630916024,783346.7646394802,2227768.3707051333,3866008.873805588,ML3,2022-08-18,17.9392,-67.04
359015.35630916024,783346.7646394802,2227768.3707051333,3866008.873805588,ML2,2022-08-18,17.9394,-67.04
355569.65599313617,782708.4018549015,2234409.528902564,3866008.873805588,MJ4,2022-08-18,17.973782,-67.06234
357955.6623395531,771666.1339604061,2221441.741575014,3866008.873805588,C3_West,2022-08-18,17.943748,-67.009384
355499.6806831015,779759.1726333565,2219492.4744071923,3866008.873805588,E1,2022-08-18,17.954287,-67.050186
357993.3404903543,771888.3910914101,2221441.741575014,3866008.873805588,C2_Center,2022-08-18,17.943632,-67.00623
357420.1754266769,773092.6615116833,2221626.781718806,3866008.873805588,C1_East,2022-08-18,17.944336,-67.002266
347358.0286433888,782361.4903368775,2230575.0082955654,3866008.873805588,MJ2,2022-08-18,17.968758,-67.076935
354075.875451888,782708.4018549015,2233390.3360213405,3866008.873805588,MJ3,2022-08-18,17.972672,-67.06536
358570.3365741363,782961.0466623607,2227768.3707051333,3866008.873805588,ML1,2022-08-18,17.939789,-67.04021
257892.8199022296,457657.3752035504,1275085.2133621264,2177752.153594835,MJ2,2022-08-25,17.968758,-67.076935
256883.06238356064,462131.0055046128,1273522.4507477512,2177752.153594835,ML3,2022-08-25,17.9392,-67.04
256883.06238356064,462131.0055046128,1273522.4507477512,2177752.153594835,ML2,2022-08-25,17.9394,-67.04
255668.0597308281,462131.0055046128,1273522.4507477512,2177752.153594835,ML1,2022-08-25,17.939789,-67.04021
256080.74516838987,457657.3752035505,1275998.4573541444,2177752.153594835,MJ4,2022-08-25,17.973782,-67.06234
256466.57011534303,457657.37520355056,1275450.8740126349,2177752.153594835,MJ3,2022-08-25,17.972672,-67.06536
257011.82335802013,464622.8313198644,1275074.2596514483,2177752.153594835,SC,2022-08-25,17.942287,-67.07675
262951.60975512647,456354.39536173904,1268036.7712809723,2177752.153594835,C1_East,2022-08-25,17.944336,-67.002266
262183.6320269777,456354.39536173904,1265913.8652040372,2177752.153594835,C3_West,2022-08-25,17.943748,-67.009384
256427.82300669825,453271.18093657255,1271608.671323474,2177752.153594835,G1,2022-08-25,17.97034,-67.04777
262951.6097551264,456354.39536173904,1266226.7961935154,2177752.153594835,C2_Center,2022-08-25,17.943632,-67.00623
257141.07438237267,466199.5402909844,1280094.6708726962,2177752.153594835,L1,2022-08-25,17.943077,-67.05644
256927.7429388175,455599.1167488024,1270993.9646766349,2177752.153594835,E1,2022-08-25,17.954287,-67.050186
257131.36025349647,457657.3752035504,1275085.2133621264,2177752.153594835,MJ1,2022-08-25,17.967564,-67.07653
251335.8309828539,299475.2408078664,549606.4287833822,1315052.3098213023,MJ2,2022-09-08,17.968758,-67.076935
251090.0866425716,304576.07418319373,554776.979681587,1315052.3098213023,SC,2022-09-08,17.942287,-67.07675
252697.80419890216,301852.20902078284,557960.9746623123,1315052.3098213023,ML3,2022-09-08,17.9392,-67.04
252697.80419890216,301852.20902078284,557960.9746623123,1315052.3098213023,ML2,2022-09-08,17.9394,-67.04
252697.80419890216,301852.20902078284,557960.9746623123,1315052.3098213023,ML1,2022-09-08,17.939789,-67.04021
251666.0107122552,299475.2408078664,554925.8706023132,1315052.3098213023,MJ4,2022-09-08,17.973782,-67.06234
252122.8789112857,299475.2408078664,550707.6601598749,1315052.3098213023,MJ3,2022-09-08,17.972672,-67.06536
255557.54624412744,294547.2604596001,553772.8511906845,1315052.3098213023,G1,2022-09-08,17.97034,-67.04777
249669.5211072981,297021.0393069589,553795.7186267676,1315052.3098213023,E1,2022-09-08,17.954287,-67.050186
255823.14946108503,299132.82783829345,564425.7606756648,1315052.3098213023,C3_West,2022-09-08,17.943748,-67.009384
255497.0943146101,299132.8278382935,564425.7606756648,1315052.3098213023,C2_Center,2022-09-08,17.943632,-67.00623
255568.5108491801,299132.8278382935,564425.7606756648,1315052.3098213023,C1_East,2022-09-08,17.944336,-67.002266
249566.2365748816,299475.2408078664,549606.4287833822,1315052.3098213023,MJ1,2022-09-08,17.967564,-67.07653
249969.8564476716,308152.57319023105,560262.0036412749,1315052.3098213023,L1,2022-09-08,17.943077,-67.05644
547781.0515591918,349903.81943792105,662571.7249103761,1749951.4865565654,SC,2022-09-15,17.942287,-67.07675
549132.8507926748,350630.4691624051,663033.0401503111,1749951.4865565654,MJ3,2022-09-15,17.972672,-67.06536
548525.2929709514,335665.4407770093,649131.2344843163,1749951.4865565654,ML3,2022-09-15,17.9392,-67.04
548525.2929709514,335665.4407770093,649131.2344843163,1749951.4865565654,ML2,2022-09-15,17.9394,-67.04
547505.2160620076,335665.4407770093,649131.2344843163,1749951.4865565654,ML1,2022-09-15,17.939789,-67.04021
549176.2155669703,350431.9130873363,662091.6117192629,1749951.4865565654,MJ2,2022-09-15,17.968758,-67.076935
549286.8668967813,350630.4691624051,663585.515091573,1749951.4865565654,MJ4,2022-09-15,17.973782,-67.06234
548547.5752881689,335665.4407770093,648638.0244112988,1749951.4865565654,E1,2022-09-15,17.954287,-67.050186
549176.2155669703,350431.9130873363,662091.6117192629,1749951.4865565654,MJ1,2022-09-15,17.967564,-67.07653
549581.9986987112,325717.97129104973,641282.0781457571,1749951.4865565654,C3_West,2022-09-15,17.943748,-67.009384
550534.0979904098,325717.97129104973,641282.078145757,1749951.4865565654,C2_Center,2022-09-15,17.943632,-67.00623
550561.235349839,325717.97129104973,641647.0111632776,1749951.4865565654,C1_East,2022-09-15,17.944336,-67.002266
548106.2250998392,349903.81943792105,663639.3071546571,1749951.4865565654,L1,2022-09-15,17.943077,-67.05644
549294.1674089503,335753.6561647518,649115.4307866638,1749951.4865565654,G1,2022-09-15,17.97034,-67.04777
57281.23200875384,112062.53766131724,206350.0094371978,511485.2823386819,MJ2,2022-10-13,17.968758,-67.076935
56159.39532597427,112815.62878025758,207263.84033501573,511485.2823386819,SC,2022-10-13,17.942287,-67.07675
56698.25191467035,115379.68506878614,211743.35751919448,511485.2823386819,ML3,2022-10-13,17.9392,-67.04
56698.25191467035,115379.68506878614,211743.35751919448,511485.2823386819,ML2,2022-10-13,17.9394,-67.04
55909.05160944884,115379.68506878614,211743.35751919448,511485.2823386819,ML1,2022-10-13,17.939789,-67.04021
57602.36586164333,113011.6805298286,207263.8403350157,511485.2823386819,MJ3,2022-10-13,17.972672,-67.06536
58153.58893852161,113011.6805298286,207328.44784456963,511485.2823386819,MJ4,2022-10-13,17.973782,-67.06234
57834.21106143913,114761.5427292467,211074.06303202288,511485.2823386819,E1,2022-10-13,17.954287,-67.050186
57142.76229833577,114363.105953537,211159.8726666771,511485.2823386819,L1,2022-10-13,17.943077,-67.05644
58446.96570347355,115772.54779816094,215277.9396809805,511485.2823386819,C3_West,2022-10-13,17.943748,-67.009384
59280.31594845724,115772.54779816094,215398.7324149224,511485.2823386819,C2_Center,2022-10-13,17.943632,-67.00623
58054.74864187491,115772.54779816094,216251.5171764364,511485.2823386819,C1_East,2022-10-13,17.944336,-67.002266
56603.95700286664,112062.53766131724,206350.00943719785,511485.2823386819,MJ1,2022-10-13,17.967564,-67.07653
58507.90996193371,114008.45161030638,211009.6224295999,511485.2823386819,G1,2022-10-13,17.97034,-67.04777
24230.98288844049,66887.95127888602,111930.65997745644,209537.16224340824,SC,2022-10-20,17.942287,-67.07675
25242.626704581104,66887.95127888602,110817.02481953356,209537.16224340824,MJ4,2022-10-20,17.973782,-67.06234
24921.67493808409,66887.95127888602,110817.02481953356,209537.16224340824,MJ3,2022-10-20,17.972672,-67.06536
23924.824179694748,66453.96556916335,112958.57531310093,209537.16224340824,ML1,2022-10-20,17.939789,-67.04021
24368.64345995118,66453.96556916335,112958.57531310088,209537.16224340824,ML3,2022-10-20,17.9392,-67.04
24368.64345995118,66453.96556916335,112958.57531310088,209537.16224340824,ML2,2022-10-20,17.9394,-67.04
24182.61354930407,66887.95127888602,110817.02481953356,209537.16224340824,MJ2,2022-10-20,17.968758,-67.076935
24182.61354930407,66887.95127888602,110817.02481953356,209537.16224340824,MJ1,2022-10-20,17.967564,-67.07653
21078.17257994956,64624.27149224857,111948.4510098692,209537.16224340824,C2_Center,2022-10-20,17.943632,-67.00623
25405.67410191653,67042.67538621389,113341.41476542504,209537.16224340824,L1,2022-10-20,17.943077,-67.05644
21091.1803760738,64624.27149224857,112096.9042760922,209537.16224340824,C1_East,2022-10-20,17.944336,-67.002266
24792.6248279412,66453.96556916335,112297.52938346218,209537.16224340824,G1,2022-10-20,17.97034,-67.04777
20497.43361659712,64624.27149224857,111948.4510098692,209537.16224340824,C3_West,2022-10-20,17.943748,-67.009384
24826.58655311132,66453.96556916335,112297.52938346218,209537.16224340824,E1,2022-10-20,17.954287,-67.050186
0.0,0.0,6683.413833436688,9931.479519543764,SC,2022-10-27,17.942287,-67.07675
0.0,0.0,6683.413833436688,9931.479519543764,ML3,2022-10-27,17.9392,-67.04
0.0,0.0,6683.413833436688,9931.479519543764,ML2,2022-10-27,17.9394,-67.04
0.0,0.0,6683.413833436688,9931.479519543764,ML1,2022-10-27,17.939789,-67.04021
0.0,0.0,6683.413833436688,9931.479519543764,MJ4,2022-10-27,17.973782,-67.06234
0.0,0.0,6683.413833436688,9931.479519543764,MJ3,2022-10-27,17.972672,-67.06536
0.0,0.0,6683.413833436688,9931.479519543764,MJ2,2022-10-27,17.968758,-67.076935
0.0,0.0,6683.413833436688,9931.479519543764,MJ1,2022-10-27,17.967564,-67.07653
0.0,0.0,6683.413833436688,9931.479519543764,L1,2022-10-27,17.943077,-67.05644
0.0,0.0,6683.413833436688,9931.479519543764,G1,2022-10-27,17.97034,-67.04777
0.0,0.0,6683.413833436688,9931.479519543764,E1,2022-10-27,17.954287,-67.050186
0.0,0.0,6683.413833436688,9931.479519543764,C3_West,2022-10-27,17.943748,-67.009384
0.0,0.0,6683.413833436688,9931.479519543764,C2_Center,2022-10-27,17.943632,-67.00623
0.0,0.0,6683.413833436688,9931.479519543764,C1_East,2022-10-27,17.944336,-67.002266
19562.834841883232,26198.7482985173,35527.78103891453,65013.00310661664,MJ2,2022-11-10,17.968758,-67.076935
17796.552376082505,26157.41117874186,35527.78103891453,65013.00310661664,SC,2022-11-10,17.942287,-67.07675
18165.133876177628,26157.41117874186,35527.78103891453,65013.00310661664,ML3,2022-11-10,17.9392,-67.04
18165.133876177628,26157.41117874186,35527.78103891453,65013.00310661664,ML2,2022-11-10,17.9394,-67.04
18165.133876177628,26157.41117874185,35527.78103891453,65013.00310661664,ML1,2022-11-10,17.939789,-67.04021
18165.133876177624,26198.7482985173,35527.78103891453,65013.00310661664,MJ4,2022-11-10,17.973782,-67.06234
18165.133876177628,26198.7482985173,35527.78103891453,65013.00310661664,MJ3,2022-11-10,17.972672,-67.06536
18979.602114415346,26198.7482985173,35527.78103891453,65013.00310661664,G1,2022-11-10,17.97034,-67.04777
18165.133876177628,26157.41117874185,35527.78103891454,65013.00310661664,E1,2022-11-10,17.954287,-67.050186
18979.602114415346,25957.19004076487,36435.32816396442,65013.00310661664,C3_West,2022-11-10,17.943748,-67.009384
18979.602114415346,25957.19004076487,36435.32816396442,65013.00310661664,C2_Center,2022-11-10,17.943632,-67.00623
18979.602114415346,25957.19004076487,37186.09673387004,65013.00310661664,C1_East,2022-11-10,17.944336,-67.002266
19562.83484188324,26198.74829851731,35527.78103891453,65013.00310661664,MJ1,2022-11-10,17.967564,-67.07653
17831.690267874466,26157.41117874186,35527.78103891453,65013.00310661664,L1,2022-11-10,17.943077,-67.05644
141358.18330462903,159715.75861608153,259388.8021070624,672836.6924289747,L1,2022-11-17,17.943077,-67.05644
140943.1224861639,156351.3160527439,253621.13736049403,672836.6924289747,G1,2022-11-17,17.97034,-67.04777
141515.91047504632,157508.67105575278,257647.2894388833,672836.6924289747,MJ1,2022-11-17,17.967564,-67.07653
141331.99743076158,158175.98859990455,258145.3637857489,672836.6924289747,SC,2022-11-17,17.942287,-67.07675
136557.4553384425,156881.16655008763,254368.0708145116,672836.6924289747,ML3,2022-11-17,17.9392,-67.04
136557.4553384425,156881.16655008763,254368.0708145116,672836.6924289747,ML2,2022-11-17,17.9394,-67.04
142289.67698021547,157714.04184933114,258145.3637857489,672836.6924289747,MJ4,2022-11-17,17.973782,-67.06234
137044.1283338459,155735.93152767792,254792.0618593706,672836.6924289747,C3_West,2022-11-17,17.943748,-67.009384
140943.1224861639,156874.58747162466,253621.13736049403,672836.6924289747,E1,2022-11-17,17.954287,-67.050186
138423.11714095503,155841.15634016466,254792.0618593706,672836.6924289747,C2_Center,2022-11-17,17.943632,-67.00623
138489.94385364375,155841.15634016466,254978.61295252023,672836.6924289747,C1_East,2022-11-17,17.944336,-67.002266
141655.9007849937,157508.67105575278,257647.2894388833,672836.6924289747,MJ2,2022-11-17,17.968758,-67.076935
141617.90414037614,157714.04184933112,258145.3637857489,672836.6924289747,MJ3,2022-11-17,17.972672,-67.06536
139263.64463727377,156881.16655008763,254368.0708145116,672836.6924289747,ML1,2022-11-17,17.939789,-67.04021
296168.04286410136,266327.3805703304,394721.7668846127,704096.9588250242,SC,2022-11-24,17.942287,-67.07675
298573.13660100213,257004.83131084323,386148.4911453925,704096.9588250242,ML3,2022-11-24,17.9392,-67.04
298573.13660100213,257004.83131084323,386148.4911453925,704096.9588250242,ML2,2022-11-24,17.9394,-67.04
298134.84628900606,257004.83131084323,386148.4911453925,704096.9588250242,ML1,2022-11-24,17.939789,-67.04021
297771.05006480176,266620.7089272702,395124.788401672,704096.9588250242,MJ4,2022-11-24,17.973782,-67.06234
296922.5526626287,266620.70892727014,394721.7668846127,704096.9588250242,MJ3,2022-11-24,17.972672,-67.06536
296685.0405058148,266327.3805703304,393824.31432635937,704096.9588250242,MJ2,2022-11-24,17.968758,-67.076935
296084.85576598,266327.3805703304,393824.31432635937,704096.9588250242,MJ1,2022-11-24,17.967564,-67.07653
301884.64788660064,255006.66142861624,383065.7933919141,704096.9588250242,C3_West,2022-11-24,17.943748,-67.009384
303034.874994701,255006.66142861624,383065.7933919141,704096.9588250242,C1_East,2022-11-24,17.944336,-67.002266
303191.53451705823,255006.66142861624,383065.79339191417,704096.9588250242,C2_Center,2022-11-24,17.943632,-67.00623
298086.5439590205,266620.70892727014,395492.4368099008,704096.9588250242,L1,2022-11-24,17.943077,-67.05644
298119.7618768445,256855.8842951618,385727.6121777925,704096.9588250242,E1,2022-11-24,17.954287,-67.050186
298827.3853730062,256855.88429516176,385727.6121777924,704096.9588250242,G1,2022-11-24,17.97034,-67.04777
109411.06094059766,184023.0101312769,317875.4793830937,705099.8839414043,MJ2,2022-12-01,17.968758,-67.076935
110751.1609931109,184763.99234529844,318630.9126162297,705099.8839414043,SC,2022-12-01,17.942287,-67.07675
111212.66741946552,183001.6945865476,319707.0922092627,705099.8839414043,ML3,2022-12-01,17.9392,-67.04
111212.6674194655,183001.6945865476,319707.0922092627,705099.8839414043,ML2,2022-12-01,17.9394,-67.04
110690.66583119704,183001.69458654747,319707.0922092627,705099.8839414043,ML1,2022-12-01,17.939789,-67.04021
109412.29232956846,184801.4460736492,319043.08170757984,705099.8839414043,MJ4,2022-12-01,17.973782,-67.06234
109530.3901320106,184801.4460736492,318785.2300931942,705099.8839414043,MJ3,2022-12-01,17.972672,-67.06536
109137.6327460902,182073.06512722143,315931.0088324785,705099.8839414043,G1,2022-12-01,17.97034,-67.04777
110114.52970556948,182456.1926904936,315981.6004247804,705099.8839414043,E1,2022-12-01,17.954287,-67.050186
110254.25674957527,180826.18635656903,319765.3010953807,705099.8839414043,C3_West,2022-12-01,17.943748,-67.009384
111173.07929395036,180826.18635656903,319765.3010953807,705099.8839414043,C2_Center,2022-12-01,17.943632,-67.00623
110729.87205287212,180826.18635656903,319765.3010953807,705099.8839414043,C1_East,2022-12-01,17.944336,-67.002266
109411.06094059766,184023.0101312769,317875.4793830937,705099.8839414043,MJ1,2022-12-01,17.967564,-67.07653
110828.86466725564,186093.2127725416,321621.3764207162,705099.8839414043,L1,2022-12-01,17.943077,-67.05644
116749.04227821586,139505.84369390385,352842.1398048396,1212103.946826935,MJ4,2022-12-08,17.973782,-67.06234
116841.27205203268,139505.84369390385,352185.8572471174,1212103.946826935,MJ3,2022-12-08,17.972672,-67.06536
122697.52313244726,139353.6795212674,353267.83588056697,1212103.946826935,SC,2022-12-08,17.942287,-67.07675
110307.36907164028,134604.76765864427,354977.6982437434,1212103.946826935,ML3,2022-12-08,17.9392,-67.04
110307.36907164028,134604.76765864427,354977.6982437434,1212103.946826935,ML2,2022-12-08,17.9394,-67.04
114124.55054172676,134604.76765864427,354977.6982437434,1212103.946826935,ML1,2022-12-08,17.939789,-67.04021
119488.3319470024,139264.51393819868,351230.69099082804,1212103.946826935,MJ2,2022-12-08,17.968758,-67.076935
119488.3319470024,139264.5139381987,351230.69099082804,1212103.946826935,MJ1,2022-12-08,17.967564,-67.07653
112615.62529610391,134476.97796638057,351589.8005243464,1212103.946826935,G1,2022-12-08,17.97034,-67.04777
117119.52561201953,134476.97796638057,351513.25558855926,1212103.946826935,E1,2022-12-08,17.954287,-67.050186
101892.91563866528,132895.71460596367,358305.4274914675,1212103.946826935,C3_West,2022-12-08,17.943748,-67.009384
101294.85288175556,132895.71460596367,358305.4274914675,1212103.946826935,C2_Center,2022-12-08,17.943632,-67.00623
101074.46496565848,132895.71460596367,360410.9280971076,1212103.946826935,C1_East,2022-12-08,17.944336,-67.002266
118277.12408725944,139793.1259219644,356378.07029858866,1212103.946826935,L1,2022-12-08,17.943077,-67.05644
421955.3791120032,577204.0469722404,809419.2513495925,1612075.6394577606,SC,2022-12-15,17.942287,-67.07675
424383.5417030449,567010.0757182331,802446.2688529477,1612075.6394577606,ML3,2022-12-15,17.9392,-67.04
424383.5417030449,567010.0757182331,802446.2688529477,1612075.6394577606,ML2,2022-12-15,17.9394,-67.04
424083.6685134616,567010.0757182331,802446.2688529477,1612075.6394577606,ML1,2022-12-15,17.939789,-67.04021
423979.85707784106,578807.1383587451,810275.2328383606,1612075.6394577606,MJ4,2022-12-15,17.973782,-67.06234
426091.01971521,578807.1383587451,810045.9848214204,1612075.6394577606,MJ3,2022-12-15,17.972672,-67.06536
425039.814975991,578807.138358745,804111.9729698087,1612075.6394577606,MJ2,2022-12-15,17.968758,-67.076935
423785.4678752413,578807.138358745,804111.9729698087,1612075.6394577606,MJ1,2022-12-15,17.967564,-67.07653
425399.14498703735,578653.718574094,813461.4155434998,1612075.6394577606,L1,2022-12-15,17.943077,-67.05644
425257.74950157147,568251.2261714413,801396.8610802827,1612075.6394577606,G1,2022-12-15,17.97034,-67.04777
424230.6904328893,568129.7820568967,801396.8610802827,1612075.6394577606,E1,2022-12-15,17.954287,-67.050186
429086.0169004557,564889.6781628834,799629.9536694098,1612075.6394577606,C3_West,2022-12-15,17.943748,-67.009384
429859.8379656393,564920.1859572813,799629.9536694098,1612075.6394577606,C2_Center,2022-12-15,17.943632,-67.00623
430549.1258815188,564920.1859572813,799746.7440515943,1612075.6394577606,C1_East,2022-12-15,17.944336,-67.002266
31639.19788815208,137407.38647153892,379559.9573619543,1126521.0136895755,SC,2023-02-02,17.942287,-67.07675
32393.827921937765,135142.7692510949,384856.1832644171,1126521.0136895755,ML3,2023-02-02,17.9392,-67.04
32393.827921937765,135142.7692510949,384856.1832644171,1126521.0136895755,ML2,2023-02-02,17.9394,-67.04
31926.22453760761,135142.7692510949,384732.1697833511,1126521.0136895755,ML1,2023-02-02,17.939789,-67.04021
32048.803896570404,137478.6357801605,380204.40146612015,1126521.0136895755,MJ4,2023-02-02,17.973782,-67.06234
31765.97082583958,137478.6357801605,379510.8087799019,1126521.0136895755,MJ3,2023-02-02,17.972672,-67.06536
31839.26006672781,137478.6357801605,378851.3944226439,1126521.0136895755,MJ2,2023-02-02,17.968758,-67.076935
31639.19788815208,137478.6357801605,378851.3944226439,1126521.0136895755,MJ1,2023-02-02,17.967564,-67.07653
31926.55849374065,137407.38647153892,383259.7181300356,1126521.0136895755,L1,2023-02-02,17.943077,-67.05644
32956.055439808086,135142.76925109493,382083.3936852942,1126521.0136895755,G1,2023-02-02,17.97034,-67.04777
32126.62067231639,135142.76925109493,381171.2675939221,1126521.0136895755,E1,2023-02-02,17.954287,-67.050186
34604.52151811897,135162.38037322354,392237.7809010541,1126521.0136895755,C3_West,2023-02-02,17.943748,-67.009384
35252.12039634843,135162.38037322354,392715.2126029682,1126521.0136895755,C2_Center,2023-02-02,17.943632,-67.00623
35288.92436344332,135162.38037322354,394294.76338550233,1126521.0136895755,C1_East,2023-02-02,17.944336,-67.002266
31505.48026085785,37179.711118302,238128.46980567405,495531.492555673,SC,2023-02-09,17.942287,-67.07675
30648.63212739192,36943.36791605108,240875.9402580118,495531.492555673,ML3,2023-02-09,17.9392,-67.04
30648.63212739192,36943.36791605108,240875.9402580118,495531.492555673,ML2,2023-02-09,17.9394,-67.04
31505.480260857858,36943.36791605108,240875.9402580118,495531.492555673,ML1,2023-02-09,17.939789,-67.04021
30377.63924736616,38529.46295556301,238182.41823251187,495531.492555673,MJ4,2023-02-09,17.973782,-67.06234
30377.63924736616,37991.86271269473,238182.41823251187,495531.492555673,MJ3,2023-02-09,17.972672,-67.06536
30377.63924736616,37991.86271269473,236882.89535699773,495531.492555673,MJ2,2023-02-09,17.968758,-67.076935
30377.63924736616,37991.86271269473,236882.89535699773,495531.492555673,MJ1,2023-02-09,17.967564,-67.07653
31505.48026085785,38250.22411734402,240249.49509790324,495531.492555673,L1,2023-02-09,17.943077,-67.05644
30377.63924736616,37721.81670311837,239354.2726016227,495531.492555673,G1,2023-02-09,17.97034,-67.04777
31505.480260857858,36723.50246819805,239354.2726016227,495531.492555673,E1,2023-02-09,17.954287,-67.050186
30648.63212739192,37316.07550793279,243608.1668522317,495531.492555673,C3_West,2023-02-09,17.943748,-67.009384
30648.63212739192,37365.30982709187,243712.83351178645,495531.492555673,C2_Center,2023-02-09,17.943632,-67.00623
30648.63212739192,37742.942329010606,244074.7253593896,495531.492555673,C1_East,2023-02-09,17.944336,-67.002266
44139.54445767149,80329.51652086359,648981.0955556112,1221905.5761327683,SC,2023-02-16,17.942287,-67.07675
45272.20343662451,82072.54344957959,656211.661310488,1221905.5761327683,ML3,2023-02-16,17.9392,-67.04
45272.20343662452,82072.54344957959,656211.661310488,1221905.5761327683,ML2,2023-02-16,17.9394,-67.04
44971.36799565227,82072.54344957959,656211.661310488,1221905.5761327683,ML1,2023-02-16,17.939789,-67.04021
47070.79229247259,80197.6027644758,651761.0422335326,1221905.5761327683,MJ4,2023-02-16,17.973782,-67.06234
45524.440919958,80197.6027644758,651341.4015910762,1221905.5761327683,MJ3,2023-02-16,17.972672,-67.06536
44978.61393093569,78700.01924008188,645746.6116752294,1221905.5761327683,MJ2,2023-02-16,17.968758,-67.076935
44978.61393093569,78700.01924008189,645746.6116752294,1221905.5761327683,MJ1,2023-02-16,17.967564,-67.07653
45020.04872908281,82406.50321971969,655168.9413519031,1221905.5761327683,L1,2023-02-16,17.943077,-67.05644
45324.4157892122,78016.8129839246,651984.0174650616,1221905.5761327683,G1,2023-02-16,17.97034,-67.04777
45029.58199712735,78704.58329756373,652087.6121602996,1221905.5761327683,E1,2023-02-16,17.954287,-67.050186
45970.0716365228,86935.23136991925,658446.8083889291,1221905.5761327683,C3_West,2023-02-16,17.943748,-67.009384
46078.6729072064,86935.23136991925,659441.5115635309,1221905.5761327683,C2_Center,2023-02-16,17.943632,-67.00623
46078.67290720641,87303.90796058737,659441.5115635309,1221905.5761327683,C1_East,2023-02-16,17.944336,-67.002266
65742.03704437336,146718.93498323808,766439.5687789553,1751654.4217276103,MJ2,2023-02-23,17.968758,-67.076935
64760.723209496784,147225.08941439915,768995.2524323022,1751654.4217276103,SC,2023-02-23,17.942287,-67.07675
65702.4011777442,145510.5843175526,771322.3090689628,1751654.4217276103,ML3,2023-02-23,17.9392,-67.04
65702.4011777442,145510.5843175526,771322.3090689628,1751654.4217276103,ML2,2023-02-23,17.9394,-67.04
64637.35709499764,145510.5843175526,771322.3090689628,1751654.4217276103,ML1,2023-02-23,17.939789,-67.04021
66077.66367439256,146934.85972228198,767649.6049183855,1751654.4217276103,MJ4,2023-02-23,17.973782,-67.06234
66074.09462348357,146550.21778270768,767550.3463353567,1751654.4217276103,MJ3,2023-02-23,17.972672,-67.06536
66434.49657269975,143085.44041736494,766437.9015435986,1751654.4217276103,G1,2023-02-23,17.97034,-67.04777
65551.87267108864,144347.44203394253,766572.6176453758,1751654.4217276103,E1,2023-02-23,17.954287,-67.050186
67654.6803551116,148280.22769236774,783044.6190196138,1751654.4217276103,C3_West,2023-02-23,17.943748,-67.009384
68236.63042738415,148628.23221375095,783280.1289994017,1751654.4217276103,C2_Center,2023-02-23,17.943632,-67.00623
68236.63042738417,149254.4916995184,787275.4809669541,1751654.4217276103,C1_East,2023-02-23,17.944336,-67.002266
65045.08988992263,146718.93498323808,766439.5687789553,1751654.4217276103,MJ1,2023-02-23,17.967564,-67.07653
65380.71651994184,149655.80629446424,771876.7506751721,1751654.4217276103,L1,2023-02-23,17.943077,-67.05644
349751.07256805646,847726.2052118805,3487874.958212704,5791274.153410213,MJ4,2023-03-09,17.973782,-67.06234
350294.5400517101,846950.3376008058,3486886.387223838,5791274.153410213,MJ3,2023-03-09,17.972672,-67.06536
351433.99842006434,856276.2923247189,3485674.106104538,5791274.153410213,SC,2023-03-09,17.942287,-67.07675
350763.2721707977,856893.2368678137,3503231.1338597448,5791274.153410213,ML3,2023-03-09,17.9392,-67.04
350763.2721707977,856893.2368678137,3503231.1338597448,5791274.153410213,ML2,2023-03-09,17.9394,-67.04
349279.800743969,836935.2368894356,3488929.426312767,5791274.153410213,G1,2023-03-09,17.97034,-67.04777
348246.9229312224,842527.5568067018,3475817.492209605,5791274.153410213,MJ1,2023-03-09,17.967564,-67.07653
349861.4666923788,847647.2104722498,3492182.749936224,5791274.153410213,E1,2023-03-09,17.954287,-67.050186
348839.083208292,842360.349768323,3474786.4198238524,5791274.153410213,MJ2,2023-03-09,17.968758,-67.076935
350141.6205475978,856893.2368678137,3503231.1338597448,5791274.153410213,ML1,2023-03-09,17.939789,-67.04021
343253.8366805166,858291.5891931108,3520059.201764392,5791274.153410213,C3_West,2023-03-09,17.943748,-67.009384
343793.93051830376,858291.5891931107,3520741.9640353,5791274.153410213,C2_Center,2023-03-09,17.943632,-67.00623
344027.39249068865,858291.5891931107,3523301.920254929,5791274.153410213,C1_East,2023-03-09,17.944336,-67.002266
349257.3041609515,864377.9161035998,3507890.2818466285,5791274.153410213,L1,2023-03-09,17.943077,-67.05644
171685.4362662524,302196.90466054174,1121110.3353174753,2510211.5069956426,MJ2,2023-03-16,17.968758,-67.076935
169885.0898493592,302226.8344372509,1130621.5529992736,2510211.5069956426,SC,2023-03-16,17.942287,-67.07675
173781.96825395717,302992.3954166488,1156280.1158845993,2510211.5069956426,ML3,2023-03-16,17.9392,-67.04
173781.96825395717,302992.3954166488,1156280.1158845993,2510211.5069956426,ML2,2023-03-16,17.9394,-67.04
172949.1993548082,302992.3954166488,1156280.1158845993,2510211.5069956426,ML1,2023-03-16,17.939789,-67.04021
171722.30776039578,303107.00573327625,1134102.0110082135,2510211.5069956426,MJ4,2023-03-16,17.973782,-67.06234
171411.74774745142,302891.31066612684,1131623.0426360578,2510211.5069956426,MJ3,2023-03-16,17.972672,-67.06536
173286.77308619238,301934.4834967602,1145274.3256763478,2510211.5069956426,G1,2023-03-16,17.97034,-67.04777
172148.69103383564,301964.4132734693,1147229.3167035708,2510211.5069956426,E1,2023-03-16,17.954287,-67.050186
175554.13847517423,304782.6436040529,1172987.4826535922,2510211.5069956426,C3_West,2023-03-16,17.943748,-67.009384
177146.89268527794,305214.67596072896,1174121.484822023,2510211.5069956426,C2_Center,2023-03-16,17.943632,-67.00623
177146.89268527794,305540.4511882645,1178758.8037388937,2510211.5069956426,C1_East,2023-03-16,17.944336,-67.002266
171685.43626625242,302196.90466054174,1121110.3353174753,2510211.5069956426,MJ1,2023-03-16,17.967564,-67.07653
171825.96851370524,304687.7954006645,1148477.5635051257,2510211.5069956426,L1,2023-03-16,17.943077,-67.05644
27922.838325857243,55956.9868764039,225458.30033218808,508706.50194442976,SC,2023-03-23,17.942287,-67.07675
28019.930769002127,55384.89397277337,226035.7353374133,508706.50194442976,MJ3,2023-03-23,17.972672,-67.06536
28311.576352568187,52902.64002436784,222059.25489329585,508706.50194442976,ML3,2023-03-23,17.9392,-67.04
28311.576352568187,52902.64002436784,222059.25489329585,508706.50194442976,ML2,2023-03-23,17.9394,-67.04
28311.576352568187,52902.64002436784,222059.25489329585,508706.50194442976,ML1,2023-03-23,17.939789,-67.04021
27922.838325857243,55418.834992257536,225458.30033218808,508706.50194442976,MJ2,2023-03-23,17.968758,-67.076935
28311.576352568187,55384.89397277337,226035.7353374133,508706.50194442976,MJ4,2023-03-23,17.973782,-67.06234
28311.576352568187,51952.70566979048,221331.00509601127,508706.50194442976,E1,2023-03-23,17.954287,-67.050186
27922.838325857243,55418.834992257536,225458.30033218808,508706.50194442976,MJ1,2023-03-23,17.967564,-67.07653
28643.921128175687,51931.642404633225,218920.3329065193,508706.50194442976,C3_West,2023-03-23,17.943748,-67.009384
28725.00790010943,51931.642404633225,218920.3329065193,508706.50194442976,C2_Center,2023-03-23,17.943632,-67.00623
28725.00790010943,51931.642404633225,219110.2404762309,508706.50194442976,C1_East,2023-03-23,17.944336,-67.002266
28311.576352568187,56566.94383805496,226035.7353374133,508706.50194442976,L1,2023-03-23,17.943077,-67.05644
28311.576352568187,51864.50651478214,221331.00509601127,508706.50194442976,G1,2023-03-23,17.97034,-67.04777
164991.93092510125,323841.3609217923,1009388.36917139,1850660.5185814183,MJ2,2023-03-30,17.968758,-67.076935
161600.3663929181,324108.08553728287,1012097.6007489648,1850660.5185814183,SC,2023-03-30,17.942287,-67.07675
151971.13623657057,324429.65607061255,1014685.150169129,1850660.5185814183,ML3,2023-03-30,17.9392,-67.04
151971.13623657057,324429.65607061255,1014685.150169129,1850660.5185814183,ML2,2023-03-30,17.9394,-67.04
151364.1904467738,324429.65607061255,1014685.150169129,1850660.5185814183,ML1,2023-03-30,17.939789,-67.04021
157329.48625930256,323957.03977430885,1012580.0075859554,1850660.5185814183,MJ3,2023-03-30,17.972672,-67.06536
155711.64336652256,324004.3756717728,1012873.5672221632,1850660.5185814183,MJ4,2023-03-30,17.973782,-67.06234
154368.87748870472,324094.26143480686,1012114.1966982224,1850660.5185814183,E1,2023-03-30,17.954287,-67.050186
155927.79127469403,325056.65980160586,1014520.2810639216,1850660.5185814183,L1,2023-03-30,17.943077,-67.05644
150981.6761472268,324818.4146451086,1015489.691954696,1850660.5185814183,C3_West,2023-03-30,17.943748,-67.009384
151753.57949834148,324894.65550774575,1019177.840766066,1850660.5185814183,C2_Center,2023-03-30,17.943632,-67.00623
151195.330224916,324931.1623252005,1019750.4945144164,1850660.5185814183,C1_East,2023-03-30,17.944336,-67.002266
165132.90079123413,323841.3609217923,1009388.3691713902,1850660.5185814183,MJ1,2023-03-30,17.967564,-67.07653
153044.56745136215,324005.59751621104,1012708.0126684366,1850660.5185814183,G1,2023-03-30,17.97034,-67.04777
79093.69197050692,295854.2019639838,886952.4862941756,1557379.7808099962,ML3,2023-04-13,17.9392,-67.04
76830.11455683553,287123.17758596974,885922.8851940916,1557379.7808099962,MJ3,2023-04-13,17.972672,-67.06536
76976.4524716838,288392.8376173645,885251.7825362396,1557379.7808099962,SC,2023-04-13,17.942287,-67.07675
77839.78501194343,293273.8957733372,886952.4862941756,1557379.7808099962,ML1,2023-04-13,17.939789,-67.04021
79093.69197050692,295854.2019639838,886952.4862941756,1557379.7808099962,ML2,2023-04-13,17.9394,-67.04
76830.11455683553,287244.30111083365,887220.5658738173,1557379.7808099962,MJ4,2023-04-13,17.973782,-67.06234
75517.12915267546,284808.61281318683,884927.2758832518,1557379.7808099962,MJ2,2023-04-13,17.968758,-67.076935
81239.46614144222,296637.2495473933,889619.906193149,1557379.7808099962,C3_West,2023-04-13,17.943748,-67.009384
81046.65613208587,288342.5677756617,884827.2894874121,1557379.7808099962,E1,2023-04-13,17.954287,-67.050186
79836.63303923848,286473.4070511858,884827.2894874121,1557379.7808099962,G1,2023-04-13,17.97034,-67.04777
81508.00258153657,297450.5178225458,890679.299073185,1557379.7808099962,C1_East,2023-04-13,17.944336,-67.002266
81508.00258153658,297450.5178225458,889619.906193149,1557379.7808099962,C2_Center,2023-04-13,17.943632,-67.00623
80472.30751543908,291454.8616481759,887858.3117652346,1557379.7808099962,L1,2023-04-13,17.943077,-67.05644
74942.78053602866,284808.61281318683,884927.2758832518,1557379.7808099962,MJ1,2023-04-13,17.967564,-67.07653
103186.36802891178,64718.22766959648,322923.1321373626,560679.5278938162,MJ3,2023-04-20,17.972672,-67.06536
103153.64355720786,64860.29295526602,323277.03635331657,560679.5278938162,SC,2023-04-20,17.942287,-67.07675
101169.65506171796,66340.77565853807,324617.7287755019,560679.5278938162,ML3,2023-04-20,17.9392,-67.04
101169.65506171796,66340.77565853807,324617.7287755019,560679.5278938162,ML2,2023-04-20,17.9394,-67.04
101134.87230138392,66340.77565853807,324617.7287755019,560679.5278938162,ML1,2023-04-20,17.939789,-67.04021
100822.93851860904,63882.96331770271,322397.4679648868,560679.5278938162,MJ2,2023-04-20,17.968758,-67.076935
102746.81253428674,64718.22766959648,322923.1321373626,560679.5278938162,MJ4,2023-04-20,17.973782,-67.06234
102064.27768833013,65086.771295261446,324264.3315074629,560679.5278938162,L1,2023-04-20,17.943077,-67.05644
102062.0818058344,64477.806893250185,323924.721267014,560679.5278938162,E1,2023-04-20,17.954287,-67.050186
99095.6578374888,68919.69660525715,324407.40604872047,560679.5278938162,C3_West,2023-04-20,17.943748,-67.009384
99095.6578374888,68919.69660525715,324619.5036855792,560679.5278938162,C2_Center,2023-04-20,17.943632,-67.00623
99095.65783748882,69713.67585770426,324619.5036855792,560679.5278938162,C1_East,2023-04-20,17.944336,-67.002266
100822.93851860904,63882.96331770271,322397.4679648868,560679.5278938162,MJ1,2023-04-20,17.967564,-67.07653
102954.79148525692,64251.32855325475,323924.721267014,560679.5278938162,G1,2023-04-20,17.97034,-67.04777
678059.780492541,697300.8140645807,1232359.8580619094,2396412.9870194253,ML2,2023-04-27,17.9394,-67.04
674488.3450559248,707719.5863630568,1255492.3717859392,2396412.9870194253,MJ3,2023-04-27,17.972672,-67.06536
677412.8314357855,708244.2817077278,1255492.3717859392,2396412.9870194253,MJ4,2023-04-27,17.973782,-67.06234
669426.1324227185,712533.6524806836,1254145.3045331344,2396412.9870194253,SC,2023-04-27,17.942287,-67.07675
678059.780492541,697300.8140645807,1232359.8580619094,2396412.9870194253,ML3,2023-04-27,17.9392,-67.04
672769.1914042187,707719.5863630568,1254218.6562408824,2396412.9870194253,MJ2,2023-04-27,17.968758,-67.076935
675196.6770965066,697300.8140645807,1232359.8580619094,2396412.9870194253,ML1,2023-04-27,17.939789,-67.04021
675412.6332336449,713210.9807749945,1255472.2825849357,2396412.9870194253,L1,2023-04-27,17.943077,-67.05644
688073.0575854568,690432.5162954531,1221630.0738823337,2396412.9870194253,C3_West,2023-04-27,17.943748,-67.009384
690475.8134201958,690432.5162954531,1221785.792539169,2396412.9870194253,C2_Center,2023-04-27,17.943632,-67.00623
690193.6540393579,691124.1023803782,1221785.792539169,2396412.9870194253,C1_East,2023-04-27,17.944336,-67.002266
671878.5799587888,707719.5863630569,1254218.6562408824,2396412.9870194253,MJ1,2023-04-27,17.967564,-67.07653
676840.4713357389,692871.4526800783,1232240.0682162866,2396412.9870194253,E1,2023-04-27,17.954287,-67.050186
677713.4478144576,692663.7990520513,1232352.9423525794,2396412.9870194253,G1,2023-04-27,17.97034,-67.04777
343990.37730466714,388837.8655774189,1232631.7808608918,2758437.4007507595,MJ3,2023-05-04,17.972672,-67.06536
333525.8408030416,389314.0569348196,1233733.8635717968,2758437.4007507595,SC,2023-05-04,17.942287,-67.07675
339772.19771379494,374320.2738106775,1232585.200905762,2758437.4007507595,ML3,2023-05-04,17.9392,-67.04
339772.19771379494,374320.2738106775,1232585.200905762,2758437.4007507595,ML2,2023-05-04,17.9394,-67.04
338089.670986135,374320.2738106774,1232585.200905762,2758437.4007507595,ML1,2023-05-04,17.939789,-67.04021
345562.9877925506,388837.8655774189,1233032.4367192048,2758437.4007507595,MJ4,2023-05-04,17.973782,-67.06234
339593.3842406027,388712.9435309709,1226893.708745384,2758437.4007507595,MJ2,2023-05-04,17.968758,-67.076935
338155.64014383126,388837.8655774189,1227400.9260015942,2758437.4007507595,MJ1,2023-05-04,17.967564,-67.07653
340388.7064300155,373556.38015544665,1222036.687089847,2758437.4007507595,E1,2023-05-04,17.954287,-67.050186
349741.8491149689,371279.8717593702,1239397.6408688729,2758437.4007507595,C3_West,2023-05-04,17.943748,-67.009384
350759.4328628509,371302.260008496,1239397.6408688729,2758437.4007507595,C2_Center,2023-05-04,17.943632,-67.00623
354039.6928387187,371302.260008496,1241963.663895881,2758437.4007507595,C1_East,2023-05-04,17.944336,-67.002266
339342.32061607647,389947.6976448519,1241994.583304675,2758437.4007507595,L1,2023-05-04,17.943077,-67.05644
346284.21668579185,373761.7294751461,1219443.948978575,2758437.4007507595,G1,2023-05-04,17.97034,-67.04777
204470.8688103899,154637.63389122442,656931.1671894252,1329824.3903200943,SC,2023-05-11,17.942287,-67.07675
201919.3148698928,152928.00994576752,658956.7224447685,1329824.3903200943,ML2,2023-05-11,17.9394,-67.04
201919.3148698928,152928.0099457675,658956.7224447685,1329824.3903200943,ML1,2023-05-11,17.939789,-67.04021
210546.5465896663,154286.54321145682,655900.181224038,1329824.3903200943,MJ3,2023-05-11,17.972672,-67.06536
201919.3148698928,152928.00994576752,658956.7224447685,1329824.3903200943,ML3,2023-05-11,17.9392,-67.04
210510.19003019945,154264.09231377803,653714.0151207738,1329824.3903200943,MJ2,2023-05-11,17.968758,-67.076935
209563.26931169303,154286.54321145682,656311.8046822398,1329824.3903200943,MJ4,2023-05-11,17.973782,-67.06234
204349.0892562908,155031.63978671643,658678.5034108142,1329824.3903200943,L1,2023-05-11,17.943077,-67.05644
196136.484260918,150774.38812191298,658908.5880069869,1329824.3903200943,C2_Center,2023-05-11,17.943632,-67.00623
205080.8091190635,151669.26734693942,656340.3465074316,1329824.3903200943,E1,2023-05-11,17.954287,-67.050186
207381.69682405223,151572.52071891897,655820.0825581936,1329824.3903200943,G1,2023-05-11,17.97034,-67.04777
194596.18682343047,150774.38812191298,659115.1243216398,1329824.3903200943,C1_East,2023-05-11,17.944336,-67.002266
196136.484260918,150774.38812191298,658908.5880069869,1329824.3903200943,C3_West,2023-05-11,17.943748,-67.009384
209900.9186961093,154264.092313778,654095.689689358,1329824.3903200943,MJ1,2023-05-11,17.967564,-67.07653
257967.87271604777,321913.1595631617,916368.1348087728,1796854.7671214028,MJ4,2023-05-18,17.973782,-67.06234
256646.9498128292,324438.92268699704,917892.6509686896,1796854.7671214028,SC,2023-05-18,17.942287,-67.07675
255885.41838911915,319496.7673697734,908755.6051770168,1796854.7671214028,ML3,2023-05-18,17.9392,-67.04
255885.41838911915,319496.7673697734,908755.6051770168,1796854.7671214028,ML2,2023-05-18,17.9394,-67.04
257967.87271604777,320845.5387089058,916368.1348087728,1796854.7671214028,MJ3,2023-05-18,17.972672,-67.06536
257999.1587451535,320695.1499196457,915839.5973249568,1796854.7671214028,MJ2,2023-05-18,17.968758,-67.076935
255885.41838911915,319496.7673697735,908755.6051770168,1796854.7671214028,ML1,2023-05-18,17.939789,-67.04021
256646.9498128291,328217.6322484982,919752.5072968748,1796854.7671214028,L1,2023-05-18,17.943077,-67.05644
258412.8434410636,316296.94260569284,907486.5077076332,1796854.7671214028,G1,2023-05-18,17.97034,-67.04777
256940.07595635345,315666.31865026307,901025.8543076132,1796854.7671214028,C3_West,2023-05-18,17.943748,-67.009384
256940.07595635345,315666.31865026307,901025.8543076132,1796854.7671214028,C2_Center,2023-05-18,17.943632,-67.00623
256896.41329525647,315680.29082406854,901025.8543076132,1796854.7671214028,C1_East,2023-05-18,17.944336,-67.002266
257742.67333530672,320695.1499196457,915839.5973249568,1796854.7671214028,MJ1,2023-05-18,17.967564,-67.07653
256380.75278813727,316900.6396792153,907742.3336489476,1796854.7671214028,E1,2023-05-18,17.954287,-67.050186
389057.914418491,423504.8142277617,1326215.111170726,2360859.853607612,MJ3,2023-05-25,17.972672,-67.06536
386411.9249124284,426630.72543482325,1326148.5750631085,2360859.853607612,SC,2023-05-25,17.942287,-67.07675
385357.3841215555,410437.900237608,1315906.822626729,2360859.853607612,ML3,2023-05-25,17.9392,-67.04
385357.3841215555,410437.900237608,1315906.822626729,2360859.853607612,ML2,2023-05-25,17.9394,-67.04
385718.65177290817,410437.900237608,1315906.822626729,2360859.853607612,ML1,2023-05-25,17.939789,-67.04021
389057.914418491,423504.8142277616,1326900.636795332,2360859.853607612,MJ4,2023-05-25,17.973782,-67.06234
389057.914418491,421266.3285534423,1323774.2577326244,2360859.853607612,MJ2,2023-05-25,17.968758,-67.076935
389006.1533976195,421266.3285534423,1323893.8842296945,2360859.853607612,MJ1,2023-05-25,17.967564,-67.07653
387877.0245220485,408723.4625422157,1310760.288018372,2360859.853607612,E1,2023-05-25,17.954287,-67.050186
391630.6238033822,397931.8254689232,1307829.2190205487,2360859.853607612,C3_West,2023-05-25,17.943748,-67.009384
392445.370052654,397931.8254689232,1307829.219020549,2360859.853607612,C2_Center,2023-05-25,17.943632,-67.00623
389647.5802542259,397931.8254689232,1307829.2190205487,2360859.853607612,C1_East,2023-05-25,17.944336,-67.002266
386230.402489706,428242.9399887227,1332295.445919867,2360859.853607612,L1,2023-05-25,17.943077,-67.05644
388611.8901381005,407793.1493024732,1310027.291708935,2360859.853607612,G1,2023-05-25,17.97034,-67.04777
88465.43799371753,31956.73754728615,364909.1574270949,812884.3519812981,MJ3,2023-06-01,17.972672,-67.06536
90444.00255555272,32044.597289916022,365053.0120631575,812884.3519812981,SC,2023-06-01,17.942287,-67.07675
88256.76524389398,28417.1157473744,365745.8828076465,812884.3519812981,ML3,2023-06-01,17.9392,-67.04
88256.76524389398,28417.1157473744,365745.8828076465,812884.3519812981,ML2,2023-06-01,17.9394,-67.04
88256.76524389398,28421.55472496558,365745.8828076465,812884.3519812981,ML1,2023-06-01,17.939789,-67.04021
88465.43799371753,31956.73754728615,365107.6860598116,812884.3519812981,MJ4,2023-06-01,17.973782,-67.06234
90229.57226235616,31370.997823909616,364241.6723486682,812884.3519812981,MJ2,2023-06-01,17.968758,-67.076935
90229.5722623562,31370.997823909616,364241.6723486682,812884.3519812981,MJ1,2023-06-01,17.967564,-67.07653
88256.765243894,27884.134242694185,364969.4348418844,812884.3519812981,E1,2023-06-01,17.954287,-67.050186
86289.53516330072,26585.21175499681,367994.9105328516,812884.3519812981,C3_West,2023-06-01,17.943748,-67.009384
86289.53516330074,26585.21175499681,367994.9105328516,812884.3519812981,C2_Center,2023-06-01,17.943632,-67.00623
86289.53516330074,26585.21175499681,369218.90579866746,812884.3519812981,C1_East,2023-06-01,17.944336,-67.002266
88636.04236470725,32092.09946151206,368356.5703960037,812884.3519812981,L1,2023-06-01,17.943077,-67.05644
87921.91448186505,28123.87736569044,364323.4734256212,812884.3519812981,G1,2023-06-01,17.97034,-67.04777
241258.486599872,659669.3542847158,1426537.3581860457,2466759.66328128,MJ3,2023-06-08,17.972672,-67.06536
233739.5788703856,659075.5461902886,1425599.5179018502,2466759.66328128,SC,2023-06-08,17.942287,-67.07675
236624.40684061148,659342.7719255954,1430811.2932293066,2466759.66328128,ML1,2023-06-08,17.939789,-67.04021
240276.2508971553,658140.3577503366,1425158.9960627854,2466759.66328128,MJ1,2023-06-08,17.967564,-67.07653
236624.40684061145,659342.7719255954,1430811.2932293066,2466759.66328128,ML2,2023-06-08,17.9394,-67.04
243790.8082001823,660656.8228336934,1434863.05813907,2466759.66328128,C2_Center,2023-06-08,17.943632,-67.00623
236601.0360333185,659342.7719255954,1430811.2932293066,2466759.66328128,ML3,2023-06-08,17.9392,-67.04
240231.9346000912,658140.3577503366,1424864.550787682,2466759.66328128,MJ2,2023-06-08,17.968758,-67.076935
244962.89381219764,661022.9936873908,1435750.9731213364,2466759.66328128,C1_East,2023-06-08,17.944336,-67.002266
246529.93922493453,659229.1075966705,1428267.6384905668,2466759.66328128,G1,2023-06-08,17.97034,-67.04777
243537.2518556461,659669.3542847158,1426638.7564983896,2466759.66328128,MJ4,2023-06-08,17.973782,-67.06234
236059.7500451612,659560.5006373752,1430365.8082239237,2466759.66328128,L1,2023-06-08,17.943077,-67.05644
241983.1559878429,660527.2786501421,1434863.0581390697,2466759.66328128,C3_West,2023-06-08,17.943748,-67.009384
240066.0355941348,658672.2049893456,1429296.1027149411,2466759.66328128,E1,2023-06-08,17.954287,-67.050186
177815.42991237238,302452.36442597816,1135741.2022076645,1722121.710463604,MJ3,2023-06-15,17.972672,-67.06536
177564.76917219823,305322.99728724075,1134954.036806791,1722121.710463604,SC,2023-06-15,17.942287,-67.07675
179188.7542300127,310075.43280583504,1142035.109308701,1722121.710463604,ML3,2023-06-15,17.9392,-67.04
179188.7542300127,310075.43280583504,1142035.109308701,1722121.710463604,ML2,2023-06-15,17.9394,-67.04
178329.63695677472,310075.43280583504,1142035.109308701,1722121.710463604,ML1,2023-06-15,17.939789,-67.04021
177810.13542394908,302215.3716867984,1132446.4880177255,1722121.710463604,MJ2,2023-06-15,17.968758,-67.076935
178121.90158512,302452.36442597816,1135821.5082750854,1722121.710463604,MJ4,2023-06-15,17.973782,-67.06234
178094.61924889538,307775.5664639503,1139004.135790751,1722121.710463604,L1,2023-06-15,17.943077,-67.05644
178944.97717029584,306209.02781790314,1138047.351091787,1722121.710463604,E1,2023-06-15,17.954287,-67.050186
183979.70518591223,312206.4025503972,1144852.3987556929,1722121.710463604,C3_West,2023-06-15,17.943748,-67.009384
185086.601387623,312436.3849172811,1144852.3987556929,1722121.710463604,C2_Center,2023-06-15,17.943632,-67.00623
184737.49895181647,313768.1434305811,1146149.22289944,1722121.710463604,C1_East,2023-06-15,17.944336,-67.002266
177280.78321785334,302032.1750702313,1132446.4880177255,1722121.710463604,MJ1,2023-06-15,17.967564,-67.07653
179633.45729154,305244.04349621566,1137879.4491545476,1722121.710463604,G1,2023-06-15,17.97034,-67.04777
75824.52748909134,284341.94151231414,562191.4513242119,852560.9396865673,ML2,2023-06-22,17.9394,-67.04
77283.41495323842,279003.3393951128,563751.5122835836,852560.9396865673,MJ4,2023-06-22,17.973782,-67.06234
75646.4540773937,284341.94151231414,562191.4513242119,852560.9396865673,ML1,2023-06-22,17.939789,-67.04021
77269.37303836015,279003.3393951128,563438.1634040059,852560.9396865673,MJ3,2023-06-22,17.972672,-67.06536
75824.52748909134,284341.94151231414,562191.4513242119,852560.9396865673,ML3,2023-06-22,17.9392,-67.04
77269.37303836015,278865.8912382701,561338.5668084363,852560.9396865673,MJ2,2023-06-22,17.968758,-67.076935
75746.19486520524,284721.75914275774,562510.6448666783,852560.9396865673,SC,2023-06-22,17.942287,-67.07675
75841.85209371804,285624.11783105764,565780.1497228186,852560.9396865673,L1,2023-06-22,17.943077,-67.05644
76699.60716273621,282604.7886893276,564248.5769679841,852560.9396865673,C3_West,2023-06-22,17.943748,-67.009384
77283.41495323842,276284.17314948165,559398.9917149008,852560.9396865673,G1,2023-06-22,17.97034,-67.04777
77116.95117620894,282604.78868932754,564488.0685675702,852560.9396865673,C1_East,2023-06-22,17.944336,-67.002266
77269.37303836015,278865.8912382701,561338.5668084362,852560.9396865673,MJ1,2023-06-22,17.967564,-67.07653
77116.95117620894,282604.7886893276,564471.7808277387,852560.9396865673,C2_Center,2023-06-22,17.943632,-67.00623
76100.73996259911,279180.9583013891,559478.5569727854,852560.9396865673,E1,2023-06-22,17.954287,-67.050186
155272.37383202973,180732.68933945269,423948.493517316,734536.112135457,MJ3,2023-06-29,17.972672,-67.06536
153817.8057335511,184749.6749750779,423948.49351731606,734536.112135457,SC,2023-06-29,17.942287,-67.07675
149029.11097345874,183295.5583904638,418215.3727026238,734536.112135457,ML3,2023-06-29,17.9392,-67.04
149029.11097345877,183295.5583904638,418215.3727026238,734536.112135457,ML2,2023-06-29,17.9394,-67.04
149029.11097345874,183014.91128852745,418215.3727026238,734536.112135457,ML1,2023-06-29,17.939789,-67.04021
154184.29670527249,180732.68933945269,423948.49351731606,734536.112135457,MJ2,2023-06-29,17.968758,-67.076935
154015.3265939772,180732.68933945269,423948.493517316,734536.112135457,MJ4,2023-06-29,17.973782,-67.06234
151654.74280966242,186120.39068198507,423948.49351731606,734536.112135457,L1,2023-06-29,17.943077,-67.05644
152062.37341000338,178527.4942806458,418215.3727026238,734536.112135457,E1,2023-06-29,17.954287,-67.050186
149525.3265015474,179699.17555647207,414210.3212613056,734536.112135457,C3_West,2023-06-29,17.943748,-67.009384
149525.3265015474,179714.43486733089,414210.3212613056,734536.112135457,C2_Center,2023-06-29,17.943632,-67.00623
148685.9000162793,179714.43486733089,414210.3212613056,734536.112135457,C1_East,2023-06-29,17.944336,-67.002266
153755.51082724662,180732.68933945269,423948.493517316,734536.112135457,MJ1,2023-06-29,17.967564,-67.07653
154087.6547639767,175155.05322119233,418215.3727026238,734536.112135457,G1,2023-06-29,17.97034,-67.04777
36961.56776914178,42898.2821504376,152917.02296131483,378495.5456024221,ML2,2023-07-06,17.9394,-67.04
36961.56776914178,42898.2821504376,152917.02296131483,378495.5456024221,ML1,2023-07-06,17.939789,-67.04021
36707.819004346,45920.00986944047,155914.18856533465,378495.5456024221,MJ3,2023-07-06,17.972672,-67.06536
36961.56776914178,42898.2821504376,152917.02296131483,378495.5456024221,ML3,2023-07-06,17.9392,-67.04
36707.819004346,46363.1813544347,155865.98632680485,378495.5456024221,SC,2023-07-06,17.942287,-67.07675
36707.819004346,45920.00986944047,155914.18856533468,378495.5456024221,MJ4,2023-07-06,17.973782,-67.06234
36707.819004346,45920.00986944047,155448.40162183388,378495.5456024221,MJ2,2023-07-06,17.968758,-67.076935
36707.819004346,45920.00986944047,155448.40162183388,378495.5456024221,MJ1,2023-07-06,17.967564,-67.07653
36961.56776914178,41139.830807354665,153799.51895475833,378495.5456024221,C1_East,2023-07-06,17.944336,-67.002266
36961.56776914178,41139.830807354665,153799.51895475836,378495.5456024221,C3_West,2023-07-06,17.943748,-67.009384
36961.56776914178,42725.48004321328,152611.50599647826,378495.5456024221,E1,2023-07-06,17.954287,-67.050186
36961.56776914178,42455.110665443375,152611.50599647826,378495.5456024221,G1,2023-07-06,17.97034,-67.04777
36961.56776914178,41139.830807354665,153799.51895475836,378495.5456024221,C2_Center,2023-07-06,17.943632,-67.00623
36961.56776914178,46363.1813544347,156713.38771701785,378495.5456024221,L1,2023-07-06,17.943077,-67.05644
44168.049901000006,76406.97359271496,196134.13043608924,331974.4943808372,MJ3,2023-07-13,17.972672,-67.06536
43285.87780618039,76406.97359271499,196134.1304360892,331974.4943808372,SC,2023-07-13,17.942287,-67.07675
44386.94067988575,75814.64667812295,196540.43065361952,331974.4943808372,ML3,2023-07-13,17.9392,-67.04
44386.94067988575,75814.64667812295,196540.43065361952,331974.4943808372,ML2,2023-07-13,17.9394,-67.04
44386.94067988575,75814.64667812295,196540.43065361952,331974.4943808372,ML1,2023-07-13,17.939789,-67.04021
43285.877806180375,76406.97359271496,194371.7549802544,331974.4943808372,MJ2,2023-07-13,17.968758,-67.076935
44304.50620885638,76406.97359271496,196134.1304360892,331974.4943808372,MJ4,2023-07-13,17.973782,-67.06234
44304.50620885639,76406.97359271497,196595.306224802,331974.4943808372,L1,2023-07-13,17.943077,-67.05644
44386.94067988575,75814.64667812294,195776.8519514248,331974.4943808372,E1,2023-07-13,17.954287,-67.050186
46898.18024434128,75468.15509911357,196855.30956507337,331974.4943808372,C3_West,2023-07-13,17.943748,-67.009384
47649.07094159939,75468.15509911359,196855.30956507337,331974.4943808372,C2_Center,2023-07-13,17.943632,-67.00623
47649.0709415994,75468.15509911359,196855.30956507337,331974.4943808372,C1_East,2023-07-13,17.944336,-67.002266
43285.87780618038,76406.97359271496,194371.7549802544,331974.4943808372,MJ1,2023-07-13,17.967564,-67.07653
44386.94067988575,75814.64667812294,195776.8519514248,331974.4943808372,G1,2023-07-13,17.97034,-67.04777
3757.906923371672,2368.8774739134446,9835.0965126619,14250.395272512678,MJ2,2023-07-20,17.968758,-67.076935
3757.906923371672,2368.8774739134446,9835.0965126619,14250.395272512678,SC,2023-07-20,17.942287,-67.07675
3757.906923371672,2368.8774739134446,9835.0965126619,14250.395272512678,ML3,2023-07-20,17.9392,-67.04
3757.906923371672,2368.8774739134446,9835.0965126619,14250.395272512678,ML2,2023-07-20,17.9394,-67.04
3757.906923371672,2368.8774739134446,9835.0965126619,14250.395272512678,ML1,2023-07-20,17.939789,-67.04021
3757.906923371672,2368.8774739134446,9835.0965126619,14250.395272512678,MJ4,2023-07-20,17.973782,-67.06234
3757.906923371672,2368.8774739134446,9835.0965126619,14250.395272512678,MJ3,2023-07-20,17.972672,-67.06536
3757.906923371672,2368.8774739134446,9835.0965126619,14250.395272512678,G1,2023-07-20,17.97034,-67.04777
3757.906923371672,2368.8774739134446,9835.0965126619,14250.395272512678,E1,2023-07-20,17.954287,-67.050186
3757.906923371672,2368.8774739134446,9835.0965126619,14250.395272512678,C3_West,2023-07-20,17.943748,-67.009384
3757.906923371672,2368.8774739134446,9835.0965126619,14250.395272512678,C2_Center,2023-07-20,17.943632,-67.00623
3757.906923371672,2368.8774739134446,9835.0965126619,14250.395272512678,C1_East,2023-07-20,17.944336,-67.002266
3757.906923371672,2368.8774739134446,9835.0965126619,14250.395272512678,MJ1,2023-07-20,17.967564,-67.07653
3757.906923371672,2368.8774739134446,9835.0965126619,14250.395272512678,L1,2023-07-20,17.943077,-67.05644
43253.79092956899,20465.13878172064,217153.561751806,420512.9114328261,MJ3,2023-07-27,17.972672,-67.06536
44164.15416945247,19882.4284413179,217153.561751806,420512.9114328261,SC,2023-07-27,17.942287,-67.07675
41323.32754254119,19548.510501543507,216769.61489119564,420512.9114328261,ML3,2023-07-27,17.9392,-67.04
41323.32754254119,19548.510501543507,216769.61489119564,420512.9114328261,ML2,2023-07-27,17.9394,-67.04
41323.32754254119,19548.510501543507,216769.61489119564,420512.9114328261,ML1,2023-07-27,17.939789,-67.04021
42841.149396798224,20465.13878172064,217153.561751806,420512.9114328261,MJ4,2023-07-27,17.973782,-67.06234
44066.77924423527,19882.4284413179,217153.561751806,420512.9114328261,MJ2,2023-07-27,17.968758,-67.076935
44066.77924423527,19882.4284413179,217153.561751806,420512.9114328261,MJ1,2023-07-27,17.967564,-67.07653
42657.66306075236,19548.510501543507,216769.6148911957,420512.9114328261,E1,2023-07-27,17.954287,-67.050186
40185.62026181078,19210.8851797347,217487.79703838463,420512.9114328261,C3_West,2023-07-27,17.943748,-67.009384
40185.62026181078,19210.8851797347,217487.79703838463,420512.9114328261,C2_Center,2023-07-27,17.943632,-67.00623
40185.62026181078,19210.8851797347,217487.79703838463,420512.9114328261,C1_East,2023-07-27,17.944336,-67.002266
42657.66306075236,20465.13878172064,217912.9878437077,420512.9114328261,L1,2023-07-27,17.943077,-67.05644
42219.44357742411,19548.510501543507,216769.61489119564,420512.9114328261,G1,2023-07-27,17.97034,-67.04777
543001.2879486346,886894.8050336476,3283287.337166348,6314018.221838052,ML2,2023-08-03,17.9394,-67.04
541556.6584804852,886521.3288387017,3283287.337166348,6314018.221838052,ML1,2023-08-03,17.939789,-67.04021
534067.0206763628,896404.8856913521,3260890.7872427027,6314018.221838052,MJ3,2023-08-03,17.972672,-67.06536
543001.2879486346,886894.8050336476,3283287.337166348,6314018.221838052,ML3,2023-08-03,17.9392,-67.04
531179.2424234322,874477.0842763996,3257867.176697968,6314018.221838052,SC,2023-08-03,17.942287,-67.07675
537635.1503167091,897095.371312981,3261342.076698536,6314018.221838052,MJ4,2023-08-03,17.973782,-67.06234
531278.3715656121,886414.3143654419,3248095.625243624,6314018.221838052,MJ2,2023-08-03,17.968758,-67.076935
531278.3715656121,886798.1032866087,3248095.625243624,6314018.221838052,MJ1,2023-08-03,17.967564,-67.07653
551086.7781412852,905150.1556418752,3308914.148561749,6314018.221838052,C1_East,2023-08-03,17.944336,-67.002266
548536.5803233216,904245.0722834476,3305166.1875138856,6314018.221838052,C3_West,2023-08-03,17.943748,-67.009384
544055.5972700765,891821.1153033605,3272320.3877121,6314018.221838052,E1,2023-08-03,17.954287,-67.050186
543181.7304748005,896551.7105020885,3268298.0172007824,6314018.221838052,G1,2023-08-03,17.97034,-67.04777
552581.8069929699,904663.4201573464,3305697.026546906,6314018.221838052,C2_Center,2023-08-03,17.943632,-67.00623
543159.4201078792,888928.35855513,3281113.0023750323,6314018.221838052,L1,2023-08-03,17.943077,-67.05644
169835.6286289919,171440.0007487056,431961.8972791958,1007954.0964259448,MJ3,2023-08-10,17.972672,-67.06536
169325.04755759035,171440.0007487056,431157.898268927,1007954.0964259448,SC,2023-08-10,17.942287,-67.07675
170701.9512798127,170533.00698196335,432532.94534437737,1007954.0964259448,ML3,2023-08-10,17.9392,-67.04
170701.9512798127,170533.00698196335,432532.94534437737,1007954.0964259448,ML2,2023-08-10,17.9394,-67.04
169760.63857868116,170533.00698196335,432532.94534437737,1007954.0964259448,ML1,2023-08-10,17.939789,-67.04021
170734.29032851357,171440.0007487056,430523.8118924235,1007954.0964259448,MJ2,2023-08-10,17.968758,-67.076935
171167.21764630335,171440.0007487056,432042.41703191865,1007954.0964259448,MJ4,2023-08-10,17.973782,-67.06234
170349.7367084399,171929.3047139228,432965.0790077089,1007954.0964259448,L1,2023-08-10,17.943077,-67.05644
170349.7367084399,170049.67215843042,431568.3517759756,1007954.0964259448,E1,2023-08-10,17.954287,-67.050186
170132.93016722836,169815.1612528708,435108.1038489228,1007954.0964259448,C3_West,2023-08-10,17.943748,-67.009384
170643.51123862987,169815.1612528708,435108.1038489228,1007954.0964259448,C2_Center,2023-08-10,17.943632,-67.00623
170643.51123862987,170238.7453847624,437562.563951826,1007954.0964259448,C1_East,2023-08-10,17.944336,-67.002266
170734.29032851357,171440.0007487056,430523.8118924235,1007954.0964259448,MJ1,2023-08-10,17.967564,-67.07653
170349.73670843986,170049.67215843042,431947.5498302837,1007954.0964259448,G1,2023-08-10,17.97034,-67.04777
8863.055376839055,5920.917270586871,13175.034132211636,30698.898933341246,ML2,2023-08-17,17.9394,-67.04
8863.055376839056,9659.836575736892,16913.95343736166,30698.898933341246,MJ3,2023-08-17,17.972672,-67.06536
8863.055376839055,9659.836575736894,16913.95343736166,30698.898933341246,MJ4,2023-08-17,17.973782,-67.06234
8863.055376839055,9659.836575736894,16913.95343736166,30698.898933341246,SC,2023-08-17,17.942287,-67.07675
8863.055376839055,5920.917270586871,13175.034132211636,30698.898933341246,ML3,2023-08-17,17.9392,-67.04
8863.055376839056,9659.836575736894,16913.95343736166,30698.898933341246,MJ2,2023-08-17,17.968758,-67.076935
8863.055376839055,5920.917270586871,13175.034132211636,30698.898933341246,ML1,2023-08-17,17.939789,-67.04021
8863.055376839055,9659.836575736894,16913.95343736166,30698.898933341246,L1,2023-08-17,17.943077,-67.05644
8863.055376839055,1201.0561713935745,8455.17303301834,30698.898933341246,C3_West,2023-08-17,17.943748,-67.009384
8863.055376839055,1201.0561713935745,8455.17303301834,30698.898933341246,C2_Center,2023-08-17,17.943632,-67.00623
8863.055376839055,1201.0561713935745,8455.17303301834,30698.898933341246,C1_East,2023-08-17,17.944336,-67.002266
8863.055376839056,9659.836575736894,16913.95343736166,30698.898933341246,MJ1,2023-08-17,17.967564,-67.07653
8863.055376839056,5920.917270586871,13175.034132211636,30698.898933341246,E1,2023-08-17,17.954287,-67.050186
8863.055376839056,5920.917270586871,13175.034132211636,30698.898933341246,G1,2023-08-17,17.97034,-67.04777
96549.79414788824,117662.71592414653,1491951.149352023,3112027.880945589,MJ3,2023-08-24,17.972672,-67.06536
96767.88034138456,120341.79960109308,1487124.0611633076,3112027.880945589,SC,2023-08-24,17.942287,-67.07675
100147.74810137486,112354.1263121966,1517429.1020383623,3112027.880945589,ML3,2023-08-24,17.9392,-67.04
100147.74810137486,112354.1263121966,1517429.1020383623,3112027.880945589,ML2,2023-08-24,17.9394,-67.04
99135.4168149778,112354.1263121966,1517429.1020383623,3112027.880945589,ML1,2023-08-24,17.939789,-67.04021
96549.79414788824,117662.71592414653,1496050.102225711,3112027.880945589,MJ4,2023-08-24,17.973782,-67.06234
95742.422917106,117133.68550173656,1477806.9319513775,3112027.880945589,MJ2,2023-08-24,17.968758,-67.076935
95742.422917106,117133.68550173656,1477806.9319513775,3112027.880945589,MJ1,2023-08-24,17.967564,-67.07653
97871.7205055436,110176.49360965547,1503660.4148373837,3112027.880945589,E1,2023-08-24,17.954287,-67.050186
101506.2987246994,111807.7513851967,1550037.5205710377,3112027.880945589,C3_West,2023-08-24,17.943748,-67.009384
101513.1211032148,111807.7513851967,1552083.867814968,3112027.880945589,C2_Center,2023-08-24,17.943632,-67.00623
101513.1211032148,111807.7513851967,1562160.683685241,3112027.880945589,C1_East,2023-08-24,17.944336,-67.002266
97871.7205055436,120417.37896140268,1512499.3437324532,3112027.880945589,L1,2023-08-24,17.943077,-67.05644
96742.15170596412,111014.53692168435,1501844.0702477377,3112027.880945589,G1,2023-08-24,17.97034,-67.04777
386908.5547331005,535215.5078064554,1094736.0480661876,1649703.8421008792,MJ3,2023-08-31,17.972672,-67.06536
383586.5728875965,534389.0903497566,1094736.0480661874,1649703.8421008792,SC,2023-08-31,17.942287,-67.07675
384040.6666571382,531893.2874088363,1092231.258999895,1649703.8421008792,ML1,2023-08-31,17.939789,-67.04021
384731.9530337727,534802.864431141,1094325.9527610708,1649703.8421008792,MJ1,2023-08-31,17.967564,-67.07653
386619.6931226033,531893.2874088362,1092231.258999895,1649703.8421008792,ML2,2023-08-31,17.9394,-67.04
393236.53269961645,531715.0934889494,1088960.177227358,1649703.8421008792,C2_Center,2023-08-31,17.943632,-67.00623
386619.6931226032,531893.2874088362,1092231.258999895,1649703.8421008792,ML3,2023-08-31,17.9392,-67.04
385441.3821637206,534802.864431141,1094325.952761071,1649703.8421008792,MJ2,2023-08-31,17.968758,-67.076935
392233.7525860638,531715.0934889494,1088960.177227358,1649703.8421008792,C1_East,2023-08-31,17.944336,-67.002266
388139.8190818322,532390.5567264927,1092135.5626147266,1649703.8421008792,G1,2023-08-31,17.97034,-67.04777
388236.5680376101,536312.8009806474,1094736.0480661876,1649703.8421008792,MJ4,2023-08-31,17.973782,-67.06234
383866.2588198814,536411.9999353059,1095564.9536405134,1649703.8421008792,L1,2023-08-31,17.943077,-67.05644
391447.327803569,531620.2765106636,1088960.177227358,1649703.8421008792,C3_West,2023-08-31,17.943748,-67.009384
386380.1088627491,531293.2635523007,1092231.258999895,1649703.8421008792,E1,2023-08-31,17.954287,-67.050186
710027.1630177803,577427.4934250249,1313890.1333585596,2570249.244060998,MJ3,2023-09-07,17.972672,-67.06536
693855.1982549162,579292.8477432558,1312874.6298999365,2570249.244060998,SC,2023-09-07,17.942287,-67.07675
691437.3915702963,557411.4633046782,1301157.423992844,2570249.244060998,ML3,2023-09-07,17.9392,-67.04
691567.8167279896,557411.4633046782,1301157.423992844,2570249.244060998,ML2,2023-09-07,17.9394,-67.04
689863.7757831712,557411.4633046782,1301036.778747033,2570249.244060998,ML1,2023-09-07,17.939789,-67.04021
707844.557951256,577028.5413313841,1308964.599001738,2570249.244060998,MJ2,2023-09-07,17.968758,-67.076935
709875.9053564834,577427.4934250249,1314330.6970559526,2570249.244060998,MJ4,2023-09-07,17.973782,-67.06234
694142.0198761004,580119.6758947195,1319284.883841554,2570249.244060998,L1,2023-09-07,17.943077,-67.05644
696683.7796114865,555046.889588238,1297155.121581277,2570249.244060998,E1,2023-09-07,17.954287,-67.050186
692710.3632163382,541491.32125195,1289008.9121595358,2570249.244060998,C3_West,2023-09-07,17.943748,-67.009384
694031.4969119513,541491.32125195,1289508.3084727498,2570249.244060998,C2_Center,2023-09-07,17.943632,-67.00623
694298.4608266685,541491.32125195,1290269.7382302622,2570249.244060998,C1_East,2023-09-07,17.944336,-67.002266
706195.6010211007,577028.5413313841,1308964.599001738,2570249.244060998,MJ1,2023-09-07,17.967564,-67.07653
704664.963444089,554498.901432207,1296726.334052302,2570249.244060998,G1,2023-09-07,17.97034,-67.04777
99870.6024757256,182892.7269152916,419180.79477192747,800477.8445790476,MJ3,2023-09-14,17.972672,-67.06536
97850.59397406956,182892.7269152915,418710.6573748092,800477.8445790476,SC,2023-09-14,17.942287,-67.07675
100158.92138554354,180479.6701851181,418707.1609209182,800477.8445790476,ML3,2023-09-14,17.9392,-67.04
100158.92138554354,180479.6701851181,418707.1609209182,800477.8445790476,ML2,2023-09-14,17.9394,-67.04
100158.92138554354,180479.6701851181,418707.1609209182,800477.8445790476,ML1,2023-09-14,17.939789,-67.04021
99870.6024757256,182892.7269152916,419542.7026867376,800477.8445790476,MJ4,2023-09-14,17.973782,-67.06234
98263.84164260098,182892.7269152916,416371.388003426,800477.8445790476,MJ2,2023-09-14,17.968758,-67.076935
98952.72219817122,182892.7269152915,416371.388003426,800477.8445790476,MJ1,2023-09-14,17.967564,-67.07653
100669.88670677626,180479.67018511807,416812.93992390094,800477.8445790476,E1,2023-09-14,17.954287,-67.050186
100933.6511525286,180801.3852569577,417724.0271606972,800477.8445790476,C3_West,2023-09-14,17.943748,-67.009384
100933.6511525286,180801.3852569577,417724.0271606972,800477.8445790476,C2_Center,2023-09-14,17.943632,-67.00623
102066.50524707609,180801.3852569577,418364.0087365627,800477.8445790476,C1_East,2023-09-14,17.944336,-67.002266
99895.15693979118,183519.9836535371,422150.4195327369,800477.8445790476,L1,2023-09-14,17.943077,-67.05644
99870.6024757256,180479.6701851181,416812.93992390094,800477.8445790476,G1,2023-09-14,17.97034,-67.04777
162200.7999233467,315505.5650975536,752427.4978585152,1133343.4534840866,MJ2,2023-09-21,17.968758,-67.076935
155358.49788930887,316037.7475402293,752040.6360303909,1133343.4534840866,SC,2023-09-21,17.942287,-67.07675
159022.31854086198,315894.8972412902,754800.5328988461,1133343.4534840866,ML3,2023-09-21,17.9392,-67.04
159022.31854086198,315894.8972412902,754800.5328988461,1133343.4534840866,ML2,2023-09-21,17.9394,-67.04
157814.4615732809,315894.8972412902,754800.5328988461,1133343.4534840866,ML1,2023-09-21,17.939789,-67.04021
164752.64927446202,315505.5650975536,753590.8224682511,1133343.4534840866,MJ4,2023-09-21,17.973782,-67.06234
164550.2339547779,315505.5650975536,753293.497344594,1133343.4534840866,MJ3,2023-09-21,17.972672,-67.06536
160597.45664639556,314751.44955164305,754556.050759278,1133343.4534840866,G1,2023-09-21,17.97034,-67.04777
157823.23522326522,315399.8751759561,753662.1964212741,1133343.4534840866,E1,2023-09-21,17.954287,-67.050186
164057.96722647696,314028.4457066524,757328.5113990406,1133343.4534840866,C3_West,2023-09-21,17.943748,-67.009384
167309.7716681078,314028.4457066523,758072.6801447539,1133343.4534840866,C2_Center,2023-09-21,17.943632,-67.00623
167309.7716681078,314107.5293315724,758072.6801447539,1133343.4534840866,C1_East,2023-09-21,17.944336,-67.002266
162122.8598405079,315505.5650975536,752427.4978585154,1133343.4534840866,MJ1,2023-09-21,17.967564,-67.07653
157541.48732238755,316866.4497219971,754887.4213610769,1133343.4534840866,L1,2023-09-21,17.943077,-67.05644
247364.6773982421,211495.94282247985,241685.9434546166,493766.35485456896,ML2,2023-09-28,17.9394,-67.04
246614.04185316808,211495.94282247988,241685.9434546166,493766.35485456896,ML1,2023-09-28,17.939789,-67.04021
249027.2592669581,228499.95498193847,256948.8835638912,493766.35485456896,MJ3,2023-09-28,17.972672,-67.06536
247364.6773982421,211495.94282247985,241685.9434546166,493766.35485456896,ML3,2023-09-28,17.9392,-67.04
247526.16493832035,228499.95498193847,257586.34544879352,493766.35485456896,SC,2023-09-28,17.942287,-67.07675
249471.81064948643,228499.95498193847,257586.34544879352,493766.35485456896,MJ4,2023-09-28,17.973782,-67.06234
248542.9898780456,228499.95498193847,256948.8835638912,493766.35485456896,MJ2,2023-09-28,17.968758,-67.076935
248218.88289011503,228499.95498193847,256948.8835638912,493766.35485456896,MJ1,2023-09-28,17.967564,-67.07653
248175.99840282043,204746.25696049043,239458.4031228324,493766.35485456896,C1_East,2023-09-28,17.944336,-67.002266
247650.1271364218,204746.2569604905,239458.4031228324,493766.35485456896,C3_West,2023-09-28,17.943748,-67.009384
248764.25108726005,211495.94282247985,241260.2322212037,493766.35485456896,E1,2023-09-28,17.954287,-67.050186
249274.83031995053,211495.94282247985,241260.2322212037,493766.35485456896,G1,2023-09-28,17.97034,-67.04777
248175.9984028205,204746.25696049043,239458.4031228323,493766.35485456896,C2_Center,2023-09-28,17.943632,-67.00623
247801.32831835173,228499.95498193847,257734.55019717928,493766.35485456896,L1,2023-09-28,17.943077,-67.05644
319068.2664093706,156770.17733383732,172787.41015153992,750622.7873821969,MJ3,2023-10-05,17.972672,-67.06536
318953.9267481861,156705.8507132861,172787.41015153992,750622.7873821969,SC,2023-10-05,17.942287,-67.07675
312190.3075064526,148129.21781619993,164210.7772544538,750622.7873821969,ML3,2023-10-05,17.9392,-67.04
312583.48690464505,148129.21781619993,164210.7772544538,750622.7873821969,ML2,2023-10-05,17.9394,-67.04
312583.48690464505,148129.21781619993,164210.7772544538,750622.7873821969,ML1,2023-10-05,17.939789,-67.04021
320670.0541117363,156770.17733383732,172787.41015153992,750622.7873821969,MJ2,2023-10-05,17.968758,-67.076935
318470.82282133104,156770.17733383732,172787.41015153992,750622.7873821969,MJ4,2023-10-05,17.973782,-67.06234
313691.4653961534,156705.8507132861,172787.41015153992,750622.7873821969,L1,2023-10-05,17.943077,-67.05644
314695.8394721902,148129.21781619993,164210.77725445377,750622.7873821969,E1,2023-10-05,17.954287,-67.050186
311432.64823901915,143494.01842514012,159575.57786339396,750622.7873821969,C3_West,2023-10-05,17.943748,-67.009384
311432.64823901915,143494.01842514012,159575.57786339396,750622.7873821969,C2_Center,2023-10-05,17.943632,-67.00623
311265.0184408708,143785.2210851904,159575.57786339396,750622.7873821969,C1_East,2023-10-05,17.944336,-67.002266
320421.2653232993,156770.1773338373,172787.41015153992,750622.7873821969,MJ1,2023-10-05,17.967564,-67.07653
314791.50045509887,148193.54443675117,164210.77725445377,750622.7873821969,G1,2023-10-05,17.97034,-67.04777
160263.04030943426,302379.7312059175,573807.0496785141,1097393.037963339,SC,2023-10-12,17.942287,-67.07675
162823.73292163422,303073.7973964421,573807.049678514,1097393.037963339,MJ3,2023-10-12,17.972672,-67.06536
163018.65692011302,306745.0898345513,580504.5263866697,1097393.037963339,ML3,2023-10-12,17.9392,-67.04
163018.65692011302,306745.0898345513,580504.5263866697,1097393.037963339,ML2,2023-10-12,17.9394,-67.04
161728.31358670272,300676.53428593243,567962.7826373789,1097393.037963339,MJ1,2023-10-12,17.967564,-67.07653
162570.3723861298,304462.8219395179,577318.9380969505,1097393.037963339,E1,2023-10-12,17.954287,-67.050186
161678.33970140523,306745.0898345513,580504.5263866697,1097393.037963339,ML1,2023-10-12,17.939789,-67.04021
162205.346509974,300676.53428593243,567962.7826373789,1097393.037963339,MJ2,2023-10-12,17.968758,-67.076935
162018.80360175495,305236.1707652183,578505.0217509251,1097393.037963339,L1,2023-10-12,17.943077,-67.05644
164677.88445764832,305716.5004354956,585486.1066984532,1097393.037963339,C3_West,2023-10-12,17.943748,-67.009384
165676.47112627173,306734.33459194563,585486.1066984532,1097393.037963339,C2_Center,2023-10-12,17.943632,-67.00623
165724.3584085393,306911.652474238,587479.0464955955,1097393.037963339,C1_East,2023-10-12,17.944336,-67.002266
163197.59765450764,304106.1092748856,577021.3631040129,1097393.037963339,G1,2023-10-12,17.97034,-67.04777
163199.65919294232,303073.7973964421,574954.4211814313,1097393.037963339,MJ4,2023-10-12,17.973782,-67.06234
130753.20439903904,203654.8876731397,343603.46247657575,776156.2322617386,MJ3,2023-10-19,17.972672,-67.06536
128982.39357682868,203654.8876731397,340265.90927271434,776156.2322617386,SC,2023-10-19,17.942287,-67.07675
131816.6118839009,194273.8608625529,337857.77060821187,776156.2322617386,ML3,2023-10-19,17.9392,-67.04
131816.6118839009,194273.8608625529,337857.77060821187,776156.2322617386,ML2,2023-10-19,17.9394,-67.04
130835.09349773925,194273.8608625529,337857.77060821187,776156.2322617386,ML1,2023-10-19,17.939789,-67.04021
131058.05572661872,203654.8876731397,344364.3988553193,776156.2322617386,MJ4,2023-10-19,17.973782,-67.06234
129363.90003599146,203654.8876731397,341258.6586877182,776156.2322617386,MJ2,2023-10-19,17.968758,-67.076935
129040.1761380252,203654.8876731397,341258.6586877181,776156.2322617386,MJ1,2023-10-19,17.967564,-67.07653
130835.09349773925,194273.8608625529,336992.3357298973,776156.2322617386,E1,2023-10-19,17.954287,-67.050186
134019.58424740727,192063.53575344512,339882.8962886338,776156.2322617386,C3_West,2023-10-19,17.943748,-67.009384
134385.48055464358,192063.5357534451,339910.7563926692,776156.2322617386,C2_Center,2023-10-19,17.943632,-67.00623
134385.48055464358,192063.53575344512,341298.098683553,776156.2322617386,C1_East,2023-10-19,17.944336,-67.002266
130734.33182865244,203654.8876731397,344190.20114052726,776156.2322617386,L1,2023-10-19,17.943077,-67.05644
131077.11563678324,194273.8608625529,337374.0929170089,776156.2322617386,G1,2023-10-19,17.97034,-67.04777
66914.62843990317,58707.5546108297,97876.47967494528,185313.81648266708,ML2,2023-10-26,17.9394,-67.04
66282.37920481406,58707.5546108297,97876.47967494528,185313.81648266708,ML1,2023-10-26,17.939789,-67.04021
63349.38216982409,59561.58608371086,99712.70489486244,185313.81648266708,MJ3,2023-10-26,17.972672,-67.06536
66914.62843990317,58707.5546108297,97876.47967494528,185313.81648266708,ML3,2023-10-26,17.9392,-67.04
63106.91793950954,60506.00061025675,99712.7048948624,185313.81648266708,SC,2023-10-26,17.942287,-67.07675
63349.38216982409,59561.58608371086,99712.70489486244,185313.81648266708,MJ4,2023-10-26,17.973782,-67.06234
63106.917939509534,59561.58608371087,99712.70489486244,185313.81648266708,MJ2,2023-10-26,17.968758,-67.076935
63106.917939509534,59561.58608371086,99712.70489486244,185313.81648266708,MJ1,2023-10-26,17.967564,-67.07653
70398.94653905364,59511.42431566391,97876.47967494528,185313.81648266708,C1_East,2023-10-26,17.944336,-67.002266
69524.02612426928,59511.42431566391,97876.47967494528,185313.81648266708,C3_West,2023-10-26,17.943748,-67.009384
66282.37920481406,58669.77539033959,97876.47967494528,185313.81648266708,E1,2023-10-26,17.954287,-67.050186
66282.37920481406,58669.77539033958,97876.47967494528,185313.81648266708,G1,2023-10-26,17.97034,-67.04777
70398.94653905364,59511.42431566391,97876.47967494528,185313.81648266708,C2_Center,2023-10-26,17.943632,-67.00623
66282.37920481406,60506.00061025675,99712.70489486244,185313.81648266708,L1,2023-10-26,17.943077,-67.05644
312562.71053802804,221339.4002391608,343082.6873473484,689493.4158061533,G1,2023-11-02,17.97034,-67.04777
308224.14937869314,225052.9885387146,345075.82665084937,689493.4158061533,MJ1,2023-11-02,17.967564,-67.07653
305684.36043440213,224384.279102336,345936.9938634056,689493.4158061533,SC,2023-11-02,17.942287,-67.07675
308721.93907375133,220762.4172090772,343737.1133978637,689493.4158061533,ML3,2023-11-02,17.9392,-67.04
308721.93907375133,220762.4172090772,343737.1133978637,689493.4158061533,ML1,2023-11-02,17.939789,-67.04021
312967.65563520114,217944.9319429261,340262.9200549954,689493.4158061533,C3_West,2023-11-02,17.943748,-67.009384
308721.93907375133,220762.4172090772,343737.1133978637,689493.4158061533,ML2,2023-11-02,17.9394,-67.04
308887.10469748866,221224.60205558245,343082.6873473484,689493.4158061533,E1,2023-11-02,17.954287,-67.050186
312967.65563520114,217944.9319429261,340262.9200549954,689493.4158061533,C2_Center,2023-11-02,17.943632,-67.00623
313081.0369986501,217950.60357707963,340262.9200549954,689493.4158061533,C1_East,2023-11-02,17.944336,-67.002266
307657.57760724914,224723.01910608792,347462.964124539,689493.4158061533,L1,2023-11-02,17.943077,-67.05644
308224.14937869314,225052.9885387146,345075.82665084937,689493.4158061533,MJ2,2023-11-02,17.968758,-67.076935
309052.2430457125,225052.98853871465,345948.1016708488,689493.4158061533,MJ4,2023-11-02,17.973782,-67.06234
308999.8247018848,225052.98853871465,345936.9938634056,689493.4158061533,MJ3,2023-11-02,17.972672,-67.06536
234429.6361462921,170747.94141486636,244114.98754774107,433848.0452801199,MJ3,2023-11-09,17.972672,-67.06536
235009.60779043872,170747.94141486633,244265.5212587301,433848.0452801199,MJ4,2023-11-09,17.973782,-67.06234
233039.57370898032,170219.5032509218,243988.6119255844,433848.0452801199,MJ2,2023-11-09,17.968758,-67.076935
233014.50045144028,170265.66387652652,243795.0709770796,433848.0452801199,SC,2023-11-09,17.942287,-67.07675
234785.2661744856,162617.46810514183,235132.7155438542,433848.0452801199,ML3,2023-11-09,17.9392,-67.04
234785.2661744856,162617.46810514183,235132.7155438542,433848.0452801199,ML2,2023-11-09,17.9394,-67.04
234785.2661744856,162617.46810514183,235132.7155438542,433848.0452801199,ML1,2023-11-09,17.939789,-67.04021
235218.78076839083,161904.8608491995,234863.2250824548,433848.0452801199,G1,2023-11-09,17.97034,-67.04777
236261.77143994064,160945.4025136956,232153.2976929425,433848.0452801199,C3_West,2023-11-09,17.943748,-67.009384
236558.9406747209,160945.4025136956,232153.2976929425,433848.0452801199,C2_Center,2023-11-09,17.943632,-67.00623
236492.26392088825,160945.4025136956,232311.7703919469,433848.0452801199,C1_East,2023-11-09,17.944336,-67.002266
234856.20620205608,171246.4863664234,244265.5212587301,433848.0452801199,L1,2023-11-09,17.943077,-67.05644
233039.5737089804,170219.5032509218,243988.6119255844,433848.0452801199,MJ1,2023-11-09,17.967564,-67.07653
235004.54623296697,161904.86084919953,234733.6270553865,433848.0452801199,E1,2023-11-09,17.954287,-67.050186
602408.1908060969,657906.2451695497,841389.7715024836,1626641.2461680288,MJ3,2023-11-16,17.972672,-67.06536
596852.5106491328,657783.1893591469,840542.2459481175,1626641.2461680288,SC,2023-11-16,17.942287,-67.07675
601178.2700714002,638092.4154414205,829004.2798675615,1626641.2461680288,ML3,2023-11-16,17.9392,-67.04
601178.2700714002,638092.4154414205,829004.2798675615,1626641.2461680288,ML2,2023-11-16,17.9394,-67.04
600794.2279349652,638092.4154414205,829004.2798675615,1626641.2461680288,ML1,2023-11-16,17.939789,-67.04021
603783.9647610608,657906.2451695497,841649.4014935348,1626641.2461680288,MJ4,2023-11-16,17.973782,-67.06234
600547.207726265,657487.2790166235,838583.4158794773,1626641.2461680288,MJ2,2023-11-16,17.968758,-67.076935
599432.5115208974,657487.2790166235,838583.4158794774,1626641.2461680288,MJ1,2023-11-16,17.967564,-67.07653
603046.4163785131,638144.0872406377,826983.8610304018,1626641.2461680288,E1,2023-11-16,17.954287,-67.050186
609228.8433148769,632391.5035135591,827997.9134458349,1626641.2461680288,C3_West,2023-11-16,17.943748,-67.009384
610261.9610888755,632391.5035135591,827997.9134458351,1626641.2461680288,C2_Center,2023-11-16,17.943632,-67.00623
610511.0753685317,632391.5035135591,829053.1341360603,1626641.2461680288,C1_East,2023-11-16,17.944336,-67.002266
600667.8050859745,658494.054701945,846477.0248551304,1626641.2461680288,L1,2023-11-16,17.943077,-67.05644
607644.9818954315,638144.0872406379,826021.6723920696,1626641.2461680288,G1,2023-11-16,17.97034,-67.04777
221735.4909943918,243984.98103782727,286260.7976476606,620704.8814993862,MJ4,2023-11-30,17.973782,-67.06234
221493.7028102011,243984.9810378273,286260.7976476606,620704.8814993862,MJ3,2023-11-30,17.972672,-67.06536
222754.63624036283,235940.25246650577,278357.1647026936,620704.8814993862,ML3,2023-11-30,17.9392,-67.04
222754.63624036283,235940.25246650577,278357.1647026936,620704.8814993862,ML2,2023-11-30,17.9394,-67.04
221787.3952230544,235940.2524665058,278357.1647026936,620704.8814993862,ML1,2023-11-30,17.939789,-67.04021
218376.1681022704,242765.14343257493,285879.2985821836,620704.8814993862,MJ2,2023-11-30,17.968758,-67.076935
217631.97058636503,242765.14343257493,286181.40654968243,620704.8814993862,SC,2023-11-30,17.942287,-67.07675
219437.48873071288,244460.9253646485,286626.105594831,620704.8814993862,L1,2023-11-30,17.943077,-67.05644
221935.7639522669,235893.64466119057,277794.20850331,620704.8814993862,E1,2023-11-30,17.954287,-67.050186
225087.7177383548,234919.9691280825,276686.24124692375,620704.8814993862,C3_West,2023-11-30,17.943748,-67.009384
225839.81227818155,235107.71177242984,276686.24124692375,620704.8814993862,C2_Center,2023-11-30,17.943632,-67.00623
226013.149856161,235107.71177242984,277611.668734809,620704.8814993862,C1_East,2023-11-30,17.944336,-67.002266
222121.38530645976,236282.1253891284,277794.20850331,620704.8814993862,G1,2023-11-30,17.97034,-67.04777
218067.99410386613,242765.14343257493,285879.2985821836,620704.8814993862,MJ1,2023-11-30,17.967564,-67.07653
321061.2223006997,478320.39113337005,677793.771149128,1176475.6577288706,SC,2023-12-07,17.942287,-67.07675
327287.1948022921,468324.43154263136,666916.2384356916,1176475.6577288706,ML3,2023-12-07,17.9392,-67.04
327287.1948022921,468324.43154263136,666916.2384356916,1176475.6577288706,ML2,2023-12-07,17.9394,-67.04
325890.23016110144,468324.43154263136,666916.2384356916,1176475.6577288706,ML1,2023-12-07,17.939789,-67.04021
322775.7722941657,478999.2425545136,678003.5612398174,1176475.6577288706,MJ4,2023-12-07,17.973782,-67.06234
321943.6208628185,478923.7820880691,677793.7711491279,1176475.6577288706,MJ3,2023-12-07,17.972672,-67.06536
321237.04526555655,477810.7643266573,676795.5128870821,1176475.6577288706,MJ2,2023-12-07,17.968758,-67.076935
319477.23262341233,477833.032426348,676795.5128870821,1176475.6577288706,MJ1,2023-12-07,17.967564,-67.07653
323448.84636889567,481225.59568899526,679630.6146514615,1176475.6577288706,L1,2023-12-07,17.943077,-67.05644
325516.89268650353,467173.87436335336,664677.4327786583,1176475.6577288706,G1,2023-12-07,17.97034,-67.04777
325109.10975570994,467205.3403156111,664894.7015470243,1176475.6577288706,E1,2023-12-07,17.954287,-67.050186
334030.46203724016,468994.8940656019,665011.3378110565,1176475.6577288706,C3_West,2023-12-07,17.943748,-67.009384
335634.0401147149,468994.894065602,665011.3378110565,1176475.6577288706,C2_Center,2023-12-07,17.943632,-67.00623
335924.1826796683,468994.8940656019,665827.6322810098,1176475.6577288706,C1_East,2023-12-07,17.944336,-67.002266
80.55542490811628,0.0,14080.696498481488,62005.49564459344,SC,2024-02-08,17.942287,-67.07675
0.0,0.0,14152.539285059258,62005.49564459344,ML3,2024-02-08,17.9392,-67.04
0.0,0.0,14152.539285059258,62005.49564459344,ML2,2024-02-08,17.9394,-67.04
0.0,0.0,14152.539285059258,62005.49564459344,ML1,2024-02-08,17.939789,-67.04021
30.234891674678565,0.0,14080.69649848149,62005.49564459344,MJ4,2024-02-08,17.973782,-67.06234
30.234891674678565,0.0,14080.69649848149,62005.49564459344,MJ3,2024-02-08,17.972672,-67.06536
315.5760743935345,0.0,13221.17455696343,62005.49564459344,MJ2,2024-02-08,17.968758,-67.076935
315.5760743935345,0.0,13221.17455696343,62005.49564459344,MJ1,2024-02-08,17.967564,-67.07653
30.234891674678565,0.0,14152.539285059258,62005.49564459344,L1,2024-02-08,17.943077,-67.05644
30.234891674678565,0.0,14152.53928505926,62005.49564459344,G1,2024-02-08,17.97034,-67.04777
30.234891674678565,0.0,14152.53928505926,62005.49564459344,E1,2024-02-08,17.954287,-67.050186
0.0,0.0,14542.83425980433,62005.49564459344,C3_West,2024-02-08,17.943748,-67.009384
0.0,0.0,14542.83425980433,62005.49564459344,C2_Center,2024-02-08,17.943632,-67.00623
0.0,0.0,14975.788155195594,62005.49564459344,C1_East,2024-02-08,17.944336,-67.002266
290777.61531218304,388423.7604187612,547929.2142205816,1004837.422491914,MJ2,2024-02-15,17.968758,-67.076935
288291.08500943624,388426.0124737816,548783.2162960343,1004837.422491914,SC,2024-02-15,17.942287,-67.07675
294148.292942565,383832.5547227062,547324.8972229295,1004837.422491914,ML3,2024-02-15,17.9392,-67.04
294148.292942565,383832.5547227062,547324.8972229295,1004837.422491914,ML2,2024-02-15,17.9394,-67.04
292237.5049616457,383832.5547227062,547324.8972229295,1004837.422491914,ML1,2024-02-15,17.939789,-67.04021
292342.3585659992,388890.4560551798,549062.4559485134,1004837.422491914,MJ4,2024-02-15,17.973782,-67.06234
291681.6677566795,388890.4560551798,548783.2162960343,1004837.422491914,MJ3,2024-02-15,17.972672,-67.06536
294871.47145294945,383777.5439474215,542677.7515072408,1004837.422491914,G1,2024-02-15,17.97034,-67.04777
292381.858125148,383777.5439474215,542677.7515072408,1004837.422491914,E1,2024-02-15,17.954287,-67.050186
299365.0582614706,383389.2523877439,545572.562674864,1004837.422491914,C3_West,2024-02-15,17.943748,-67.009384
300252.3183929894,383389.2523877439,545572.562674864,1004837.422491914,C2_Center,2024-02-15,17.943632,-67.00623
300358.63864336774,383389.2523877439,545718.2624717,1004837.422491914,C1_East,2024-02-15,17.944336,-67.002266
289937.1311677524,388423.7604187612,547929.2142205816,1004837.422491914,MJ1,2024-02-15,17.967564,-67.07653
291024.2402297969,391256.5414112244,550259.3989070866,1004837.422491914,L1,2024-02-15,17.943077,-67.05644
13108.647975544623,16223.157058339077,45806.61564649203,186226.270610908,MJ4,2024-02-22,17.973782,-67.06234
13108.647975544622,16223.157058339077,45806.61564649203,186226.270610908,MJ3,2024-02-22,17.972672,-67.06536
13108.647975544622,16223.157058339071,46522.20362566281,186226.270610908,SC,2024-02-22,17.942287,-67.07675
13108.647975544622,16120.303396798234,49260.26730142251,186226.270610908,ML3,2024-02-22,17.9392,-67.04
13108.647975544622,16120.303396798234,49260.26730142251,186226.270610908,ML2,2024-02-22,17.9394,-67.04
13108.647975544622,16120.303396798236,49260.26730142251,186226.270610908,ML1,2024-02-22,17.939789,-67.04021
13108.647975544622,16223.157058339077,45678.74713810378,186226.270610908,MJ2,2024-02-22,17.968758,-67.076935
13108.647975544623,16223.157058339077,45678.74713810378,186226.270610908,MJ1,2024-02-22,17.967564,-67.07653
13319.952726493711,16120.303396798236,46889.50426616381,186226.270610908,G1,2024-02-22,17.97034,-67.04777
13108.647975544622,16120.303396798232,46914.630126037104,186226.270610908,E1,2024-02-22,17.954287,-67.050186
13319.952726493711,16120.303396798234,49359.13524258831,186226.270610908,C3_West,2024-02-22,17.943748,-67.009384
13319.952726493711,16120.303396798232,49359.13524258831,186226.270610908,C2_Center,2024-02-22,17.943632,-67.00623
13319.952726493711,16120.303396798232,49359.13524258831,186226.270610908,C1_East,2024-02-22,17.944336,-67.002266
13108.64797554462,16223.157058339071,47017.48378757794,186226.270610908,L1,2024-02-22,17.943077,-67.05644
158446.47329903094,240419.949583666,565946.6680795678,1230087.5413099146,SC,2024-03-07,17.942287,-67.07675
161124.50093056148,235880.7953901179,569443.2169140563,1230087.5413099146,ML3,2024-03-07,17.9392,-67.04
161124.50093056148,235880.7953901179,569443.2169140563,1230087.5413099146,ML2,2024-03-07,17.9394,-67.04
159648.42956475826,235880.79539011788,569443.2169140563,1230087.5413099146,ML1,2024-03-07,17.939789,-67.04021
160611.94792911495,240941.4386627904,566097.8685596489,1230087.5413099146,MJ4,2024-03-07,17.973782,-67.06234
160264.2450970446,240941.4386627904,565624.561495341,1230087.5413099146,MJ3,2024-03-07,17.972672,-67.06536
159722.17610148893,240677.10220826365,563197.94957672,1230087.5413099146,MJ2,2024-03-07,17.968758,-67.076935
159253.23498468706,240677.10220826368,563197.94957672,1230087.5413099146,MJ1,2024-03-07,17.967564,-67.07653
159927.05873795427,241088.1252822051,570121.8130837416,1230087.5413099146,L1,2024-03-07,17.943077,-67.05644
161302.98915654936,235994.5146024397,564696.3181045208,1230087.5413099146,G1,2024-03-07,17.97034,-67.04777
160449.0857673194,235982.13019712907,564696.3181045208,1230087.5413099146,E1,2024-03-07,17.954287,-67.050186
164468.34076128257,234572.0922648825,572884.1644525792,1230087.5413099146,C3_West,2024-03-07,17.943748,-67.009384
164774.9858997336,234572.0922648825,573522.935989846,1230087.5413099146,C2_Center,2024-03-07,17.943632,-67.00623
164774.9858997336,234606.3786091084,574634.442659337,1230087.5413099146,C1_East,2024-03-07,17.944336,-67.002266
124226.06277848389,165380.47183103484,360134.6240625471,669684.6043178685,MJ2,2024-03-14,17.968758,-67.076935
122845.88061188332,165380.4718310348,362074.7014926352,669684.6043178685,SC,2024-03-14,17.942287,-67.07675
126543.11967153248,161869.49748145102,368946.1561169853,669684.6043178685,ML3,2024-03-14,17.9392,-67.04
126543.11967153246,161869.49748145102,368946.1561169853,669684.6043178685,ML2,2024-03-14,17.9394,-67.04
125509.03370797988,161869.49748145102,368946.1561169853,669684.6043178685,ML1,2024-03-14,17.939789,-67.04021
125724.64527951732,165380.47183103484,362022.9713900244,669684.6043178685,MJ4,2024-03-14,17.973782,-67.06234
125470.92935130176,165380.4718310348,361572.9562393244,669684.6043178685,MJ3,2024-03-14,17.972672,-67.06536
127428.10392030596,161869.49748145102,364372.3577230074,669684.6043178685,G1,2024-03-14,17.97034,-67.04777
125986.53440506267,161869.49748145102,365726.2949243956,669684.6043178685,E1,2024-03-14,17.954287,-67.050186
130676.00434292006,161415.01923248076,375871.47524209606,669684.6043178685,C3_West,2024-03-14,17.943748,-67.009384
131205.08142282368,161415.01923248076,375871.47524209606,669684.6043178685,C2_Center,2024-03-14,17.943632,-67.00623
131205.08142282368,161415.01923248076,376003.5316458738,669684.6043178685,C1_East,2024-03-14,17.944336,-67.002266
123318.89087167793,165380.47183103478,360134.6240625471,669684.6043178685,MJ1,2024-03-14,17.967564,-67.07653
124393.91768189053,165380.4718310348,369614.0507624449,669684.6043178685,L1,2024-03-14,17.943077,-67.05644
64147.06801931295,65336.01383677681,246294.2331610932,535646.3164217172,L1,2024-03-21,17.943077,-67.05644
64308.24750530789,61215.55618792772,242982.3218068964,535646.3164217172,G1,2024-03-21,17.97034,-67.04777
64036.6012176011,64286.35564099559,241050.9278204353,535646.3164217172,MJ1,2024-03-21,17.967564,-67.07653
63977.33505577856,64830.60373830812,242607.8690880529,535646.3164217172,SC,2024-03-21,17.942287,-67.07675
65170.37547306571,61334.596501906926,244636.5738330925,535646.3164217172,ML3,2024-03-21,17.9392,-67.04
65170.37547306572,61334.596501906926,244636.5738330925,535646.3164217172,ML2,2024-03-21,17.9394,-67.04
64308.2475053079,64286.35564099559,243346.3239826356,535646.3164217172,MJ4,2024-03-21,17.973782,-67.06234
65493.53869266734,60870.27311709581,249778.0579207437,535646.3164217172,C3_West,2024-03-21,17.943748,-67.009384
64308.247505307896,61334.59650190693,242995.18949959948,535646.3164217172,E1,2024-03-21,17.954287,-67.050186
65525.271401817576,60870.27311709581,250283.00105149127,535646.3164217172,C2_Center,2024-03-21,17.943632,-67.00623
65525.271401817576,60870.27311709581,251252.9496919285,535646.3164217172,C1_East,2024-03-21,17.944336,-67.002266
64197.78070359605,64286.35564099559,241050.9278204353,535646.3164217172,MJ2,2024-03-21,17.968758,-67.076935
64308.24750530789,64286.35564099558,243346.3239826356,535646.3164217172,MJ3,2024-03-21,17.972672,-67.06536
64308.24750530789,61334.59650190693,244636.5738330925,535646.3164217172,ML1,2024-03-21,17.939789,-67.04021
145198.14275082402,141613.33157628906,413468.1759420164,773526.6868139777,SC,2024-04-04,17.942287,-67.07675
146817.23757401397,134297.28711204007,413069.47252673056,773526.6868139777,ML3,2024-04-04,17.9392,-67.04
146817.23757401397,134297.28711204007,413069.47252673056,773526.6868139777,ML2,2024-04-04,17.9394,-67.04
146068.73486813248,134297.28711204004,413069.47252673056,773526.6868139777,ML1,2024-04-04,17.939789,-67.04021
146068.73486813248,142358.07096032493,414637.0815079261,773526.6868139777,MJ4,2024-04-04,17.973782,-67.06234
145981.79785452515,142351.82142899765,414013.8594303149,773526.6868139777,MJ3,2024-04-04,17.972672,-67.06536
145565.28267164092,141245.38149569812,411720.6806756444,773526.6868139777,MJ2,2024-04-04,17.968758,-67.076935
145371.28453717934,141613.33157628906,411720.6806756444,773526.6868139777,MJ1,2024-04-04,17.967564,-67.07653
148506.0844580182,132986.86291068204,417846.52358782425,773526.6868139777,C3_West,2024-04-04,17.943748,-67.009384
148885.82756795388,132986.86291068204,420511.94279144215,773526.6868139777,C1_East,2024-04-04,17.944336,-67.002266
148732.81521609792,132986.86291068204,417846.52358782425,773526.6868139777,C2_Center,2024-04-04,17.943632,-67.00623
145874.73673367093,143190.8476592313,418686.8343986612,773526.6868139777,L1,2024-04-04,17.943077,-67.05644
146068.7348681325,133750.0573253417,409622.08866957785,773526.6868139777,E1,2024-04-04,17.954287,-67.050186
147008.60241989917,133750.05732534174,408905.3248549071,773526.6868139777,G1,2024-04-04,17.97034,-67.04777
9393.95110696006,3505.2992827608227,103257.3661299336,234119.7322906267,MJ2,2024-04-11,17.968758,-67.076935
9393.95110696006,3505.2992827608223,103971.482829667,234119.7322906267,SC,2024-04-11,17.942287,-67.07675
9393.95110696006,1597.3656250769377,104050.91455221448,234119.7322906267,ML3,2024-04-11,17.9392,-67.04
9393.95110696006,1597.3656250769377,104050.91455221448,234119.7322906267,ML2,2024-04-11,17.9394,-67.04
9393.95110696006,1597.3656250769377,104050.91455221448,234119.7322906267,ML1,2024-04-11,17.939789,-67.04021
9393.95110696006,3505.2992827608227,103971.482829667,234119.7322906267,MJ4,2024-04-11,17.973782,-67.06234
9393.95110696006,3505.2992827608223,103971.482829667,234119.7322906267,MJ3,2024-04-11,17.972672,-67.06536
9393.95110696006,1597.3656250769377,102541.06182653236,234119.7322906267,G1,2024-04-11,17.97034,-67.04777
9393.95110696006,1597.3656250769377,102901.46468257044,234119.7322906267,E1,2024-04-11,17.954287,-67.050186
9393.95110696006,1324.2969633846578,104070.15787459708,234119.7322906267,C3_West,2024-04-11,17.943748,-67.009384
9393.95110696006,1324.2969633846578,104070.15787459708,234119.7322906267,C2_Center,2024-04-11,17.943632,-67.00623
9393.95110696006,1324.2969633846578,104217.21872997272,234119.7322906267,C1_East,2024-04-11,17.944336,-67.002266
9393.95110696006,3505.2992827608227,103971.482829667,234119.7322906267,MJ1,2024-04-11,17.967564,-67.07653
9393.95110696006,3505.2992827608227,104809.39834025434,234119.7322906267,L1,2024-04-11,17.943077,-67.05644
210582.85773447537,235415.7402170417,340562.33150300744,573368.0741744335,MJ4,2024-04-18,17.973782,-67.06234
210462.77193420625,235415.7402170417,340562.33150300744,573368.0741744335,MJ3,2024-04-18,17.972672,-67.06536
210240.61098729933,235415.7402170417,340464.18826993345,573368.0741744335,SC,2024-04-18,17.942287,-67.07675
210904.53661096605,226449.5340895014,333436.71797399473,573368.0741744335,ML3,2024-04-18,17.9392,-67.04
210904.53661096605,226449.5340895014,333436.71797399473,573368.0741744335,ML2,2024-04-18,17.9394,-67.04
210168.8073879399,226449.5340895014,333436.7179739948,573368.0741744335,ML1,2024-04-18,17.939789,-67.04021
210686.8714875428,235415.7402170417,339385.25052096223,573368.0741744335,MJ2,2024-04-18,17.968758,-67.076935
210686.8714875428,235415.7402170417,339385.25052096223,573368.0741744335,MJ1,2024-04-18,17.967564,-67.07653
210578.9709233089,226344.2792274698,333174.6746270353,573368.0741744335,G1,2024-04-18,17.97034,-67.04777
210818.40327053543,226344.2792274698,333194.76979684056,573368.0741744335,E1,2024-04-18,17.954287,-67.050186
212678.16570256723,222445.5974878516,332342.9183489243,573368.0741744335,C3_West,2024-04-18,17.943748,-67.009384
213225.44186838143,222445.5974878516,332342.91834892426,573368.0741744335,C2_Center,2024-04-18,17.943632,-67.00623
213225.44186838143,222445.5974878516,332777.59126765496,573368.0741744335,C1_East,2024-04-18,17.944336,-67.002266
210719.2911528269,235456.1284194272,341925.84148701164,573368.0741744335,L1,2024-04-18,17.943077,-67.05644
17002.449496405596,38120.773317359,69081.0514790439,184936.9883040108,SC,2024-04-25,17.942287,-67.07675
18334.55585929206,38120.773317359,69081.0514790439,184936.9883040108,ML3,2024-04-25,17.9392,-67.04
18334.55585929206,38120.773317359,69081.0514790439,184936.9883040108,ML2,2024-04-25,17.9394,-67.04
17187.501125082228,38120.773317359,69081.0514790439,184936.9883040108,ML1,2024-04-25,17.939789,-67.04021
17187.501125082228,38120.773317359,69081.0514790439,184936.9883040108,MJ4,2024-04-25,17.973782,-67.06234
17187.50112508223,38120.773317359,69081.0514790439,184936.9883040108,MJ3,2024-04-25,17.972672,-67.06536
17002.449496405596,38120.773317359,69081.0514790439,184936.9883040108,MJ2,2024-04-25,17.968758,-67.076935
17002.449496405596,38120.773317359,69081.0514790439,184936.9883040108,MJ1,2024-04-25,17.967564,-67.07653
17187.50112508223,38120.773317359,69081.0514790439,184936.9883040108,L1,2024-04-25,17.943077,-67.05644
17187.50112508223,38120.773317359,69081.0514790439,184936.9883040108,G1,2024-04-25,17.97034,-67.04777
17187.501125082228,38120.773317359,69081.0514790439,184936.9883040108,E1,2024-04-25,17.954287,-67.050186
19963.86340434661,37295.42247174071,68255.70063342561,184936.9883040108,C3_West,2024-04-25,17.943748,-67.009384
20116.71074818736,37295.42247174071,68255.70063342561,184936.9883040108,C2_Center,2024-04-25,17.943632,-67.00623
20116.71074818736,37295.42247174071,68255.70063342561,184936.9883040108,C1_East,2024-04-25,17.944336,-67.002266
685.915874930912,1198.192638905304,121997.77103399606,271333.2363241599,SC,2024-05-02,17.942287,-67.07675
1235.7368589466328,1198.192638905304,122419.9110636285,271333.2363241599,ML3,2024-05-02,17.9392,-67.04
1235.7368589466328,1198.192638905304,122419.9110636285,271333.2363241599,ML2,2024-05-02,17.9394,-67.04
1235.7368589466328,1198.192638905304,122419.9110636285,271333.2363241599,ML1,2024-05-02,17.939789,-67.04021
685.915874930912,1198.192638905304,121679.72407990806,271333.2363241599,MJ4,2024-05-02,17.973782,-67.06234
685.915874930912,1198.192638905304,121679.72407990806,271333.2363241599,MJ3,2024-05-02,17.972672,-67.06536
685.915874930912,1198.192638905304,121679.72407990806,271333.2363241599,MJ2,2024-05-02,17.968758,-67.076935
685.915874930912,1198.192638905304,121679.72407990806,271333.2363241599,MJ1,2024-05-02,17.967564,-67.07653
1235.7368589466328,1198.192638905304,122080.1122277436,271333.2363241599,L1,2024-05-02,17.943077,-67.05644
785.9509187410252,1198.192638905304,121997.77103399606,271333.2363241599,G1,2024-05-02,17.97034,-67.04777
1235.7368589466328,1198.192638905304,121997.77103399606,271333.2363241599,E1,2024-05-02,17.954287,-67.050186
1235.7368589466328,1198.192638905304,122865.9761318949,271333.2363241599,C3_West,2024-05-02,17.943748,-67.009384
1235.7368589466328,1198.192638905304,122865.97613189492,271333.2363241599,C2_Center,2024-05-02,17.943632,-67.00623
1235.7368589466328,1198.192638905304,122985.07262702334,271333.2363241599,C1_East,2024-05-02,17.944336,-67.002266
159739.7152916838,86277.89349817815,251751.55905010385,574332.3625521587,SC,2024-05-09,17.942287,-67.07675
157827.2889557731,86569.29747849512,251709.50672967208,574332.3625521587,ML3,2024-05-09,17.9392,-67.04
157827.2889557731,86569.29747849512,251709.50672967208,574332.3625521587,ML2,2024-05-09,17.9394,-67.04
157827.2889557731,86569.29747849512,251709.50672967208,574332.3625521587,ML1,2024-05-09,17.939789,-67.04021
160424.4033954207,90348.67705943348,251855.25877922008,574332.3625521587,MJ4,2024-05-09,17.973782,-67.06234
160391.6659276609,90348.67705943348,251855.25877922008,574332.3625521587,MJ3,2024-05-09,17.972672,-67.06536
160684.44519438737,88666.47494958634,251263.0294337957,574332.3625521587,MJ2,2024-05-09,17.968758,-67.076935
160391.66592766088,88666.47494958634,251263.0294337957,574332.3625521587,MJ1,2024-05-09,17.967564,-67.07653
158843.38085036242,90261.5818425716,251906.34388877204,574332.3625521587,L1,2024-05-09,17.943077,-67.05644
160222.08538308408,87053.62287892721,247786.03230678625,574332.3625521587,G1,2024-05-09,17.97034,-67.04777
159639.98027297884,86776.74737822694,248386.72124286467,574332.3625521587,E1,2024-05-09,17.954287,-67.050186
157457.38120184565,87065.3796179463,254777.59860715727,574332.3625521587,C3_West,2024-05-09,17.943748,-67.009384
157457.38120184568,87199.08203125224,254876.3964406461,574332.3625521587,C2_Center,2024-05-09,17.943632,-67.00623
157269.89537491757,87199.08203125224,255580.7007424814,574332.3625521587,C1_East,2024-05-09,17.944336,-67.002266
587043.1896758466,763369.9934852368,1631666.81831007,3530056.304243896,G1,2024-05-16,17.97034,-67.04777
576193.0974285374,769882.3915701814,1635030.7158261598,3530056.304243896,SC,2024-05-16,17.942287,-67.07675
579781.1206799553,768469.5035396663,1649974.9363159712,3530056.304243896,ML3,2024-05-16,17.9392,-67.04
579781.1206799553,768469.5035396663,1649974.9363159712,3530056.304243896,ML2,2024-05-16,17.9394,-67.04
576999.9889877896,768469.5035396662,1649974.9363159714,3530056.304243896,ML1,2024-05-16,17.939789,-67.04021
586293.6665464789,771242.1802729502,1636404.99753618,3530056.304243896,MJ3,2024-05-16,17.972672,-67.06536
582496.1175074431,768597.3072609641,1634244.2855639935,3530056.304243896,MJ1,2024-05-16,17.967564,-67.07653
582553.9520713716,764738.1506311605,1638387.464230707,3530056.304243896,E1,2024-05-16,17.954287,-67.050186
579691.1401899758,776700.5405223968,1649999.9579278852,3530056.304243896,L1,2024-05-16,17.943077,-67.05644
583046.618692183,769119.8000961316,1652710.6174994744,3530056.304243896,C3_West,2024-05-16,17.943748,-67.009384
584792.0474753225,769328.0641714062,1653829.527958238,3530056.304243896,C2_Center,2024-05-16,17.943632,-67.00623
585177.6519141848,769412.2159508059,1656888.0380558826,3530056.304243896,C1_East,2024-05-16,17.944336,-67.002266
585373.653509226,768597.3072609641,1633324.7303711586,3530056.304243896,MJ2,2024-05-16,17.968758,-67.076935
586801.8884363761,771242.1802729502,1637071.1242437602,3530056.304243896,MJ4,2024-05-16,17.973782,-67.06234
28141.529825331927,3202.5880935143487,93782.04612656005,473640.8177347791,MJ2,2024-05-30,17.968758,-67.076935
27168.01595777063,3202.5880935143487,93782.04612656005,473640.8177347791,SC,2024-05-30,17.942287,-67.07675
21124.62408363517,3202.5880935143487,98720.11355285037,473640.8177347791,ML3,2024-05-30,17.9392,-67.04
21124.62408363517,3202.5880935143487,98720.11355285037,473640.8177347791,ML2,2024-05-30,17.9394,-67.04
21124.62408363517,3202.5880935143487,98720.11355285037,473640.8177347791,ML1,2024-05-30,17.939789,-67.04021
25828.141297723003,3202.5880935143487,93782.04612656005,473640.8177347791,MJ3,2024-05-30,17.972672,-67.06536
25828.141297723007,3202.5880935143487,93782.04612656005,473640.8177347791,MJ4,2024-05-30,17.973782,-67.06234
25538.312654955964,3202.5880935143487,95439.21454478038,473640.8177347791,E1,2024-05-30,17.954287,-67.050186
25538.31265495596,3202.5880935143487,95439.21454478038,473640.8177347791,L1,2024-05-30,17.943077,-67.05644
17800.99857663115,3202.5880935143487,110378.72344027026,473640.8177347791,C3_West,2024-05-30,17.943748,-67.009384
17800.99857663115,3202.5880935143487,111417.27827508154,473640.8177347791,C2_Center,2024-05-30,17.943632,-67.00623
17800.99857663115,3202.5880935143487,111417.27827508154,473640.8177347791,C1_East,2024-05-30,17.944336,-67.002266
28141.529825331927,3202.5880935143487,93782.04612656005,473640.8177347791,MJ1,2024-05-30,17.967564,-67.07653
25730.38937534684,3202.5880935143487,95126.5821157732,473640.8177347791,G1,2024-05-30,17.97034,-67.04777
7671.14435344562,21311.619537218423,90799.03502391666,485025.5178819927,SC,2024-06-06,17.942287,-67.07675
7671.144353445621,20671.652971292195,94213.42353609148,485025.5178819927,ML3,2024-06-06,17.9392,-67.04
7671.14435344562,20671.652971292195,94213.42353609148,485025.5178819927,ML2,2024-06-06,17.9394,-67.04
7671.144353445621,20671.652971292195,94213.42353609148,485025.5178819927,ML1,2024-06-06,17.939789,-67.04021
7671.144353445619,20432.01029829193,88431.70675737286,485025.5178819927,MJ4,2024-06-06,17.973782,-67.06234
7671.144353445619,20432.01029829193,88431.70675737286,485025.5178819927,MJ3,2024-06-06,17.972672,-67.06536
7671.14435344562,20432.01029829193,86784.29810707385,485025.5178819927,MJ2,2024-06-06,17.968758,-67.076935
7671.144353445619,20432.01029829193,86784.29810707385,485025.5178819927,MJ1,2024-06-06,17.967564,-67.07653
7671.14435344562,19725.01936793427,94636.83068885248,485025.5178819927,C3_West,2024-06-06,17.943748,-67.009384
7671.14435344562,19725.01936793427,94636.83068885248,485025.5178819927,C1_East,2024-06-06,17.944336,-67.002266
7671.14435344562,19725.01936793427,94636.83068885248,485025.5178819927,C2_Center,2024-06-06,17.943632,-67.00623
7671.14435344562,21311.61953721842,91982.3020429962,485025.5178819927,L1,2024-06-06,17.943077,-67.05644
7671.144353445619,20671.652971292195,91342.33547706998,485025.5178819927,E1,2024-06-06,17.954287,-67.050186
7671.144353445619,20221.379755981707,90794.84805440718,485025.5178819927,G1,2024-06-06,17.97034,-67.04777
116021.79361321357,211064.65556250804,1216662.6583158467,2600945.074114431,SC,2024-06-13,17.942287,-67.07675
118084.08623098773,213625.31651929845,1231637.642340029,2600945.074114431,ML3,2024-06-13,17.9392,-67.04
118084.08623098774,213625.31651929845,1231637.642340029,2600945.074114431,ML2,2024-06-13,17.9394,-67.04
117498.75749407956,213625.3165192984,1231637.642340029,2600945.074114431,ML1,2024-06-13,17.939789,-67.04021
117342.58533849604,212362.61169244765,1219422.998730151,2600945.074114431,MJ4,2024-06-13,17.973782,-67.06234
116995.24251292968,211980.8288952692,1218013.5494413036,2600945.074114431,MJ3,2024-06-13,17.972672,-67.06536
116090.58427696794,210396.38834510333,1215193.7642671082,2600945.074114431,MJ2,2024-06-13,17.968758,-67.076935
115690.69933567004,210396.38834510333,1215193.7642671082,2600945.074114431,MJ1,2024-06-13,17.967564,-67.07653
117098.87255278164,213804.7288778489,1227102.1031936686,2600945.074114431,L1,2024-06-13,17.943077,-67.05644
118132.0841285744,209515.60419420977,1222375.5732911923,2600945.074114431,G1,2024-06-13,17.97034,-67.04777
117498.75749407956,209946.75389237827,1225361.1565867595,2600945.074114431,E1,2024-06-13,17.954287,-67.050186
119294.79865512215,210564.7527906068,1247427.6556237612,2600945.074114431,C3_West,2024-06-13,17.943748,-67.009384
119351.4630223588,210564.7527906068,1247427.6556237612,2600945.074114431,C2_Center,2024-06-13,17.943632,-67.00623
119351.4630223588,210564.7527906068,1253479.993127977,2600945.074114431,C1_East,2024-06-13,17.944336,-67.002266
500.57938219808347,70455.83621902301,264244.59250813915,450510.5516512875,MJ2,2024-06-20,17.968758,-67.076935
500.57938219808347,70459.1685640394,264600.3087086042,450510.5516512875,SC,2024-06-20,17.942287,-67.07675
500.57938219808347,71289.92542666348,268009.606711189,450510.5516512875,ML3,2024-06-20,17.9392,-67.04
500.57938219808347,71289.92542666348,268009.606711189,450510.5516512875,ML2,2024-06-20,17.9394,-67.04
500.57938219808347,71289.92542666348,268009.606711189,450510.5516512875,ML1,2024-06-20,17.939789,-67.04021
500.57938219808347,70459.16856403938,264600.3087086042,450510.5516512875,MJ4,2024-06-20,17.973782,-67.06234
500.57938219808347,70455.83621902301,264600.3087086042,450510.5516512875,MJ3,2024-06-20,17.972672,-67.06536
500.57938219808347,70956.9241560713,267011.52369386714,450510.5516512875,G1,2024-06-20,17.97034,-67.04777
500.57938219808347,70956.92415607133,267011.5236938671,450510.5516512875,E1,2024-06-20,17.954287,-67.050186
500.57938219808347,71685.08022217262,268558.12731517805,450510.5516512875,C3_West,2024-06-20,17.943748,-67.009384
500.57938219808347,71685.08022217262,268685.08617491514,450510.5516512875,C2_Center,2024-06-20,17.943632,-67.00623
500.57938219808347,71685.08022217262,268685.08617491514,450510.5516512875,C1_East,2024-06-20,17.944336,-67.002266
500.57938219808347,70455.83621902301,264244.59250813915,450510.5516512875,MJ1,2024-06-20,17.967564,-67.07653
500.57938219808347,70956.92415607134,267011.5236938671,450510.5516512875,L1,2024-06-20,17.943077,-67.05644
70052.85053196171,48528.64700507265,100644.1027910403,223154.155275812,L1,2024-06-27,17.943077,-67.05644
70052.85053196171,48528.64700507265,100644.10279104028,223154.155275812,G1,2024-06-27,17.97034,-67.04777
70052.85053196173,48528.64700507266,100629.7817916572,223154.155275812,MJ1,2024-06-27,17.967564,-67.07653
70052.85053196171,48528.64700507265,100629.7817916572,223154.155275812,SC,2024-06-27,17.942287,-67.07675
70052.85053196171,48528.64700507266,100700.17390692807,223154.155275812,ML3,2024-06-27,17.9392,-67.04
70052.85053196171,48528.64700507266,100700.17390692807,223154.155275812,ML2,2024-06-27,17.9394,-67.04
70052.85053196171,48528.64700507265,100644.1027910403,223154.155275812,MJ4,2024-06-27,17.973782,-67.06234
70052.85053196171,48528.64700507266,101500.6028742298,223154.155275812,C3_West,2024-06-27,17.943748,-67.009384
70052.85053196171,48528.64700507265,100644.1027910403,223154.155275812,E1,2024-06-27,17.954287,-67.050186
70052.85053196171,48528.64700507266,101500.6028742298,223154.155275812,C2_Center,2024-06-27,17.943632,-67.00623
70052.85053196171,48528.64700507266,102662.38622860111,223154.155275812,C1_East,2024-06-27,17.944336,-67.002266
70052.85053196171,48528.64700507265,100629.7817916572,223154.155275812,MJ2,2024-06-27,17.968758,-67.076935
70052.85053196173,48528.64700507266,100644.10279104028,223154.155275812,MJ3,2024-06-27,17.972672,-67.06536
70052.85053196171,48528.64700507265,100700.17390692807,223154.155275812,ML1,2024-06-27,17.939789,-67.04021
132308.20917208202,137981.4641107345,454982.6190563098,1084763.2649664164,SC,2024-07-25,17.942287,-67.07675
131564.9746879442,134886.7962461073,466963.850474908,1084763.2649664164,ML3,2024-07-25,17.9392,-67.04
131564.9746879442,134886.7962461073,466963.850474908,1084763.2649664164,ML2,2024-07-25,17.9394,-67.04
131564.9746879442,134886.7962461073,466963.850474908,1084763.2649664164,ML1,2024-07-25,17.939789,-67.04021
131534.5431895099,138897.99704393552,453052.0007112359,1084763.2649664164,MJ4,2024-07-25,17.973782,-67.06234
131534.5431895099,138897.99704393552,451542.2357412615,1084763.2649664164,MJ3,2024-07-25,17.972672,-67.06536
131767.81048453008,138356.72391482303,446075.7207673716,1084763.2649664164,MJ2,2024-07-25,17.968758,-67.076935
131767.81048453008,138356.72391482303,448036.7210850837,1084763.2649664164,MJ1,2024-07-25,17.967564,-67.07653
130975.22013536462,130750.72029179105,468641.540705158,1084763.2649664164,C3_West,2024-07-25,17.943748,-67.009384
130975.22013536462,130750.72029179105,469195.973643242,1084763.2649664164,C1_East,2024-07-25,17.944336,-67.002266
130975.2201353646,130750.72029179105,469104.3890143883,1084763.2649664164,C2_Center,2024-07-25,17.943632,-67.00623
131564.97468794417,138951.39964299105,462694.5238804314,1084763.2649664164,L1,2024-07-25,17.943077,-67.05644
131251.5041176532,134507.29394979597,461140.63613802113,1084763.2649664164,E1,2024-07-25,17.954287,-67.050186
130875.43482774432,134627.99705479588,458906.20027389046,1084763.2649664164,G1,2024-07-25,17.97034,-67.04777
65836.79978138591,60841.1577625057,641265.3168464765,1413613.9723832435,MJ2,2024-08-01,17.968758,-67.076935
68501.03789741934,60037.3927331802,644810.6558422438,1413613.9723832435,SC,2024-08-01,17.942287,-67.07675
65989.33219743597,58586.981621837214,652711.7856860429,1413613.9723832435,ML3,2024-08-01,17.9392,-67.04
65989.33219743597,58586.981621837214,652711.7856860429,1413613.9723832435,ML2,2024-08-01,17.9394,-67.04
65989.33219743597,58586.981621837214,652623.0227432222,1413613.9723832435,ML1,2024-08-01,17.939789,-67.04021
65836.79978138591,60906.7537133155,648978.8895448706,1413613.9723832435,MJ4,2024-08-01,17.973782,-67.06234
65836.79978138591,60906.75371331552,648978.8895448706,1413613.9723832435,MJ3,2024-08-01,17.972672,-67.06536
65667.4706463753,58480.41031103629,650130.4531206028,1413613.9723832435,G1,2024-08-01,17.97034,-67.04777
65667.47064637528,58480.410311036285,650197.8988652604,1413613.9723832435,E1,2024-08-01,17.954287,-67.050186
64328.69613656921,49095.79711894682,649960.1578309644,1413613.9723832435,C3_West,2024-08-01,17.943748,-67.009384
63577.02077471813,49095.79711894684,649960.1578309644,1413613.9723832435,C2_Center,2024-08-01,17.943632,-67.00623
63577.02077471814,49095.79711894684,650851.3795040491,1413613.9723832435,C1_East,2024-08-01,17.944336,-67.002266
65836.79978138591,60841.157762505696,641265.3168464765,1413613.9723832435,MJ1,2024-08-01,17.967564,-67.07653
68331.70876240873,60906.75371331552,653149.0310617726,1413613.9723832435,L1,2024-08-01,17.943077,-67.05644
576590.4289627858,511693.7358377208,1231290.173000571,2260884.4409417734,MJ4,2024-08-08,17.973782,-67.06234
577968.1493136282,511693.7358377207,1226078.0870642476,2260884.4409417734,MJ3,2024-08-08,17.972672,-67.06536
576790.5589870674,511693.7358377208,1222024.8470009551,2260884.4409417734,SC,2024-08-08,17.942287,-67.07675
584189.686363429,497972.16007251816,1233615.460052276,2260884.4409417734,ML3,2024-08-08,17.9392,-67.04
584189.686363429,497972.16007251816,1233615.460052276,2260884.4409417734,ML2,2024-08-08,17.9394,-67.04
583317.8659003056,497972.16007251816,1233615.460052276,2260884.4409417734,ML1,2024-08-08,17.939789,-67.04021
576041.9474847286,511693.7358377207,1217831.456621523,2260884.4409417734,MJ2,2024-08-08,17.968758,-67.076935
574421.2551104742,511693.7358377207,1217831.456621523,2260884.4409417734,MJ1,2024-08-08,17.967564,-67.07653
582129.0113669498,497761.6793120396,1227579.3310941232,2260884.4409417734,G1,2024-08-08,17.97034,-67.04777
581923.0779337473,497761.6793120395,1226557.9598734707,2260884.4409417734,E1,2024-08-08,17.954287,-67.050186
587861.9207196811,490791.80549926544,1243918.4319297045,2260884.4409417734,C3_West,2024-08-08,17.943748,-67.009384
590018.3249285638,490791.80549926544,1245836.4325798615,2260884.4409417734,C2_Center,2024-08-08,17.943632,-67.00623
590372.436186363,490791.80549926544,1247792.9391018725,2260884.4409417734,C1_East,2024-08-08,17.944336,-67.002266
582183.59444375,512422.7226133213,1236602.419742199,2260884.4409417734,L1,2024-08-08,17.943077,-67.05644
5779.1465518677,6214.441952273747,225791.9497257112,490143.90645306656,SC,2024-08-15,17.942287,-67.07675
5779.1465518677,7891.636494400423,225791.9497257112,490143.90645306656,ML3,2024-08-15,17.9392,-67.04
5779.1465518677,7891.636494400423,225791.9497257112,490143.90645306656,ML2,2024-08-15,17.9394,-67.04
5779.1465518677,7891.636494400423,225791.9497257112,490143.90645306656,ML1,2024-08-15,17.939789,-67.04021
5779.146551867699,7606.328537104036,225791.9497257112,490143.90645306656,MJ4,2024-08-15,17.973782,-67.06234
5779.146551867699,7606.328537104036,225791.9497257112,490143.90645306656,MJ3,2024-08-15,17.972672,-67.06536
5779.146551867699,6214.441952273745,225791.9497257112,490143.90645306656,MJ2,2024-08-15,17.968758,-67.076935
5779.146551867699,6214.441952273745,225791.9497257112,490143.90645306656,MJ1,2024-08-15,17.967564,-67.07653
5779.1465518677,7606.328537104036,225791.9497257112,490143.90645306656,L1,2024-08-15,17.943077,-67.05644
5779.146551867699,7606.328537104036,225791.9497257112,490143.90645306656,G1,2024-08-15,17.97034,-67.04777
5779.1465518677,7606.328537104036,225791.9497257112,490143.90645306656,E1,2024-08-15,17.954287,-67.050186
5779.1465518677,7891.636494400423,225791.9497257112,490143.90645306656,C3_West,2024-08-15,17.943748,-67.009384
5779.1465518677,7891.636494400423,225791.9497257112,490143.90645306656,C2_Center,2024-08-15,17.943632,-67.00623
5779.1465518677,7891.636494400423,225791.9497257112,490143.90645306656,C1_East,2024-08-15,17.944336,-67.002266
172894.88843564034,135500.55201334303,602263.3441388363,977925.5072893758,SC,2024-08-22,17.942287,-67.07675
175276.7675361669,129695.51140911155,595495.4900013043,977925.5072893758,ML3,2024-08-22,17.9392,-67.04
175276.7675361669,129695.51140911155,595495.4900013043,977925.5072893758,ML2,2024-08-22,17.9394,-67.04
174800.93703461342,129695.51140911155,595495.4900013043,977925.5072893758,ML1,2024-08-22,17.939789,-67.04021
173322.31666934973,134870.13935748715,602673.4912931558,977925.5072893758,MJ4,2024-08-22,17.973782,-67.06234
172748.0904100116,134870.13935748715,602673.4912931558,977925.5072893758,MJ3,2024-08-22,17.972672,-67.06536
172394.2903212356,134870.13935748715,599404.2350399712,977925.5072893758,MJ2,2024-08-22,17.968758,-67.076935
172394.29032123557,134870.13935748715,600630.4527138238,977925.5072893758,MJ1,2024-08-22,17.967564,-67.07653
174258.31375116576,135690.4492833606,603667.9127935726,977925.5072893758,L1,2024-08-22,17.943077,-67.05644
173686.59312090062,129617.15800340017,594847.9294015672,977925.5072893758,G1,2024-08-22,17.97034,-67.04777
174249.86931225052,129617.15800340017,595060.1366632445,977925.5072893758,E1,2024-08-22,17.954287,-67.050186
175686.47073134605,128910.59535319224,596218.8194818691,977925.5072893758,C3_West,2024-08-22,17.943748,-67.009384
175956.0128685034,129099.30497003083,596330.5670471954,977925.5072893758,C2_Center,2024-08-22,17.943632,-67.00623
175499.41488187388,129257.65109560704,596666.0108479834,977925.5072893758,C1_East,2024-08-22,17.944336,-67.002266
355071.7484382498,631889.2599073864,958312.2300795296,1514856.8333365284,SC,2024-08-29,17.942287,-67.07675
359554.527809892,623952.7930117168,950724.7352437414,1514856.8333365284,ML3,2024-08-29,17.9392,-67.04
359554.527809892,623952.7930117168,950724.7352437414,1514856.8333365284,ML2,2024-08-29,17.9394,-67.04
357010.36027038126,623822.4615652747,950724.7352437414,1514856.8333365284,ML1,2024-08-29,17.939789,-67.04021
360859.6423976885,631411.2242687679,957823.9989183996,1514856.8333365284,MJ4,2024-08-29,17.973782,-67.06234
360257.3734016658,631411.2242687679,957823.9989183998,1514856.8333365284,MJ3,2024-08-29,17.972672,-67.06536
357853.33638277306,630003.8026273096,954134.1698741842,1514856.8333365284,MJ2,2024-08-29,17.968758,-67.076935
356442.57821465767,630003.8026273097,954134.1698741842,1514856.8333365284,MJ1,2024-08-29,17.967564,-67.07653
356362.57476812706,633322.9571766767,960750.3855252174,1514856.8333365284,L1,2024-08-29,17.943077,-67.05644
362463.6102987516,621555.4962442265,949030.8701937468,1514856.8333365284,G1,2024-08-29,17.97034,-67.04777
358311.8275163404,622106.6322708478,949230.0630800588,1514856.8333365284,E1,2024-08-29,17.954287,-67.050186
355670.53213023534,621547.160599034,946846.2006609234,1514856.8333365284,C3_West,2024-08-29,17.943748,-67.009384
357230.5912430365,621547.160599034,946846.2006609234,1514856.8333365284,C2_Center,2024-08-29,17.943632,-67.00623
356559.30127790204,621547.160599034,946846.2006609234,1514856.8333365284,C1_East,2024-08-29,17.944336,-67.002266
285958.0285196678,199687.44572057296,333046.7334312712,752530.693674491,SC,2024-09-12,17.942287,-67.07675
284531.8734281529,192798.49574838785,326066.38832610054,752530.693674491,ML3,2024-09-12,17.9392,-67.04
284531.8734281529,192798.49574838785,326066.38832610054,752530.693674491,ML2,2024-09-12,17.9394,-67.04
287625.330113531,192798.49574838785,326066.38832610054,752530.693674491,ML1,2024-09-12,17.939789,-67.04021
280859.4011937031,200331.5439012436,332840.6393056563,752530.693674491,MJ4,2024-09-12,17.973782,-67.06234
280624.2938643001,200331.5439012436,332840.6393056563,752530.693674491,MJ3,2024-09-12,17.972672,-67.06536
276946.2003239163,200000.97255948265,332476.15200308175,752530.693674491,MJ2,2024-09-12,17.968758,-67.076935
280396.2182477549,200000.97255948265,332476.1520030817,752530.693674491,MJ1,2024-09-12,17.967564,-67.07653
288522.62411889114,200331.5439012436,333411.02685469144,752530.693674491,L1,2024-09-12,17.943077,-67.05644
285798.1935423351,192798.49574838785,325582.6391948892,752530.693674491,G1,2024-09-12,17.97034,-67.04777
287385.78129043954,192798.49574838785,325853.4110347491,752530.693674491,E1,2024-09-12,17.954287,-67.050186
284116.3534486726,187862.74657422723,321442.6103324952,752530.693674491,C3_West,2024-09-12,17.943748,-67.009384
285325.2996473476,187862.74657422723,321442.6103324952,752530.693674491,C2_Center,2024-09-12,17.943632,-67.00623
285325.2996473476,187862.74657422723,321613.61640384793,752530.693674491,C1_East,2024-09-12,17.944336,-67.002266
318183.5145768077,263470.06498021464,687688.613207957,1771283.0330371174,MJ2,2024-09-19,17.968758,-67.076935
317568.7878893478,260168.7552590992,689394.4675372649,1771283.0330371174,SC,2024-09-19,17.942287,-67.07675
319207.59091808315,253037.104342428,693735.6414503424,1771283.0330371174,ML3,2024-09-19,17.9392,-67.04
319207.59091808315,253037.104342428,693735.6414503424,1771283.0330371174,ML2,2024-09-19,17.9394,-67.04
317164.2920223016,252926.50689885367,693735.6414503424,1771283.0330371174,ML1,2024-09-19,17.939789,-67.04021
317665.9500516948,266020.13352776406,691084.5944484964,1771283.0330371174,MJ4,2024-09-19,17.973782,-67.06234
317665.9500516948,266020.13352776406,690811.5095213831,1771283.0330371174,MJ3,2024-09-19,17.972672,-67.06536
318249.0149542885,258023.3378067329,688680.4898800151,1771283.0330371174,G1,2024-09-19,17.97034,-67.04777
318021.81963328924,255921.9388221788,689699.0378025887,1771283.0330371174,E1,2024-09-19,17.954287,-67.050186
319298.9857683639,259106.1934337204,698117.3697872632,1771283.0330371174,C3_West,2024-09-19,17.943748,-67.009384
319150.0586969332,259106.1934337204,698117.3697872632,1771283.0330371174,C2_Center,2024-09-19,17.943632,-67.00623
319150.0586969332,259106.1934337204,702413.6289063452,1771283.0330371174,C1_East,2024-09-19,17.944336,-67.002266
318101.0442874291,263470.06498021464,687688.613207957,1771283.0330371174,MJ1,2024-09-19,17.967564,-67.07653
317939.34934391064,260951.56571533825,696599.6836498973,1771283.0330371174,L1,2024-09-19,17.943077,-67.05644
161628.16794808823,275515.0390392503,444059.689691846,784850.9177877094,MJ4,2024-09-26,17.973782,-67.06234
161184.97719520566,275469.5225492625,443327.0624071332,784850.9177877094,MJ3,2024-09-26,17.972672,-67.06536
157590.13845790774,273791.4625078735,443163.3866949256,784850.9177877094,SC,2024-09-26,17.942287,-67.07675
163291.4543262465,269483.94255646056,445783.1336792714,784850.9177877094,ML3,2024-09-26,17.9392,-67.04
163291.4543262465,269483.94255646056,445783.1336792714,784850.9177877094,ML2,2024-09-26,17.9394,-67.04
162266.04976306087,269732.39620354294,440360.0013109616,784850.9177877094,G1,2024-09-26,17.97034,-67.04777
157846.51504886438,274725.4186886662,439371.7336223492,784850.9177877094,MJ1,2024-09-26,17.967564,-67.07653
161908.78001599794,269074.3358845593,442795.7519825575,784850.9177877094,E1,2024-09-26,17.954287,-67.050186
158369.73225253035,274725.4186886662,439371.7336223492,784850.9177877094,MJ2,2024-09-26,17.968758,-67.076935
161985.9735614723,269483.94255646056,445783.1336792714,784850.9177877094,ML1,2024-09-26,17.939789,-67.04021
165982.3740689187,269817.9753437219,446954.02411781,784850.9177877094,C3_West,2024-09-26,17.943748,-67.009384
167197.47625408703,269817.9753437219,446954.02411781,784850.9177877094,C2_Center,2024-09-26,17.943632,-67.00623
167517.70336031765,269817.9753437219,450031.7099957372,784850.9177877094,C1_East,2024-09-26,17.944336,-67.002266
161385.56281233203,275384.6441545227,446648.16274269175,784850.9177877094,L1,2024-09-26,17.943077,-67.05644
250835.9817714948,188050.851484584,385009.8839595691,1005756.4664235418,MJ2,2024-10-03,17.968758,-67.076935
250305.62824733305,184389.0744896908,385186.0014755756,1005756.4664235418,SC,2024-10-03,17.942287,-67.07675
248015.4458147412,180168.781040158,374861.096319812,1005756.4664235418,ML3,2024-10-03,17.9392,-67.04
248015.4458147412,180168.781040158,374861.096319812,1005756.4664235418,ML2,2024-10-03,17.9394,-67.04
248749.49342465424,180168.781040158,374861.096319812,1005756.4664235418,ML1,2024-10-03,17.939789,-67.04021
250579.68765180832,190782.12724612915,385361.77027748816,1005756.4664235418,MJ4,2024-10-03,17.973782,-67.06234
250579.68765180832,190782.12724612915,385361.77027748816,1005756.4664235418,MJ3,2024-10-03,17.972672,-67.06536
249604.0996893196,179297.24384751962,374021.84176273405,1005756.4664235418,G1,2024-10-03,17.97034,-67.04777
249604.0996893196,179297.24384751962,374177.32911279605,1005756.4664235418,E1,2024-10-03,17.954287,-67.050186
247651.40607593788,182680.38451395504,374852.86015926144,1005756.4664235418,C3_West,2024-10-03,17.943748,-67.009384
246837.7578008748,182680.38451395507,374852.86015926144,1005756.4664235418,C2_Center,2024-10-03,17.943632,-67.00623
246837.7578008748,183587.8047733912,375721.4007826192,1005756.4664235418,C1_East,2024-10-03,17.944336,-67.002266
250482.19002022053,188050.851484584,385009.8839595691,1005756.4664235418,MJ1,2024-10-03,17.967564,-67.07653
249433.64321691345,190580.1602292476,385506.7251613437,1005756.4664235418,L1,2024-10-03,17.943077,-67.05644
84422.12417415889,127188.8808626893,241306.8271936916,613826.9787092308,SC,2024-10-10,17.942287,-67.07675
85143.75847955195,127188.88086268929,241371.5992934105,613826.9787092308,MJ3,2024-10-10,17.972672,-67.06536
85143.75847955195,127780.1979308682,244933.3309806812,613826.9787092308,ML3,2024-10-10,17.9392,-67.04
85143.75847955195,127780.1979308682,244933.3309806812,613826.9787092308,ML2,2024-10-10,17.9394,-67.04
85143.75847955195,127780.1979308682,244933.3309806812,613826.9787092308,ML1,2024-10-10,17.939789,-67.04021
85143.75847955195,127188.8808626893,240381.7255714152,613826.9787092308,MJ2,2024-10-10,17.968758,-67.076935
85143.75847955195,127188.88086268929,241371.5992934105,613826.9787092308,MJ4,2024-10-10,17.973782,-67.06234
85143.75847955194,127780.1979308682,242269.41997461696,613826.9787092308,E1,2024-10-10,17.954287,-67.050186
84435.30720624872,127188.88086268929,240381.7255714152,613826.9787092308,MJ1,2024-10-10,17.967564,-67.07653
85852.20975285517,128899.32787961543,247937.79651833573,613826.9787092308,C3_West,2024-10-10,17.943748,-67.009384
85852.20975285517,128899.32787961543,248039.03201788213,613826.9787092308,C2_Center,2024-10-10,17.943632,-67.00623
85852.20975285517,128899.32787961543,248128.0372174176,613826.9787092308,C1_East,2024-10-10,17.944336,-67.002266
84435.30720624872,127358.68546941692,241948.9274466488,613826.9787092308,L1,2024-10-10,17.943077,-67.05644
85852.20975285517,127780.1979308682,242069.74401922047,613826.9787092308,G1,2024-10-10,17.97034,-67.04777
630749.127811949,933475.814224066,1096157.3621140148,2508745.082571473,MJ2,2024-10-17,17.968758,-67.076935
625819.6954149263,932780.65213969,1096574.2667854482,2508745.082571473,SC,2024-10-17,17.942287,-67.07675
637560.8492268529,911101.0577153156,1078379.787979953,2508745.082571473,ML3,2024-10-17,17.9392,-67.04
637560.8492268529,911101.0577153156,1078379.787979953,2508745.082571473,ML2,2024-10-17,17.9394,-67.04
635423.7813078251,911101.0577153154,1078379.787979953,2508745.082571473,ML1,2024-10-17,17.939789,-67.04021
636795.9181831625,933722.3543973946,1096715.0150747143,2508745.082571473,MJ3,2024-10-17,17.972672,-67.06536
638059.2146406842,933733.9048782008,1097102.9388323291,2508745.082571473,MJ4,2024-10-17,17.973782,-67.06234
637052.2485857445,910892.1292664112,1077553.692868577,2508745.082571473,E1,2024-10-17,17.954287,-67.050186
631771.4310252068,934484.8330246554,1101602.2666117707,2508745.082571473,L1,2024-10-17,17.943077,-67.05644
649242.7535844246,904541.5554571135,1077068.8741764145,2508745.082571473,C3_West,2024-10-17,17.943748,-67.009384
652108.364572427,904541.5554571135,1077124.5961351658,2508745.082571473,C2_Center,2024-10-17,17.943632,-67.00623
652590.7239720116,904541.5554571135,1079493.6315415956,2508745.082571473,C1_East,2024-10-17,17.944336,-67.002266
628953.531828769,933475.814224066,1096157.3621140148,2508745.082571473,MJ1,2024-10-17,17.967564,-67.07653
641434.0641891952,911312.446506031,1077102.062785197,2508745.082571473,G1,2024-10-17,17.97034,-67.04777
218062.40735665828,302572.97621751897,428349.5054311647,626427.077123907,SC,2024-10-24,17.942287,-67.07675
221865.21499655725,286867.130653842,414648.61197095935,626427.077123907,ML3,2024-10-24,17.9392,-67.04
221865.21499655725,286867.130653842,414648.61197095935,626427.077123907,ML2,2024-10-24,17.9394,-67.04
220512.0116763656,286867.130653842,414648.61197095935,626427.077123907,ML1,2024-10-24,17.939789,-67.04021
220531.6148482524,303130.308682931,428636.6759358284,626427.077123907,MJ4,2024-10-24,17.973782,-67.06234
220142.79805785583,303130.308682931,428349.5054311647,626427.077123907,MJ3,2024-10-24,17.972672,-67.06536
219243.35491696696,302357.6679556399,426920.0813613739,626427.077123907,MJ2,2024-10-24,17.968758,-67.076935
219243.35491696696,302357.6679556399,426920.0813613739,626427.077123907,MJ1,2024-10-24,17.967564,-67.07653
224311.61545864007,285203.97627797833,413669.4952785698,626427.077123907,C3_West,2024-10-24,17.943748,-67.009384
226156.5758431951,285203.97627797833,413669.4952785698,626427.077123907,C1_East,2024-10-24,17.944336,-67.002266
225869.48043299525,285203.9762779784,413669.4952785698,626427.077123907,C2_Center,2024-10-24,17.943632,-67.00623
220230.793542636,304433.3565379713,430702.3296829221,626427.077123907,L1,2024-10-24,17.943077,-67.05644
220635.2142479564,286819.3867619967,412967.34230133786,626427.077123907,E1,2024-10-24,17.954287,-67.050186
220635.6779800092,286819.3867619967,412967.34230133786,626427.077123907,G1,2024-10-24,17.97034,-67.04777
102864.38847093126,7700.34833469711,56736.88204774435,351070.8412360159,SC,2024-10-31,17.942287,-67.07675
102864.38847093126,0.0,52052.70011789171,351070.8412360159,ML3,2024-10-31,17.9392,-67.04
102864.38847093128,0.0,52052.70011789171,351070.8412360159,ML2,2024-10-31,17.9394,-67.04
102864.38847093126,0.0,52052.70011789171,351070.8412360159,ML1,2024-10-31,17.939789,-67.04021
102864.38847093126,7700.34833469711,56858.53139155708,351070.8412360159,MJ4,2024-10-31,17.973782,-67.06234
102864.38847093124,7700.34833469711,56858.53139155708,351070.8412360159,MJ3,2024-10-31,17.972672,-67.06536
102864.38847093124,7700.34833469711,55935.175305081466,351070.8412360159,MJ2,2024-10-31,17.968758,-67.076935
102864.38847093124,7700.34833469711,55935.17530508147,351070.8412360159,MJ1,2024-10-31,17.967564,-67.07653
102864.38847093126,7700.34833469711,58043.05443378202,351070.8412360159,L1,2024-10-31,17.943077,-67.05644
102864.38847093126,0.0,50342.70609908491,351070.8412360159,G1,2024-10-31,17.97034,-67.04777
102864.38847093128,0.0,50505.65540625728,351070.8412360159,E1,2024-10-31,17.954287,-67.050186
102864.38847093126,0.0,54440.19115551261,351070.8412360159,C3_West,2024-10-31,17.943748,-67.009384
102864.38847093128,0.0,54440.19115551261,351070.8412360159,C2_Center,2024-10-31,17.943632,-67.00623
102864.38847093126,0.0,54769.17478740584,351070.8412360159,C1_East,2024-10-31,17.944336,-67.002266
23911.466141521923,22095.6103274075,138258.65558913682,427441.13257867686,MJ2,2024-11-07,17.968758,-67.076935
23526.500817666976,22286.17110884921,142260.37095635367,427441.13257867686,SC,2024-11-07,17.942287,-67.07675
22590.80897851973,21316.49730751133,155053.06146787884,427441.13257867686,ML3,2024-11-07,17.9392,-67.04
22590.80897851973,21316.49730751133,155053.06146787884,427441.13257867686,ML2,2024-11-07,17.9394,-67.04
22590.80897851973,21316.49730751133,155053.06146787884,427441.13257867686,ML1,2024-11-07,17.939789,-67.04021
23526.50081766697,22095.6103274075,142939.88417749453,427441.13257867686,MJ4,2024-11-07,17.973782,-67.06234
23526.50081766697,22095.6103274075,142260.37095635367,427441.13257867686,MJ3,2024-11-07,17.972672,-67.06536
22993.58664480465,20450.554037161684,147606.83223528616,427441.13257867686,G1,2024-11-07,17.97034,-67.04777
22993.58664480465,20450.554037161684,149101.30595528538,427441.13257867686,E1,2024-11-07,17.954287,-67.050186
22590.808978519726,22111.64229991195,166183.04638204337,427441.13257867686,C3_West,2024-11-07,17.943748,-67.009384
22590.80897851973,22111.64229991196,166183.04638204337,427441.13257867686,C2_Center,2024-11-07,17.943632,-67.00623
22590.808978519726,22111.64229991196,168449.08190593726,427441.13257867686,C1_East,2024-11-07,17.944336,-67.002266
23911.466141521923,22095.610327407496,138258.65558913682,427441.13257867686,MJ1,2024-11-07,17.967564,-67.07653
23526.500817666976,22286.171108849205,150444.87886005867,427441.13257867686,L1,2024-11-07,17.943077,-67.05644
119365.47502497048,157824.23766775645,418479.9395921125,1109899.0485020578,L1,2024-11-14,17.943077,-67.05644
121156.16504433738,155659.30589676183,415882.5822498695,1109899.0485020578,G1,2024-11-14,17.97034,-67.04777
119711.3659895974,157662.78872932,407229.040041527,1109899.0485020578,MJ1,2024-11-14,17.967564,-67.07653
119182.8618521318,157662.78872932,411118.8667021795,1109899.0485020578,SC,2024-11-14,17.942287,-67.07675
119975.3504839894,155659.30589676183,422362.4251626761,1109899.0485020578,ML3,2024-11-14,17.9392,-67.04
119975.3504839894,155659.30589676183,422362.4251626761,1109899.0485020578,ML2,2024-11-14,17.9394,-67.04
119853.16033291456,157662.78872932,412758.769442201,1109899.0485020578,MJ4,2024-11-14,17.973782,-67.06234
121624.07230661984,155124.89184433245,431394.6044609161,1109899.0485020578,C3_West,2024-11-14,17.943748,-67.009384
119853.16033291456,155659.30589676183,416571.9351735358,1109899.0485020578,E1,2024-11-14,17.954287,-67.050186
121705.28415453926,155124.89184433245,431577.8065120704,1109899.0485020578,C2_Center,2024-11-14,17.943632,-67.00623
121705.28415453926,155124.89184433245,433998.1727622125,1109899.0485020578,C1_East,2024-11-14,17.944336,-67.002266
119853.16033291456,157662.78872932,407229.040041527,1109899.0485020578,MJ2,2024-11-14,17.968758,-67.076935
119853.16033291456,157662.78872932,411329.7888915241,1109899.0485020578,MJ3,2024-11-14,17.972672,-67.06536
119853.16033291456,155659.30589676183,422362.4251626761,1109899.0485020578,ML1,2024-11-14,17.939789,-67.04021
413296.24397415685,275885.70161034743,328313.79007011326,754867.9963456872,SC,2024-11-21,17.942287,-67.07675
418293.65898703935,268956.2143868424,323537.6840333356,754867.9963456872,ML3,2024-11-21,17.9392,-67.04
418293.65898703935,268956.2143868424,323537.6840333356,754867.9963456872,ML2,2024-11-21,17.9394,-67.04
416888.3780386373,268956.2143868424,323537.6840333356,754867.9963456872,ML1,2024-11-21,17.939789,-67.04021
416816.4878846756,275885.70161034743,328313.7900701133,754867.9963456872,MJ4,2024-11-21,17.973782,-67.06234
416210.7293104628,275885.70161034743,328313.7900701133,754867.9963456872,MJ3,2024-11-21,17.972672,-67.06536
413296.2439741568,275885.70161034743,327543.1653498814,754867.9963456872,MJ2,2024-11-21,17.968758,-67.076935
413296.24397415685,275885.70161034743,327543.1653498814,754867.9963456872,MJ1,2024-11-21,17.967564,-67.07653
421065.0533616929,265281.44107796013,319034.13327145483,754867.9963456872,C3_West,2024-11-21,17.943748,-67.009384
422174.3172838979,265281.4410779601,319034.13327145483,754867.9963456872,C1_East,2024-11-21,17.944336,-67.002266
422174.3172838979,265281.44107796013,319034.1332714548,754867.9963456872,C2_Center,2024-11-21,17.943632,-67.00623
416888.3780386374,276446.60249305423,328537.0377152128,754867.9963456872,L1,2024-11-21,17.943077,-67.05644
416888.3780386374,268956.2143868424,320523.280410473,754867.9963456872,E1,2024-11-21,17.954287,-67.050186
416888.3780386374,268956.2143868424,320523.280410473,754867.9963456872,G1,2024-11-21,17.97034,-67.04777
128686.81179572357,182208.07603081976,293118.2886233202,396538.4906311214,MJ2,2024-11-28,17.968758,-67.076935
128564.88845543582,182208.07603081976,294392.761876531,396538.4906311214,SC,2024-11-28,17.942287,-67.07675
131101.097531752,178551.12168801267,290838.8637313536,396538.4906311214,ML3,2024-11-28,17.9392,-67.04
131101.097531752,178551.12168801267,290838.8637313536,396538.4906311214,ML2,2024-11-28,17.9394,-67.04
129845.4544669218,178551.12168801267,290838.8637313536,396538.4906311214,ML1,2024-11-28,17.939789,-67.04021
129845.4544669218,182348.60031814856,294959.5249640144,396538.4906311214,MJ4,2024-11-28,17.973782,-67.06234
129408.45102153432,182208.07603081976,294392.76187653106,396538.4906311214,MJ3,2024-11-28,17.972672,-67.06536
130573.29982136763,178551.12168801267,289783.03076130024,396538.4906311214,G1,2024-11-28,17.97034,-67.04777
129845.4544669218,178551.12168801267,289783.03076130024,396538.4906311214,E1,2024-11-28,17.954287,-67.050186
133368.2421655854,179596.8359411564,293215.4962081383,396538.4906311214,C3_West,2024-11-28,17.943748,-67.009384
133532.2977644135,179596.8359411564,293215.4962081383,396538.4906311214,C2_Center,2024-11-28,17.943632,-67.00623
133532.2977644135,179596.8359411564,293919.16371158586,396538.4906311214,C1_East,2024-11-28,17.944336,-67.002266
128686.81179572358,182208.07603081976,293118.2886233202,396538.4906311214,MJ1,2024-11-28,17.967564,-67.07653
129845.45446692182,183876.1224721112,296228.2187499696,396538.4906311214,L1,2024-11-28,17.943077,-67.05644
218976.5308426213,244101.4500758249,475131.4734779776,1091051.8232839245,MJ4,2024-12-05,17.973782,-67.06234
218829.5564332688,244086.38510433832,475131.4734779776,1091051.8232839245,MJ3,2024-12-05,17.972672,-67.06536
216647.5167884373,244295.02792810905,475320.2573856952,1091051.8232839245,SC,2024-12-05,17.942287,-67.07675
218709.4206157681,237369.54606005223,470170.7714244087,1091051.8232839245,ML3,2024-12-05,17.9392,-67.04
218709.4206157681,237369.54606005223,470170.7714244087,1091051.8232839245,ML2,2024-12-05,17.9394,-67.04
218625.2458257824,237369.5460600523,470170.7714244086,1091051.8232839245,ML1,2024-12-05,17.939789,-67.04021
218593.24519285385,243731.29473357784,473087.956631273,1091051.8232839245,MJ2,2024-12-05,17.968758,-67.076935
217345.718936192,243731.2947335778,473087.956631273,1091051.8232839245,MJ1,2024-12-05,17.967564,-67.07653
220896.6566954204,234306.16444344915,466324.245378259,1091051.8232839245,G1,2024-12-05,17.97034,-67.04777
219056.2610353943,235237.98519710405,466324.245378259,1091051.8232839245,E1,2024-12-05,17.954287,-67.050186
222077.6681869733,238097.5351535831,469076.4696899115,1091051.8232839245,C3_West,2024-12-05,17.943748,-67.009384
222644.00600344737,238097.5351535831,469076.4696899115,1091051.8232839245,C2_Center,2024-12-05,17.943632,-67.00623
222644.00600344737,238461.06488388943,471376.6755522858,1091051.8232839245,C1_East,2024-12-05,17.944336,-67.002266
217706.670977188,246556.96191732644,477263.3604620457,1091051.8232839245,L1,2024-12-05,17.943077,-67.05644
94779.2040532876,111706.07485858064,184741.5727832729,376804.4831513298,SC,2024-12-12,17.942287,-67.07675
85358.9061510511,107849.79623594448,180563.9487760396,376804.4831513298,ML3,2024-12-12,17.9392,-67.04
85358.9061510511,107849.79623594448,180563.9487760396,376804.4831513298,ML2,2024-12-12,17.9394,-67.04
88879.39285927085,107849.79623594448,180563.9487760396,376804.4831513298,ML1,2024-12-12,17.939789,-67.04021
95944.42774516332,111905.2135902608,184741.5727832729,376804.4831513298,MJ4,2024-12-12,17.973782,-67.06234
95545.9680452817,111895.95093237195,184741.5727832729,376804.4831513298,MJ3,2024-12-12,17.972672,-67.06536
94927.01423491925,111706.07485858064,184527.592149234,376804.4831513298,MJ2,2024-12-12,17.968758,-67.076935
94927.01423491925,111706.07485858066,184527.592149234,376804.4831513298,MJ1,2024-12-12,17.967564,-67.07653
95940.16982806983,112703.44895850855,185101.93900046105,376804.4831513298,L1,2024-12-12,17.943077,-67.05644
92409.98294995184,107849.79623594448,179874.78632077266,376804.4831513298,G1,2024-12-12,17.97034,-67.04777
92409.98294995182,107849.79623594448,179874.78632077266,376804.4831513298,E1,2024-12-12,17.954287,-67.050186
88173.95413663755,105441.19763962146,177863.51248469876,376804.4831513298,C3_West,2024-12-12,17.943748,-67.009384
89078.77276554763,105441.19763962146,177863.5124846987,376804.4831513298,C2_Center,2024-12-12,17.943632,-67.00623
89078.77276554763,105441.19763962146,178583.7460028588,376804.4831513298,C1_East,2024-12-12,17.944336,-67.002266
315758.96742004016,178353.89536485702,214778.8632780992,556791.4455936336,SC,2024-12-19,17.942287,-67.07675
315522.4836489702,158280.51196650745,197084.98723107623,556791.4455936336,ML3,2024-12-19,17.9392,-67.04
315522.4836489702,158280.51196650745,197084.98723107623,556791.4455936336,ML2,2024-12-19,17.9394,-67.04
313316.5162270196,158280.51196650745,197084.98723107623,556791.4455936336,ML1,2024-12-19,17.939789,-67.04021
317168.7315831365,178353.89536485702,214778.8632780992,556791.4455936336,MJ4,2024-12-19,17.973782,-67.06234
317138.545927043,178353.89536485702,214778.8632780991,556791.4455936336,MJ3,2024-12-19,17.972672,-67.06536
316964.46707666817,178353.89536485702,214001.5839829784,556791.4455936336,MJ2,2024-12-19,17.968758,-67.076935
316157.4278645604,178353.89536485705,214001.5839829784,556791.4455936336,MJ1,2024-12-19,17.967564,-67.07653
316361.69237102865,179092.8634687144,215527.6449079234,556791.4455936336,L1,2024-12-19,17.943077,-67.05644
313877.63407900016,158280.51196650742,194715.2934057164,556791.4455936336,G1,2024-12-19,17.97034,-67.04777
313449.058881729,158280.51196650742,194715.2934057164,556791.4455936336,E1,2024-12-19,17.954287,-67.050186
313252.51604437194,153730.45236833647,194172.36679402192,556791.4455936336,C3_West,2024-12-19,17.943748,-67.009384
313247.93873139,153730.45236833647,194172.36679402192,556791.4455936336,C2_Center,2024-12-19,17.943632,-67.00623
313247.93873139,153730.45236833644,195031.0437680948,556791.4455936336,C1_East,2024-12-19,17.944336,-67.002266
45777.15636824322,109202.35854265284,257506.33027637049,428903.64880916674,SC,2024-12-26,17.942287,-67.07675
45747.782851354525,109708.39941898533,259416.03140081264,428903.64880916674,ML3,2024-12-26,17.9392,-67.04
45747.782851354525,109708.39941898533,259416.03140081264,428903.64880916674,ML2,2024-12-26,17.9394,-67.04
45747.782851354525,109708.39941898528,259416.03140081264,428903.64880916674,ML1,2024-12-26,17.939789,-67.04021
45399.41569385515,113538.9766806772,257558.4364048956,428903.64880916674,MJ4,2024-12-26,17.973782,-67.06234
45633.09508262922,113538.9766806772,257506.33027637049,428903.64880916674,MJ3,2024-12-26,17.972672,-67.06536
45819.8595900068,111699.65221719712,256023.8741607617,428903.64880916674,MJ2,2024-12-26,17.968758,-67.076935
45625.29828850103,111699.65221719712,256023.87416076168,428903.64880916674,MJ1,2024-12-26,17.967564,-67.07653
45773.51601262702,112126.40078222884,259600.9641236312,428903.64880916674,L1,2024-12-26,17.943077,-67.05644
45727.651529036055,111767.50068070328,255621.642366918,428903.64880916674,G1,2024-12-26,17.97034,-67.04777
45705.52736523694,109458.9066296855,255714.73010278607,428903.64880916674,E1,2024-12-26,17.954287,-67.050186
45678.0370967865,111703.13734873229,257586.4708867065,428903.64880916674,C3_West,2024-12-26,17.943748,-67.009384
45709.30782331906,111703.1373487323,257586.4708867065,428903.64880916674,C2_Center,2024-12-26,17.943632,-67.00623
45709.30782331906,111703.1373487323,258569.43108117115,428903.64880916674,C1_East,2024-12-26,17.944336,-67.002266
101628.8406280393,196294.294754101,386987.69422802737,845959.2899843927,SC,2025-01-09,17.942287,-67.07675
103291.4643297771,195123.39003977773,387840.79730218655,845959.2899843927,ML3,2025-01-09,17.9392,-67.04
103291.4643297771,195123.39003977773,387840.79730218655,845959.2899843927,ML2,2025-01-09,17.9394,-67.04
102574.95693477936,195123.39003977773,387840.79730218655,845959.2899843927,ML1,2025-01-09,17.939789,-67.04021
102663.9234010286,197577.53575456672,387130.61230656673,845959.2899843927,MJ4,2025-01-09,17.973782,-67.06234
102202.1819804432,197544.0688592749,386987.69422802737,845959.2899843927,MJ3,2025-01-09,17.972672,-67.06536
101628.84062803932,196155.08575700872,385609.0644708795,845959.2899843927,MJ2,2025-01-09,17.968758,-67.076935
101628.84062803932,196239.7972011968,385609.0644708795,845959.2899843927,MJ1,2025-01-09,17.967564,-67.07653
102663.9234010286,199577.29449397,389397.7368829796,845959.2899843927,L1,2025-01-09,17.943077,-67.05644
102663.9234010286,194334.49986686467,382979.9968893633,845959.2899843927,G1,2025-01-09,17.97034,-67.04777
102663.92340102856,194181.1131518673,383064.87769196415,845959.2899843927,E1,2025-01-09,17.954287,-67.050186
106574.0371215084,201795.6571948036,391289.1052129775,845959.2899843927,C3_West,2025-01-09,17.943748,-67.009384
108093.68881141952,202412.3301752972,391289.1052129776,845959.2899843927,C2_Center,2025-01-09,17.943632,-67.00623
108093.68881141952,202514.5889386148,392116.0940714068,845959.2899843927,C1_East,2025-01-09,17.944336,-67.002266
287966.5454326284,214460.7116697752,413919.19452441216,921737.7213899568,MJ2,2025-01-16,17.968758,-67.076935
285305.9107655834,215080.4624176455,416028.9482678512,921737.7213899568,SC,2025-01-16,17.942287,-67.07675
289469.434060636,202610.17535001936,410325.658047039,921737.7213899568,ML3,2025-01-16,17.9392,-67.04
289469.43406063603,202610.17535001936,410325.658047039,921737.7213899568,ML2,2025-01-16,17.9394,-67.04
288396.7736276355,202610.17535001936,410203.0227472126,921737.7213899568,ML1,2025-01-16,17.939789,-67.04021
290012.6495041666,215052.5144263978,416549.6946302031,921737.7213899568,MJ4,2025-01-16,17.973782,-67.06234
289795.296977978,215052.5144263978,415975.5163828484,921737.7213899568,MJ3,2025-01-16,17.972672,-67.06536
288850.1154501684,203019.4855022737,405437.3178825442,921737.7213899568,G1,2025-01-16,17.97034,-67.04777
288597.3093318478,202365.13523147395,405701.9441768027,921737.7213899568,E1,2025-01-16,17.954287,-67.050186
291609.69761641906,200529.4453762752,409693.7151950691,921737.7213899568,C3_West,2025-01-16,17.943748,-67.009384
291973.1032005202,200539.26427902776,409693.7151950691,921737.7213899568,C2_Center,2025-01-16,17.943632,-67.00623
291973.1032005202,200539.26427902776,410939.5245016581,921737.7213899568,C1_East,2025-01-16,17.944336,-67.002266
287899.62625637866,214460.7116697752,413919.19452441216,921737.7213899568,MJ1,2025-01-16,17.967564,-67.07653
287541.1145104277,216554.1493940859,420262.9295041172,921737.7213899568,L1,2025-01-16,17.943077,-67.05644
66351.86434038087,114213.8915713334,148471.30848880857,428156.756919877,MJ4,2025-01-23,17.973782,-67.06234
66328.98164494142,114213.89157133344,148400.32435879408,428156.756919877,MJ3,2025-01-23,17.972672,-67.06536
64802.13593629583,112844.0188791428,148400.32435879408,428156.756919877,SC,2025-01-23,17.942287,-67.07675
66351.86434038088,113078.42753908418,150975.55833631975,428156.756919877,ML3,2025-01-23,17.9392,-67.04
66351.86434038087,113078.42753908418,150975.55833631975,428156.756919877,ML2,2025-01-23,17.9394,-67.04
67328.45990487837,114213.8915713334,150659.7639875123,428156.756919877,G1,2025-01-23,17.97034,-67.04777
64922.36836935904,114101.51984682784,146423.22250766022,428156.756919877,MJ1,2025-01-23,17.967564,-67.07653
66351.86434038087,114071.135057818,150659.7639875123,428156.756919877,E1,2025-01-23,17.954287,-67.050186
65737.88781369792,114101.51984682784,146423.22250766022,428156.756919877,MJ2,2025-01-23,17.968758,-67.076935
66351.86434038088,113078.42753908416,150975.55833631975,428156.756919877,ML1,2025-01-23,17.939789,-67.04021
68283.29788204507,114070.09262577552,152076.09407652437,428156.756919877,C3_West,2025-01-23,17.943748,-67.009384
68494.4704358401,114070.09262577556,152076.09407652437,428156.756919877,C2_Center,2025-01-23,17.943632,-67.00623
68503.78255035011,114115.77514533148,152192.20907435412,428156.756919877,C1_East,2025-01-23,17.944336,-67.002266
65068.37634690115,113032.34665984828,150659.7639875123,428156.756919877,L1,2025-01-23,17.943077,-67.05644
202971.03885062115,166165.8687213834,254714.8671589339,692960.625339058,MJ2,2025-01-30,17.968758,-67.076935
202271.97405238383,166165.86872138336,255127.1439664905,692960.625339058,SC,2025-01-30,17.942287,-67.07675
201729.8168035692,151598.55092849073,242868.88897393315,692960.625339058,ML3,2025-01-30,17.9392,-67.04
201729.8168035692,151598.55092849073,242868.88897393315,692960.625339058,ML2,2025-01-30,17.9394,-67.04
200976.1829654519,151598.55092849073,242868.88897393315,692960.625339058,ML1,2025-01-30,17.939789,-67.04021
204498.95158078693,166681.0424044563,255472.8459209501,692960.625339058,MJ4,2025-01-30,17.973782,-67.06234
204231.58555543947,166681.0424044563,255127.1439664905,692960.625339058,MJ3,2025-01-30,17.972672,-67.06536
201366.6043082309,151433.49925667996,241982.67834539883,692960.625339058,G1,2025-01-30,17.97034,-67.04777
200976.18296545188,151433.49925668,241982.67834539883,692960.625339058,E1,2025-01-30,17.954287,-67.050186
205085.1011230067,149935.3431673395,241182.7915792398,692960.625339058,C3_West,2025-01-30,17.943748,-67.009384
205992.4840608317,149935.3431673395,241182.79157923977,692960.625339058,C2_Center,2025-01-30,17.943632,-67.00623
205992.4840608317,149935.3431673395,241473.09258233,692960.625339058,C1_East,2025-01-30,17.944336,-67.002266
202540.73529433945,166165.86872138336,254714.8671589339,692960.625339058,MJ1,2025-01-30,17.967564,-67.07653
203568.4663200501,167013.40359364808,258170.6168576854,692960.625339058,L1,2025-01-30,17.943077,-67.05644
236805.6125400201,343902.3110316179,543972.0122289825,959033.5547897868,SC,2025-02-06,17.942287,-67.07675
237773.2913911969,343955.3060450607,544573.4246105066,959033.5547897868,MJ3,2025-02-06,17.972672,-67.06536
240407.1244404176,332377.9643756707,542231.1768381059,959033.5547897868,ML3,2025-02-06,17.9392,-67.04
240407.12444041765,332377.9643756707,542231.1768381059,959033.5547897868,ML2,2025-02-06,17.9394,-67.04
239626.56900827767,332377.9643756707,542231.176838106,959033.5547897868,ML1,2025-02-06,17.939789,-67.04021
237135.51526024364,343883.42251481384,542412.4630751075,959033.5547897868,MJ2,2025-02-06,17.968758,-67.076935
238328.1764947632,343955.3060450607,545092.5661059234,959033.5547897868,MJ4,2025-02-06,17.973782,-67.06234
238926.2314076166,332377.9643756707,535341.9735664905,959033.5547897868,E1,2025-02-06,17.954287,-67.050186
236971.21150600337,343883.42251481384,542412.4630751075,959033.5547897868,MJ1,2025-02-06,17.967564,-67.07653
243636.336785718,332431.56539090275,547507.7003825085,959033.5547897868,C3_West,2025-02-06,17.943748,-67.009384
244890.93694766355,332752.25878225587,547507.7003825085,959033.5547897868,C2_Center,2025-02-06,17.943632,-67.00623
245076.80044555155,332752.25878225587,548606.728796045,959033.5547897868,C1_East,2025-02-06,17.944336,-67.002266
238514.86394376564,344136.1831187878,548059.053287166,959033.5547897868,L1,2025-02-06,17.943077,-67.05644
239439.00361139173,332432.3270396839,534948.1295523008,959033.5547897868,G1,2025-02-06,17.97034,-67.04777
66846.54271295764,218710.36861466683,619907.9195414529,901894.5922694444,MJ2,2025-02-13,17.968758,-67.076935
65524.09409125541,218710.36861466683,621117.1691206234,901894.5922694444,SC,2025-02-13,17.942287,-67.07675
70788.12958562897,212735.48499510647,627287.6910518972,901894.5922694444,ML3,2025-02-13,17.9392,-67.04
70788.12958562897,212735.48499510647,627287.6910518972,901894.5922694444,ML2,2025-02-13,17.9394,-67.04
69759.17521981879,212735.48499510644,627287.6910518972,901894.5922694444,ML1,2025-02-13,17.939789,-67.04021
68784.66541623817,218710.36861466683,623122.8800225517,901894.5922694444,MJ3,2025-02-13,17.972672,-67.06536
69977.99133022307,218710.36861466683,623629.2316262865,901894.5922694444,MJ4,2025-02-13,17.973782,-67.06234
70135.3313277426,212735.48499510647,623690.4264745725,901894.5922694444,E1,2025-02-13,17.954287,-67.050186
68824.8802091904,218710.36861466683,628507.3699641338,901894.5922694444,L1,2025-02-13,17.943077,-67.05644
76474.15325624606,212074.418656241,638072.3233660238,901894.5922694444,C3_West,2025-02-13,17.943748,-67.009384
78408.64816773807,212074.418656241,638072.3233660238,901894.5922694444,C2_Center,2025-02-13,17.943632,-67.00623
78408.64816773807,212074.41865624097,641353.5108812223,901894.5922694444,C1_East,2025-02-13,17.944336,-67.002266
66846.54271295763,218710.36861466683,619907.9195414528,901894.5922694444,MJ1,2025-02-13,17.967564,-67.07653
70681.3547510867,212735.48499510647,622403.0321678394,901894.5922694444,G1,2025-02-13,17.97034,-67.04777
285158.15666161256,193759.0171204577,284136.7999328623,574947.4362090945,SC,2025-02-20,17.942287,-67.07675
287081.5290138904,183860.8628145513,274202.42109713104,574947.4362090945,ML3,2025-02-20,17.9392,-67.04
287081.5290138904,183860.8628145513,274202.42109713104,574947.4362090945,ML2,2025-02-20,17.9394,-67.04
287081.5290138904,183860.8628145513,274202.42109713104,574947.4362090945,ML1,2025-02-20,17.939789,-67.04021
284936.90371870657,193984.7337336625,284162.089655301,574947.4362090945,MJ4,2025-02-20,17.973782,-67.06234
284789.35122066725,193984.7337336625,284136.7999328623,574947.4362090945,MJ3,2025-02-20,17.972672,-67.06536
284708.03295891226,193759.0171204577,283754.13731456315,574947.4362090945,MJ2,2025-02-20,17.968758,-67.076935
283660.0681030966,193759.0171204577,283754.13731456315,574947.4362090945,MJ1,2025-02-20,17.967564,-67.07653
288649.6686310768,179339.75095540995,266504.8913205016,574947.4362090945,C3_West,2025-02-20,17.943748,-67.009384
289092.95194969303,179339.75095540995,266504.8913205016,574947.4362090945,C1_East,2025-02-20,17.944336,-67.002266
289092.95194969303,179339.75095540995,266504.8913205016,574947.4362090945,C2_Center,2025-02-20,17.943632,-67.00623
285778.8975899907,193990.20877864564,285229.49358746887,574947.4362090945,L1,2025-02-20,17.943077,-67.05644
286059.52316652687,183860.86281455136,273038.92476964893,574947.4362090945,E1,2025-02-20,17.954287,-67.050186
286331.2700077681,183860.86281455136,272413.9309874766,574947.4362090945,G1,2025-02-20,17.97034,-67.04777
97797.0461636282,312453.82815341494,410091.0188824422,695072.5251536687,MJ2,2025-02-27,17.968758,-67.076935
96111.35278151018,312241.50257344363,410423.5026042056,695072.5251536687,SC,2025-02-27,17.942287,-67.07675
99657.22148247415,308096.72759436886,400432.3508681731,695072.5251536687,ML3,2025-02-27,17.9392,-67.04
99657.22148247412,308096.72759436886,400432.3508681731,695072.5251536687,ML2,2025-02-27,17.9394,-67.04
98869.60788949807,308096.72759436886,400432.3508681732,695072.5251536687,ML1,2025-02-27,17.939789,-67.04021
98781.2922858361,314004.7069737717,410423.5026042056,695072.5251536687,MJ4,2025-02-27,17.973782,-67.06234
98349.9704729082,314004.70697377174,410423.5026042056,695072.5251536687,MJ3,2025-02-27,17.972672,-67.06536
100467.6535756925,306287.6828522052,400143.3921763692,695072.5251536687,G1,2025-02-27,17.97034,-67.04777
98868.68318904794,306072.4473893652,400249.35224500665,695072.5251536687,E1,2025-02-27,17.954287,-67.050186
102646.58310423823,309645.5594921507,399436.5959035874,695072.5251536687,C3_West,2025-02-27,17.943748,-67.009384
103161.62916187152,309645.5594921507,399436.5959035875,695072.5251536687,C2_Center,2025-02-27,17.943632,-67.00623
103509.14049606794,309645.5594921507,399515.8853602931,695072.5251536687,C1_East,2025-02-27,17.944336,-67.002266
97035.2131263181,312453.82815341494,410091.0188824422,695072.5251536687,MJ1,2025-02-27,17.967564,-67.07653
97749.65765184276,315053.5390597571,410712.4612960096,695072.5251536687,L1,2025-02-27,17.943077,-67.05644
134080.5427104429,98064.42697201908,235547.8266326428,903196.668288116,MJ4,2025-03-06,17.973782,-67.06234
133985.7325489802,98064.4269720191,235155.36379165,903196.668288116,MJ3,2025-03-06,17.972672,-67.06536
133430.10793640968,98111.85855773998,235155.36379165,903196.668288116,SC,2025-03-06,17.942287,-67.07675
134194.81210296782,88080.05351904972,231924.69505611635,903196.668288116,ML3,2025-03-06,17.9392,-67.04
134194.81210296782,88080.05351904972,231924.69505611635,903196.668288116,ML2,2025-03-06,17.9394,-67.04
134080.5427104429,88080.0535190497,231924.69505611635,903196.668288116,ML1,2025-03-06,17.939789,-67.04021
133912.44277705767,98064.4269720191,233799.2004182917,903196.668288116,MJ2,2025-03-06,17.968758,-67.076935
133430.10793640968,98064.42697201908,233799.2004182917,903196.668288116,MJ1,2025-03-06,17.967564,-67.07653
134492.50041033977,88032.62193332882,228774.46709094764,903196.668288116,G1,2025-03-06,17.97034,-67.04777
134080.5427104429,88080.0535190497,228774.46709094764,903196.668288116,E1,2025-03-06,17.954287,-67.050186
134911.06387759084,84499.89980060872,228426.9165597424,903196.668288116,C3_West,2025-03-06,17.943748,-67.009384
135061.50350155312,84501.0276265276,228426.91655974244,903196.668288116,C2_Center,2025-03-06,17.943632,-67.00623
135160.40681030534,84501.0276265276,228894.8595539257,903196.668288116,C1_East,2025-03-06,17.944336,-67.002266
133598.20786979492,98678.58012687469,240579.055668625,903196.668288116,L1,2025-03-06,17.943077,-67.05644
128721.9014279182,98911.74275885244,252617.87853104857,604161.8349618097,SC,2025-03-13,17.942287,-67.07675
129367.81619379256,84668.29453465385,239820.0836593842,604161.8349618097,ML3,2025-03-13,17.9392,-67.04
129367.81619379256,84668.29453465385,239820.0836593842,604161.8349618097,ML2,2025-03-13,17.9394,-67.04
128689.798173223,84668.29453465385,239820.0836593842,604161.8349618097,ML1,2025-03-13,17.939789,-67.04021
128656.85840583296,98803.64706635306,252617.8785310485,604161.8349618097,MJ4,2025-03-13,17.973782,-67.06234
128656.85840583296,98803.64706635306,252617.8785310485,604161.8349618097,MJ3,2025-03-13,17.972672,-67.06536
128306.30800119524,98803.64706635306,251642.33219327583,604161.8349618097,MJ2,2025-03-13,17.968758,-67.076935
128306.3080011952,98803.64706635306,251642.33219327583,604161.8349618097,MJ1,2025-03-13,17.967564,-67.07653
128689.798173223,98911.74275885244,253696.40498573097,604161.8349618097,L1,2025-03-13,17.943077,-67.05644
128656.85840583296,84668.29453465385,238948.3300570768,604161.8349618097,G1,2025-03-13,17.97034,-67.04777
128656.85840583296,84668.29453465385,238948.3300570768,604161.8349618097,E1,2025-03-13,17.954287,-67.050186
129645.22130141142,84141.74751091488,240284.9688024404,604161.8349618097,C3_West,2025-03-13,17.943748,-67.009384
129687.46832556196,84141.7475109149,240284.9688024404,604161.8349618097,C2_Center,2025-03-13,17.943632,-67.00623
129687.46832556196,84141.7475109149,240594.3008961833,604161.8349618097,C1_East,2025-03-13,17.944336,-67.002266
374770.6220261105,660078.3592185917,1330889.879212078,2599410.359360476,SC,2025-03-20,17.942287,-67.07675
381215.469542058,656955.9864453318,1344348.2380018693,2599410.359360476,ML3,2025-03-20,17.9392,-67.04
381215.469542058,656955.9864453318,1344348.2380018693,2599410.359360476,ML2,2025-03-20,17.9394,-67.04
379424.2457286627,656955.9864453318,1344340.1922712608,2599410.359360476,ML1,2025-03-20,17.939789,-67.04021
378269.89196764695,662584.7201465316,1330636.5984877814,2599410.359360476,MJ4,2025-03-20,17.973782,-67.06234
377908.8418372202,662543.3649510795,1326295.3045547567,2599410.359360476,MJ3,2025-03-20,17.972672,-67.06536
375014.1268085092,659793.50812925,1324131.7976854383,2599410.359360476,MJ2,2025-03-20,17.968758,-67.076935
374741.3226027691,659793.50812925,1324131.7976854383,2599410.359360476,MJ1,2025-03-20,17.967564,-67.07653
379067.6796146223,665728.1362809904,1341230.496553246,2599410.359360476,L1,2025-03-20,17.943077,-67.05644
381157.5401071034,654732.246357409,1327680.9228067645,2599410.359360476,G1,2025-03-20,17.97034,-67.04777
378539.3904936268,655366.7267534613,1328401.8716294302,2599410.359360476,E1,2025-03-20,17.954287,-67.050186
382715.4944169941,659862.1774944643,1359864.4121379796,2599410.359360476,C3_West,2025-03-20,17.943748,-67.009384
383733.765586829,662025.1721002287,1360236.867283862,2599410.359360476,C2_Center,2025-03-20,17.943632,-67.00623
383652.8850268849,662062.9851816639,1362419.89827626,2599410.359360476,C1_East,2025-03-20,17.944336,-67.002266
28761.89736834331,120880.65839608418,322789.8975448568,876101.9045981542,SC,2025-03-27,17.942287,-67.07675
30054.5347645423,120792.84143171442,334722.6535379424,876101.9045981542,ML3,2025-03-27,17.9392,-67.04
30054.5347645423,120792.84143171442,334722.6535379424,876101.9045981542,ML2,2025-03-27,17.9394,-67.04
30054.5347645423,120792.84143171442,334722.6535379424,876101.9045981542,ML1,2025-03-27,17.939789,-67.04021
30168.34121265053,120023.28317289344,322422.43103859795,876101.9045981542,MJ4,2025-03-27,17.973782,-67.06234
30050.300507357104,120023.28317289344,322127.02446331084,876101.9045981542,MJ3,2025-03-27,17.972672,-67.06536
29866.295624738133,120023.28317289344,318895.6272891958,876101.9045981542,MJ2,2025-03-27,17.968758,-67.076935
29155.96292718724,120023.28317289344,319105.85667498445,876101.9045981542,MJ1,2025-03-27,17.967564,-67.07653
29258.782330781087,120880.65839608417,326926.82890765753,876101.9045981542,L1,2025-03-27,17.943077,-67.05644
30873.655602155774,120449.65875650232,325876.8527870296,876101.9045981542,G1,2025-03-27,17.97034,-67.04777
30168.34121265053,120774.0937044993,326957.9533503238,876101.9045981542,E1,2025-03-27,17.954287,-67.050186
31163.242440137645,120624.62777217204,339580.60289010225,876101.9045981542,C3_West,2025-03-27,17.943748,-67.009384
31460.40039017908,120624.62777217204,339738.7821663477,876101.9045981542,C2_Center,2025-03-27,17.943632,-67.00623
31460.40039017908,120624.62777217204,339808.3960784477,876101.9045981542,C1_East,2025-03-27,17.944336,-67.002266
14878.611403156272,44603.15340764785,349160.8453493175,558667.3353824023,G1,2025-04-03,17.97034,-67.04777
13752.846326306517,44603.15340764785,348362.2852178034,558667.3353824023,SC,2025-04-03,17.942287,-67.07675
14168.953838908425,44603.15340764785,352514.72413182736,558667.3353824023,ML3,2025-04-03,17.9392,-67.04
14168.95383890842,44603.15340764785,352514.72413182736,558667.3353824023,ML2,2025-04-03,17.9394,-67.04
14168.953838908425,44603.15340764785,352514.72413182736,558667.3353824023,ML1,2025-04-03,17.939789,-67.04021
14168.95383890842,44603.15340764786,348572.49527870765,558667.3353824023,MJ3,2025-04-03,17.972672,-67.06536
13752.846326306517,44603.15340764785,348026.37982219586,558667.3353824023,MJ1,2025-04-03,17.967564,-67.07653
14168.95383890842,44603.15340764786,349622.2571009692,558667.3353824023,E1,2025-04-03,17.954287,-67.050186
13752.846326306517,44603.15340764785,349160.8453493175,558667.3353824023,L1,2025-04-03,17.943077,-67.05644
14878.61140315627,45211.61768427807,354926.1817444821,558667.3353824023,C3_West,2025-04-03,17.943748,-67.009384
14878.611403156272,45211.61768427807,354926.1817444821,558667.3353824023,C2_Center,2025-04-03,17.943632,-67.00623
14878.611403156272,45211.61768427807,354926.1817444821,558667.3353824023,C1_East,2025-04-03,17.944336,-67.002266
14168.95383890842,44603.15340764785,348026.37982219586,558667.3353824023,MJ2,2025-04-03,17.968758,-67.076935
14168.95383890842,44603.15340764785,348572.49527870765,558667.3353824023,MJ4,2025-04-03,17.973782,-67.06234
194292.03378877748,235861.69930289933,665771.9545176366,1057763.8620264502,MJ2,2025-04-10,17.968758,-67.076935
192066.84784640823,236269.7255750056,670478.0995685749,1057763.8620264502,SC,2025-04-10,17.942287,-67.07675
196688.3084441021,229074.4203110657,668595.6423525519,1057763.8620264502,ML3,2025-04-10,17.9392,-67.04
196688.3084441021,229074.4203110657,668595.6423525519,1057763.8620264502,ML2,2025-04-10,17.9394,-67.04
195865.38655477864,229074.4203110657,668595.6423525519,1057763.8620264502,ML1,2025-04-10,17.939789,-67.04021
195735.0731300749,235861.6993028993,667837.3634132893,1057763.8620264502,MJ3,2025-04-10,17.972672,-67.06536
195865.38655477864,235861.69930289933,668044.2012264194,1057763.8620264502,MJ4,2025-04-10,17.973782,-67.06234
195865.38655477864,228390.561128383,664016.4955758982,1057763.8620264502,E1,2025-04-10,17.954287,-67.050186
194334.07415120568,236621.3297084892,672102.4873439064,1057763.8620264502,L1,2025-04-10,17.943077,-67.05644
199234.111309628,223915.5170613271,667919.0307774658,1057763.8620264502,C3_West,2025-04-10,17.943748,-67.009384
199234.111309628,223915.5170613271,670426.5964323264,1057763.8620264502,C2_Center,2025-04-10,17.943632,-67.00623
199234.111309628,223915.5170613271,670911.858058838,1057763.8620264502,C1_East,2025-04-10,17.944336,-67.002266
192922.79742143705,235861.6993028993,666154.8402160883,1057763.8620264502,MJ1,2025-04-10,17.967564,-67.07653
197925.9492606818,228104.5224277012,663951.9866350209,1057763.8620264502,G1,2025-04-10,17.97034,-67.04777
482590.1866408719,717153.443806887,2721589.440812679,3956879.073784976,SC,2025-04-24,17.942287,-67.07675
485341.4069809147,705140.8654767385,2689583.501692228,3956879.073784976,ML3,2025-04-24,17.9392,-67.04
485341.4069809147,705140.8654767385,2689583.501692228,3956879.073784976,ML2,2025-04-24,17.9394,-67.04
484054.83522881794,701590.7825263237,2688561.896548983,3956879.073784976,ML1,2025-04-24,17.939789,-67.04021
458224.0292903632,703169.6788622902,2722818.698507802,3956879.073784976,MJ4,2025-04-24,17.973782,-67.06234
459139.4693913277,703169.6788622901,2722388.358134248,3956879.073784976,MJ3,2025-04-24,17.972672,-67.06536
465602.0538690691,701649.026528114,2721589.440812679,3956879.073784976,MJ2,2025-04-24,17.968758,-67.076935
466478.3445499952,702306.6676558256,2721589.440812679,3956879.073784976,MJ1,2025-04-24,17.967564,-67.07653
471160.5078509328,685193.3228771504,2654696.69525686,3956879.073784976,C3_West,2025-04-24,17.943748,-67.009384
468484.7749772503,690240.8168978018,2655727.529878261,3956879.073784976,C1_East,2025-04-24,17.944336,-67.002266
470511.3744976425,689563.5276716803,2654696.69525686,3956879.073784976,C2_Center,2025-04-24,17.943632,-67.00623
480608.1757665714,726786.7964109122,2725885.1496313554,3956879.073784976,L1,2025-04-24,17.943077,-67.05644
468195.9630582967,685998.8723709895,2687218.2188905445,3956879.073784976,E1,2025-04-24,17.954287,-67.050186
457484.1495593816,675455.3259214679,2687745.7657535044,3956879.073784976,G1,2025-04-24,17.97034,-67.04777
75124.54194218983,120922.73909437886,1645072.4338850642,3213630.2829948952,SC,2025-05-01,17.942287,-67.07675
74459.4984009653,116862.36375846349,1654720.0868113765,3213630.2829948952,ML3,2025-05-01,17.9392,-67.04
74459.4984009653,116862.36375846349,1654720.0868113765,3213630.2829948952,ML2,2025-05-01,17.9394,-67.04
74459.4984009653,116862.36375846349,1654720.0868113765,3213630.2829948952,ML1,2025-05-01,17.939789,-67.04021
74232.35445657736,120922.73909437883,1646148.2669063532,3213630.2829948952,MJ4,2025-05-01,17.973782,-67.06234
74232.35445657738,120768.20357186491,1646147.9360414431,3213630.2829948952,MJ3,2025-05-01,17.972672,-67.06536
75116.42704834286,120768.20357186491,1642942.673552,3213630.2829948952,MJ2,2025-05-01,17.968758,-67.076935
75116.42704834286,120768.20357186491,1644470.0739315234,3213630.2829948952,MJ1,2025-05-01,17.967564,-67.07653
74971.07058877469,122540.19188632553,1649789.184893595,3213630.2829948952,L1,2025-05-01,17.943077,-67.05644
72854.70415269658,116630.68210095647,1642366.7949795425,3213630.2829948952,G1,2025-05-01,17.97034,-67.04777
74459.49840096531,116712.4321357422,1644881.300747275,3213630.2829948952,E1,2025-05-01,17.954287,-67.050186
73081.84809708454,111027.95002447236,1653395.5248117931,3213630.2829948952,C3_West,2025-05-01,17.943748,-67.009384
73081.84809708453,111027.95002447236,1657475.4326044174,3213630.2829948952,C2_Center,2025-05-01,17.943632,-67.00623
73081.84809708453,112498.2650653008,1660068.2749485872,3213630.2829948952,C1_East,2025-05-01,17.944336,-67.002266
801569.9540539964,1376357.8590187605,5739891.924283501,10528294.504175786,MJ2,2025-05-08,17.968758,-67.076935
813757.8283787708,1384504.849662913,5751464.293436624,10528294.504175786,SC,2025-05-08,17.942287,-67.07675
827989.8791243747,1358161.947547209,5754108.479126055,10528294.504175786,ML3,2025-05-08,17.9392,-67.04
827989.8791243747,1358161.947547209,5754108.479126055,10528294.504175786,ML2,2025-05-08,17.9394,-67.04
823749.9017160028,1358161.947547209,5754108.479126055,10528294.504175786,ML1,2025-05-08,17.939789,-67.04021
806934.7786407938,1377178.6606832775,5757831.868856365,10528294.504175786,MJ4,2025-05-08,17.973782,-67.06234
807111.1158599975,1377071.1897356089,5754570.740780538,10528294.504175786,MJ3,2025-05-08,17.972672,-67.06536
808977.0302929875,1345108.5874231092,5732971.757879467,10528294.504175786,G1,2025-05-08,17.97034,-67.04777
817389.5253472588,1348761.1798463142,5734115.291034727,10528294.504175786,E1,2025-05-08,17.954287,-67.050186
826317.1261166631,1344551.5495709055,5758121.946001485,10528294.504175786,C3_West,2025-05-08,17.943748,-67.009384
828469.49168785,1345104.7115816025,5760514.494640606,10528294.504175786,C2_Center,2025-05-08,17.943632,-67.00623
828340.3939795058,1345104.7115816025,5763791.982096682,10528294.504175786,C1_East,2025-05-08,17.944336,-67.002266
802249.5133422724,1376357.8590187605,5740334.249471834,10528294.504175786,MJ1,2025-05-08,17.967564,-67.07653
819653.410298115,1388754.5710186071,5774913.065603165,10528294.504175786,L1,2025-05-08,17.943077,-67.05644
157894.7149503425,217721.78811398803,857553.8856954877,1729559.7965832152,L1,2025-05-15,17.943077,-67.05644
156433.33941631392,211179.80994778205,846513.1704076697,1729559.7965832152,G1,2025-05-15,17.97034,-67.04777
159516.0996998723,217039.51929463563,854992.8886852737,1729559.7965832152,MJ1,2025-05-15,17.967564,-67.07653
160616.23386290992,217569.4751191939,855437.2605682628,1729559.7965832152,SC,2025-05-15,17.942287,-67.07675
152817.2524042374,211286.2828144282,849001.5913042338,1729559.7965832152,ML3,2025-05-15,17.9392,-67.04
152817.2524042374,211286.2828144282,849001.5913042338,1729559.7965832152,ML2,2025-05-15,17.9394,-67.04
157894.7149503425,217571.3372400521,855188.989020376,1729559.7965832152,MJ4,2025-05-15,17.973782,-67.06234
151129.22024762395,206754.27664561264,843392.0641824378,1729559.7965832152,C3_West,2025-05-15,17.943748,-67.009384
157894.7149503425,210581.1696386077,846513.1704076699,1729559.7965832152,E1,2025-05-15,17.954287,-67.050186
150828.78613345887,206754.27664561264,845194.1527593619,1729559.7965832152,C2_Center,2025-05-15,17.943632,-67.00623
150828.78613345887,206754.27664561264,845194.1527593619,1729559.7965832152,C1_East,2025-05-15,17.944336,-67.002266
159516.0996998723,217307.8426026301,854992.8886852737,1729559.7965832152,MJ2,2025-05-15,17.968758,-67.076935
157894.71495034246,217471.7632359253,855188.989020376,1729559.7965832152,MJ3,2025-05-15,17.972672,-67.06536
152817.2524042374,211286.2828144282,849001.5913042338,1729559.7965832152,ML1,2025-05-15,17.939789,-67.04021
966680.6983163347,1364145.7563748476,4421392.073019367,7760337.766635913,SC,2025-05-22,17.942287,-67.07675
956666.8703298456,1344961.4767226758,4390306.776253975,7760337.766635913,ML3,2025-05-22,17.9392,-67.04
959464.4600960728,1344961.4767226758,4390306.776253975,7760337.766635913,ML2,2025-05-22,17.9394,-67.04
956608.7402730078,1344929.0096408734,4390306.776253975,7760337.766635913,ML1,2025-05-22,17.939789,-67.04021
965562.827936182,1368440.0511935586,4421989.059506559,7760337.766635913,MJ4,2025-05-22,17.973782,-67.06234
965195.6508342166,1368440.0511935584,4421989.059506559,7760337.766635913,MJ3,2025-05-22,17.972672,-67.06536
972942.3382285148,1363008.470975838,4420727.868857338,7760337.766635913,MJ2,2025-05-22,17.968758,-67.076935
968477.6859540284,1363131.2209799113,4420727.868857338,7760337.766635913,MJ1,2025-05-22,17.967564,-67.07653
957146.6305483074,1338836.9663784904,4379711.419673144,7760337.766635913,C3_West,2025-05-22,17.943748,-67.009384
954161.6167504408,1338986.4162075329,4380083.917061092,7760337.766635913,C1_East,2025-05-22,17.944336,-67.002266
956255.253003286,1338986.4162075329,4379711.419673144,7760337.766635913,C2_Center,2025-05-22,17.943632,-67.00623
960517.6088402828,1372176.1956238437,4428492.885178863,7760337.766635913,L1,2025-05-22,17.943077,-67.05644
960798.1998017576,1340974.7259307017,4389998.885858509,7760337.766635913,E1,2025-05-22,17.954287,-67.050186
957638.8771639516,1340483.934073516,4389998.885858509,7760337.766635913,G1,2025-05-22,17.97034,-67.04777
0.0,0.0,980093.2405325744,1497808.618328977,MJ2,2025-05-29,17.968758,-67.076935
0.0,0.0,979192.3637429164,1497808.618328977,SC,2025-05-29,17.942287,-67.07675
0.0,0.0,978782.500799654,1497808.618328977,ML3,2025-05-29,17.9392,-67.04
0.0,0.0,978782.500799654,1497808.618328977,ML2,2025-05-29,17.9394,-67.04
0.0,0.0,978782.500799654,1497808.618328977,ML1,2025-05-29,17.939789,-67.04021
0.0,0.0,982233.6706508832,1497808.618328977,MJ4,2025-05-29,17.973782,-67.06234
0.0,0.0,980250.0336636314,1497808.618328977,MJ3,2025-05-29,17.972672,-67.06536
0.0,0.0,978782.5007996538,1497808.618328977,G1,2025-05-29,17.97034,-67.04777
0.0,0.0,978143.0093133098,1497808.618328977,E1,2025-05-29,17.954287,-67.050186
0.0,0.0,970796.8712950898,1497808.618328977,C3_West,2025-05-29,17.943748,-67.009384
0.0,0.0,971110.93141294,1497808.618328977,C2_Center,2025-05-29,17.943632,-67.00623
0.0,0.0,971110.93141294,1497808.618328977,C1_East,2025-05-29,17.944336,-67.002266
0.0,0.0,980093.2405325744,1497808.618328977,MJ1,2025-05-29,17.967564,-67.07653
0.0,0.0,982364.0022017076,1497808.618328977,L1,2025-05-29,17.943077,-67.05644
483272.89773709,823082.7631113472,4198223.657917151,7961528.216029147,MJ4,2025-06-05,17.973782,-67.06234
480684.8614562943,823082.7631113472,4196592.274439071,7961528.216029147,MJ3,2025-06-05,17.972672,-67.06536
468636.7820090944,813920.3832228098,4195863.768783336,7961528.216029147,SC,2025-06-05,17.942287,-67.07675
475397.3489782936,801540.4359293006,4224704.580823369,7961528.216029147,ML3,2025-06-05,17.9392,-67.04
475397.3489782936,801540.4359293006,4224704.580823369,7961528.216029147,ML2,2025-06-05,17.9394,-67.04
474370.43525551655,801540.4359293006,4224704.580823369,7961528.216029147,ML1,2025-06-05,17.939789,-67.04021
476588.75385358033,812790.4110545386,4182001.440279178,7961528.216029147,MJ2,2025-06-05,17.968758,-67.076935
475923.1868317956,812790.4110545384,4183098.944898569,7961528.216029147,MJ1,2025-06-05,17.967564,-67.07653
479851.5646145711,798154.8327926215,4194634.518554037,7961528.216029147,G1,2025-06-05,17.97034,-67.04777
477041.5088361887,798421.7001552028,4195943.733122576,7961528.216029147,E1,2025-06-05,17.954287,-67.050186
477463.3499668473,805820.6333981381,4256863.597152129,7961528.216029147,C3_West,2025-06-05,17.943748,-67.009384
478536.1579510279,809551.1632299006,4260199.923725869,7961528.216029147,C2_Center,2025-06-05,17.943632,-67.00623
477806.8507393082,809690.8429336684,4265352.548752592,7961528.216029147,C1_East,2025-06-05,17.944336,-67.002266
473640.3827961546,828938.2370651371,4219990.103882436,7961528.216029147,L1,2025-06-05,17.943077,-67.05644
0.0,5497.70764742744,210861.4540706,526611.4779972876,SC,2025-06-12,17.942287,-67.07675
0.0,5722.877488393049,213747.6966372805,526611.4779972876,ML3,2025-06-12,17.9392,-67.04
0.0,5722.877488393049,213747.6966372805,526611.4779972876,ML2,2025-06-12,17.9394,-67.04
0.0,5722.877488393049,213747.6966372804,526611.4779972876,ML1,2025-06-12,17.939789,-67.04021
0.0,5497.70764742744,212952.6222012872,526611.4779972876,MJ4,2025-06-12,17.973782,-67.06234
0.0,5497.70764742744,212671.9634816394,526611.4779972876,MJ3,2025-06-12,17.972672,-67.06536
0.0,5497.70764742744,211969.4951980375,526611.4779972876,MJ2,2025-06-12,17.968758,-67.076935
0.0,5497.70764742744,211969.4951980375,526611.4779972876,MJ1,2025-06-12,17.967564,-67.07653
0.0,5692.52047689465,213221.71211932303,526611.4779972876,L1,2025-06-12,17.943077,-67.05644
0.0,5692.52047689465,213747.6966372804,526611.4779972876,G1,2025-06-12,17.97034,-67.04777
0.0,5692.52047689465,213227.78760443,526611.4779972876,E1,2025-06-12,17.954287,-67.050186
0.0,5855.6361754642685,215932.4496661122,526611.4779972876,C3_West,2025-06-12,17.943748,-67.009384
0.0,5855.6361754642685,215932.4496661122,526611.4779972876,C2_Center,2025-06-12,17.943632,-67.00623
0.0,5855.6361754642685,215932.4496661122,526611.4779972876,C1_East,2025-06-12,17.944336,-67.002266
41937.39114714731,18334.280681651777,128989.85332399853,566421.8530171139,ML3,2025-06-19,17.9392,-67.04
41937.39114714731,18334.280681651777,128989.85332399853,566421.8530171139,ML2,2025-06-19,17.9394,-67.04
41937.39114714731,18334.280681651777,128989.85332399853,566421.8530171139,ML1,2025-06-19,17.939789,-67.04021
45235.9553081644,20735.95861230889,131534.12398766915,566421.8530171139,MJ4,2025-06-19,17.973782,-67.06234
45235.9553081644,20735.95861230889,131534.12398766915,566421.8530171139,MJ3,2025-06-19,17.972672,-67.06536
45235.9553081644,20735.958612308885,131322.0608287844,566421.8530171139,MJ2,2025-06-19,17.968758,-67.076935
45235.9553081644,20735.95861230889,131232.62050356905,566421.8530171139,SC,2025-06-19,17.942287,-67.07675
44237.51173699352,21277.386584566244,131629.06269271008,566421.8530171139,L1,2025-06-19,17.943077,-67.05644
44237.51173699352,18334.28068165178,128560.2130897374,566421.8530171139,G1,2025-06-19,17.97034,-67.04777
44237.51173699352,18334.280681651777,128095.1148942506,566421.8530171139,E1,2025-06-19,17.954287,-67.050186
45235.9553081644,20735.95861230889,131322.0608287844,566421.8530171139,MJ1,2025-06-19,17.967564,-67.07653
40255.94121055202,18454.560756907675,129028.99165714324,566421.8530171139,C2_Center,2025-06-19,17.943632,-67.00623
39859.31293150691,18454.560756907675,129028.99165714324,566421.8530171139,C1_East,2025-06-19,17.944336,-67.002266
40255.94121055202,18454.560756907675,129028.99165714324,566421.8530171139,C3_West,2025-06-19,17.943748,-67.009384
41960.23173233565,217054.92670949287,1339799.069224371,2730391.4070364027,SC,2025-06-26,17.942287,-67.07675
38965.44771914536,216396.51636881623,1359118.8981670863,2730391.4070364027,ML3,2025-06-26,17.9392,-67.04
38965.44771914536,216396.51636881623,1359118.8981670863,2730391.4070364027,ML2,2025-06-26,17.9394,-67.04
39453.24602567843,216396.51636881623,1359118.8981670863,2730391.4070364027,ML1,2025-06-26,17.939789,-67.04021
55497.88918733284,214720.76175787728,1344171.5710157328,2730391.4070364027,MJ4,2025-06-26,17.973782,-67.06234
55497.88918733283,214720.76175787728,1343201.4577491162,2730391.4070364027,MJ3,2025-06-26,17.972672,-67.06536
58959.475123187214,214720.76175787728,1339203.63936057,2730391.4070364027,MJ2,2025-06-26,17.968758,-67.076935
54491.02108038423,214720.76175787728,1340513.1817489243,2730391.4070364027,MJ1,2025-06-26,17.967564,-67.07653
39453.24602567844,217762.1406647633,1352316.939810557,2730391.4070364027,L1,2025-06-26,17.943077,-67.05644
51367.94046601899,215343.4472192517,1351773.6381150428,2730391.4070364027,G1,2025-06-26,17.97034,-67.04777
42097.36932011435,215669.16927298112,1354355.8558169545,2730391.4070364027,E1,2025-06-26,17.954287,-67.050186
34834.74896911286,215776.20409943623,1381739.0943187126,2730391.4070364027,C3_West,2025-06-26,17.943748,-67.009384
34834.74896911286,215776.20409943623,1382498.872738385,2730391.4070364027,C2_Center,2025-06-26,17.943632,-67.00623
34834.74896911286,215776.20409943623,1386252.0026770162,2730391.4070364027,C1_East,2025-06-26,17.944336,-67.002266
916483.8352514298,1242696.585578401,6719957.174962771,11897491.374913609,SC,2025-07-03,17.942287,-67.07675
905229.5953005424,1239053.6349899955,6779811.401154831,11897491.374913609,ML3,2025-07-03,17.9392,-67.04
905229.5953005424,1239053.6349899955,6779811.401154831,11897491.374913609,ML2,2025-07-03,17.9394,-67.04
904832.4460921636,1239053.6349899955,6779811.401154831,11897491.374913609,ML1,2025-07-03,17.939789,-67.04021
901058.0851324928,1244832.9427629756,6766810.335926349,11897491.374913609,MJ4,2025-07-03,17.973782,-67.06234
905513.1544836232,1244149.9933752322,6756151.798724142,11897491.374913609,MJ3,2025-07-03,17.972672,-67.06536
909615.8800558376,1236808.68480524,6725742.99348447,11897491.374913609,MJ2,2025-07-03,17.968758,-67.076935
908604.7193568104,1236808.68480524,6725742.99348447,11897491.374913609,MJ1,2025-07-03,17.967564,-67.07653
906021.5990064288,1253024.003317072,6764542.189361925,11897491.374913609,L1,2025-07-03,17.943077,-67.05644
900367.8364031651,1224275.2555772166,6766748.93187236,11897491.374913609,G1,2025-07-03,17.97034,-67.04777
905982.8572503586,1229273.3688384774,6753658.712581166,11897491.374913609,E1,2025-07-03,17.954287,-67.050186
892672.198263332,1234814.6136390823,6822384.361501789,11897491.374913609,C3_West,2025-07-03,17.943748,-67.009384
893608.4869532147,1237684.8268046416,6826874.250905552,11897491.374913609,C2_Center,2025-07-03,17.943632,-67.00623
891970.1663879236,1238906.4470255335,6841177.403600448,11897491.374913609,C1_East,2025-07-03,17.944336,-67.002266
510705.8786779754,736724.3575472746,3522369.705848101,6237356.48057723,MJ2,2025-07-10,17.968758,-67.076935
512899.1694878717,741868.3791858957,3522259.6175890835,6237356.48057723,SC,2025-07-10,17.942287,-67.07675
521362.3912363028,741890.7825853906,3557872.9404310454,6237356.48057723,ML3,2025-07-10,17.9392,-67.04
522046.701804923,741890.7825853906,3557872.9404310454,6237356.48057723,ML2,2025-07-10,17.9394,-67.04
519960.4853336121,741890.7825853908,3557872.9404310454,6237356.48057723,ML1,2025-07-10,17.939789,-67.04021
514236.3257424798,739758.5603965009,3535688.035460918,6237356.48057723,MJ4,2025-07-10,17.973782,-67.06234
513005.5581737162,739758.5603965009,3531826.311833245,6237356.48057723,MJ3,2025-07-10,17.972672,-67.06536
517594.5739023184,736308.442837809,3540738.6202202886,6237356.48057723,G1,2025-07-10,17.97034,-67.04777
517685.3677870231,736846.306865245,3546175.55459748,6237356.48057723,E1,2025-07-10,17.954287,-67.050186
527042.066366631,742044.089226036,3573329.52371094,6237356.48057723,C3_West,2025-07-10,17.943748,-67.009384
527481.3995233256,744634.9578623035,3573329.52371094,6237356.48057723,C2_Center,2025-07-10,17.943632,-67.00623
527481.3995233256,744634.9578623035,3576531.259422445,6237356.48057723,C1_East,2025-07-10,17.944336,-67.002266
510705.8786779754,736724.3575472743,3522369.705848101,6237356.48057723,MJ1,2025-07-10,17.967564,-67.07653
517685.367787023,745686.5638960243,3548640.147166406,6237356.48057723,L1,2025-07-10,17.943077,-67.05644
175783.56767912552,148232.61833295328,436446.9250645712,983029.2937512302,MJ4,2025-07-17,17.973782,-67.06234
175783.56767912552,148232.61833295328,435774.6289903519,983029.2937512302,MJ3,2025-07-17,17.972672,-67.06536
175783.56767912555,148232.61833295328,435434.9410612326,983029.2937512302,SC,2025-07-17,17.942287,-67.07675
175329.2108919912,136700.34152061003,426021.6534608952,983029.2937512302,ML3,2025-07-17,17.9392,-67.04
175329.2108919912,136700.34152061003,426021.6534608952,983029.2937512302,ML2,2025-07-17,17.9394,-67.04
175329.2108919912,136700.34152061003,426021.6534608952,983029.2937512302,ML1,2025-07-17,17.939789,-67.04021
175783.56767912552,148232.61833295328,435663.82289229735,983029.2937512302,MJ2,2025-07-17,17.968758,-67.076935
175783.5676791255,148232.61833295328,435663.82289229735,983029.2937512302,MJ1,2025-07-17,17.967564,-67.07653
175783.5676791255,136700.34152061003,426021.6534608952,983029.2937512302,G1,2025-07-17,17.97034,-67.04777
176136.1182672775,136700.34152061003,424914.648252228,983029.2937512302,E1,2025-07-17,17.954287,-67.050186
174461.99690678573,135682.24420501626,427223.7262900401,983029.2937512302,C3_West,2025-07-17,17.943748,-67.009384
174461.99690678573,135682.24420501626,427223.7262900401,983029.2937512302,C2_Center,2025-07-17,17.943632,-67.00623
174401.48994256996,135682.24420501626,428472.1581927225,983029.2937512302,C1_East,2025-07-17,17.944336,-67.002266
176136.11826727752,148232.61833295328,435774.6289903519,983029.2937512302,L1,2025-07-17,17.943077,-67.05644
59264.47327444555,64839.30187849709,315849.9452117182,508808.8871811171,SC,2025-07-24,17.942287,-67.07675
58111.72247397392,64975.45120004304,316240.6442679883,508808.8871811171,ML3,2025-07-24,17.9392,-67.04
58111.72247397392,64975.45120004304,316240.6442679883,508808.8871811171,ML2,2025-07-24,17.9394,-67.04
58111.72247397392,64975.45120004304,316240.6442679883,508808.8871811171,ML1,2025-07-24,17.939789,-67.04021
58111.72247397392,64839.30187849709,315849.9452117182,508808.8871811171,MJ4,2025-07-24,17.973782,-67.06234
58111.72247397392,64839.30187849709,315849.9452117182,508808.8871811171,MJ3,2025-07-24,17.972672,-67.06536
58503.07926117097,64839.30187849709,315849.9452117182,508808.8871811171,MJ2,2025-07-24,17.968758,-67.076935
58503.07926117098,64839.30187849709,315849.9452117182,508808.8871811171,MJ1,2025-07-24,17.967564,-67.07653
58111.72247397392,64975.45120004304,316240.6442679883,508808.8871811171,L1,2025-07-24,17.943077,-67.05644
56938.67549123935,64975.45120004305,316240.6442679883,508808.8871811171,G1,2025-07-24,17.97034,-67.04777
58111.72247397391,64975.45120004304,316240.6442679883,508808.8871811171,E1,2025-07-24,17.954287,-67.050186
55271.440065527335,64975.45120004304,319197.7961241255,508808.8871811171,C3_West,2025-07-24,17.943748,-67.009384
55271.440065527335,64975.45120004304,319197.7961241255,508808.8871811171,C2_Center,2025-07-24,17.943632,-67.00623
55271.440065527335,64975.45120004304,319197.7961241255,508808.8871811171,C1_East,2025-07-24,17.944336,-67.002266
971976.3685468554,1320002.98351307,5901282.825965654,9912586.127016872,MJ2,2025-07-31,17.968758,-67.076935
970431.4655526908,1296286.4806843372,5910076.733162088,9912586.127016872,SC,2025-07-31,17.942287,-67.07675
947827.316824374,1263267.9431924887,5865697.813472504,9912586.127016872,ML3,2025-07-31,17.9392,-67.04
949436.5156155544,1263267.9431924887,5865697.813472504,9912586.127016872,ML2,2025-07-31,17.9394,-67.04
951896.8437093385,1263078.5689689002,5865697.813472504,9912586.127016872,ML1,2025-07-31,17.939789,-67.04021
964745.7783935904,1323261.746905421,5915239.178047254,9912586.127016872,MJ4,2025-07-31,17.973782,-67.06234
965981.1793350264,1322663.0519086618,5909550.080276751,9912586.127016872,MJ3,2025-07-31,17.972672,-67.06536
950660.0987286352,1282690.570883294,5858441.536754109,9912586.127016872,G1,2025-07-31,17.97034,-67.04777
957051.1510757238,1262967.178906057,5859201.693406491,9912586.127016872,E1,2025-07-31,17.954287,-67.050186
931058.8009297382,1242104.22392215,5820594.082512512,9912586.127016872,C3_West,2025-07-31,17.943748,-67.009384
929503.3206836608,1243263.1695813276,5822075.330740904,9912586.127016872,C2_Center,2025-07-31,17.943632,-67.00623
921669.2182099303,1245563.9745401223,5824315.275488005,9912586.127016872,C1_East,2025-07-31,17.944336,-67.002266
971976.3685468556,1320002.98351307,5903870.137591822,9912586.127016872,MJ1,2025-07-31,17.967564,-67.07653
960182.9439034798,1303776.1693218788,5930775.060422892,9912586.127016872,L1,2025-07-31,17.943077,-67.05644
964642.1180314115,1143287.673719297,3267151.8620515727,5215439.035972677,L1,2025-08-07,17.943077,-67.05644
960100.795365276,1107782.7804594254,3232151.7506120745,5215439.035972677,G1,2025-08-07,17.97034,-67.04777
970543.0782645086,1132135.261179631,3267151.8620515727,5215439.035972677,MJ1,2025-08-07,17.967564,-67.07653
973197.0122650538,1135379.0379109818,3267151.862051572,5215439.035972677,SC,2025-08-07,17.942287,-67.07675
954915.6931139032,1121895.8778540003,3232641.420121509,5215439.035972677,ML3,2025-08-07,17.9392,-67.04
954915.6931139032,1121895.8778540003,3232641.420121509,5215439.035972677,ML2,2025-08-07,17.9394,-67.04
962917.3322321546,1134869.1180703563,3267151.862051572,5215439.035972677,MJ4,2025-08-07,17.973782,-67.06234
941274.5691206382,1115097.6626412678,3209660.4789469293,5215439.035972677,C3_West,2025-08-07,17.943748,-67.009384
960441.0078238988,1108999.4235820884,3231947.5418238803,5215439.035972677,E1,2025-08-07,17.954287,-67.050186
944253.6474516088,1115228.1098349958,3209660.478946929,5215439.035972677,C2_Center,2025-08-07,17.943632,-67.00623
939735.827454188,1115712.310179574,3210268.77984296,5215439.035972677,C1_East,2025-08-07,17.944336,-67.002266
971140.9178654316,1132135.2611796306,3267151.862051572,5215439.035972677,MJ2,2025-08-07,17.968758,-67.076935
965306.6633634488,1133855.4181073827,3267151.862051572,5215439.035972677,MJ3,2025-08-07,17.972672,-67.06536
953169.6274971598,1122304.262077658,3232641.420121509,5215439.035972677,ML1,2025-08-07,17.939789,-67.04021
560844.7732044635,776216.3165364834,2419020.077705961,5554196.671689718,SC,2025-08-14,17.942287,-67.07675
554188.1512225594,767690.5417380178,2407845.401810519,5554196.671689718,ML3,2025-08-14,17.9392,-67.04
554188.1512225594,767690.5417380178,2407845.401810519,5554196.671689718,ML2,2025-08-14,17.9394,-67.04
553370.0907735438,767690.5417380178,2407845.4018105194,5554196.671689718,ML1,2025-08-14,17.939789,-67.04021
547273.1196336262,773862.1962338756,2421465.9564648494,5554196.671689718,MJ4,2025-08-14,17.973782,-67.06234
547763.7290357252,773097.5315429637,2420505.455959799,5554196.671689718,MJ3,2025-08-14,17.972672,-67.06536
551330.2860366923,771542.6478700398,2418202.673008393,5554196.671689718,MJ2,2025-08-14,17.968758,-67.076935
550044.8566783835,771542.6478700398,2418202.673008393,5554196.671689718,MJ1,2025-08-14,17.967564,-67.07653
547570.0164316732,763214.5392472256,2396849.638227072,5554196.671689718,C3_West,2025-08-14,17.943748,-67.009384
547373.0220009173,763223.2087847977,2398779.182069074,5554196.671689718,C1_East,2025-08-14,17.944336,-67.002266
547986.3241767575,763223.2087847977,2398756.6006580885,5554196.671689718,C2_Center,2025-08-14,17.943632,-67.00623
556682.0615135566,779076.035378136,2426454.9968533106,5554196.671689718,L1,2025-08-14,17.943077,-67.05644
554552.5709802577,761660.5090206177,2400612.431102368,5554196.671689718,E1,2025-08-14,17.954287,-67.050186
549968.1597423676,760185.9970573096,2402747.921630377,5554196.671689718,G1,2025-08-14,17.97034,-67.04777
298424.8962597903,452803.4572666552,1318870.2829527033,2856398.9976897966,MJ2,2025-08-28,17.968758,-67.076935
296258.8147293505,457892.0869366091,1318835.2093797189,2856398.9976897966,SC,2025-08-28,17.942287,-67.07675
282609.63953691075,457605.3733044503,1325033.282583264,2856398.9976897966,ML3,2025-08-28,17.9392,-67.04
282609.63953691075,457605.3733044503,1325033.282583264,2856398.9976897966,ML2,2025-08-28,17.9394,-67.04
282609.63953691075,457755.3186699349,1325033.282583264,2856398.9976897966,ML1,2025-08-28,17.939789,-67.04021
296214.81065765634,454980.7138103384,1325542.3523033345,2856398.9976897966,MJ4,2025-08-28,17.973782,-67.06234
296382.89285077713,454718.44608657487,1324077.3238382945,2856398.9976897966,MJ3,2025-08-28,17.972672,-67.06536
288799.9626065496,451241.1323859296,1323777.4097714766,2856398.9976897966,G1,2025-08-28,17.97034,-67.04777
287269.15314851335,455544.2569390439,1321456.1908753146,2856398.9976897966,E1,2025-08-28,17.954287,-67.050186
277306.5424107035,455194.4260697763,1321180.8767934905,2856398.9976897966,C3_West,2025-08-28,17.943748,-67.009384
276341.6519608732,455700.4004594319,1321180.8767934905,2856398.9976897966,C2_Center,2025-08-28,17.943632,-67.00623
275436.225476334,455700.4004594319,1322148.2441196027,2856398.9976897966,C1_East,2025-08-28,17.944336,-67.002266
298424.8962597903,452803.4572666552,1318870.2829527033,2856398.9976897966,MJ1,2025-08-28,17.967564,-67.07653
289657.82870538166,462389.1541633039,1329540.976880517,2856398.9976897966,L1,2025-08-28,17.943077,-67.05644
680738.6131570479,1113242.6523468108,2770587.1295735403,4989591.777749028,MJ4,2025-09-04,17.973782,-67.06234
681410.544382873,1113091.7149175587,2770410.781162738,4989591.777749028,MJ3,2025-09-04,17.972672,-67.06536
676387.3928156367,1117168.6206164558,2769282.761990426,4989591.777749028,SC,2025-09-04,17.942287,-67.07675
667718.6539797258,1093476.4940824164,2742894.151746575,4989591.777749028,ML3,2025-09-04,17.9392,-67.04
668254.9775672161,1093476.4940824164,2742894.151746575,4989591.777749028,ML2,2025-09-04,17.9394,-67.04
665356.4392258177,1093476.4940824164,2742894.151746575,4989591.777749028,ML1,2025-09-04,17.939789,-67.04021
681059.6164938376,1111696.596053668,2768372.2286768085,4989591.777749028,MJ2,2025-09-04,17.968758,-67.076935
679809.2985187118,1111696.5960536683,2768372.2286768085,4989591.777749028,MJ1,2025-09-04,17.967564,-67.07653
673872.0619889388,1084821.6077690478,2738834.9099159422,4989591.777749028,G1,2025-09-04,17.97034,-67.04777
672385.7742961241,1088276.97073474,2737637.288953597,4989591.777749028,E1,2025-09-04,17.954287,-67.050186
656502.9612090709,1073281.61677444,2713304.1890771817,4989591.777749028,C3_West,2025-09-04,17.943748,-67.009384
655997.9564851209,1073366.6603285102,2714094.804750203,4989591.777749028,C2_Center,2025-09-04,17.943632,-67.00623
652975.6293720542,1073772.2587978377,2715032.178459982,4989591.777749028,C1_East,2025-09-04,17.944336,-67.002266
671695.2560564966,1121135.2998275773,2775659.822959371,4989591.777749028,L1,2025-09-04,17.943077,-67.05644
536444.8168936317,712996.8370674255,1514265.5529813194,4550419.766612224,SC,2025-09-11,17.942287,-67.07675
535192.2958066316,691481.865260363,1510643.1006054413,4550419.766612224,ML3,2025-09-11,17.9392,-67.04
535192.2958066316,691481.865260363,1510643.1006054413,4550419.766612224,ML2,2025-09-11,17.9394,-67.04
534931.7227907011,691481.8652603629,1510643.1006054413,4550419.766612224,ML1,2025-09-11,17.939789,-67.04021
546718.5680608398,715437.2081490005,1518018.7712795162,4550419.766612224,MJ4,2025-09-11,17.973782,-67.06234
545683.5880891101,715190.4977262078,1516188.0007932158,4550419.766612224,MJ3,2025-09-11,17.972672,-67.06536
539978.8027499614,715729.7098293257,1506481.206799159,4550419.766612224,MJ2,2025-09-11,17.968758,-67.076935
538804.3565704225,716052.8214282636,1506481.206799159,4550419.766612224,MJ1,2025-09-11,17.967564,-67.07653
542170.62670091,714906.8917199122,1526221.2382850042,4550419.766612224,L1,2025-09-11,17.943077,-67.05644
543052.5046648866,693497.3692705387,1495713.1917135247,4550419.766612224,G1,2025-09-11,17.97034,-67.04777
541444.7187430485,692343.5511714789,1495780.8016582783,4550419.766612224,E1,2025-09-11,17.954287,-67.050186
539372.2801529472,679666.741535283,1509047.342878444,4550419.766612224,C3_West,2025-09-11,17.943748,-67.009384
539495.0779355025,679666.741535283,1509117.2776595226,4550419.766612224,C2_Center,2025-09-11,17.943632,-67.00623
536789.0629596227,679666.741535283,1512835.5269509736,4550419.766612224,C1_East,2025-09-11,17.944336,-67.002266
13968.955496132445,161074.7254976766,240768.4204896429,484263.6956403531,SC,2025-09-18,17.942287,-67.07675
15880.720976632778,158777.75404247173,239084.60484190696,484263.6956403531,ML3,2025-09-18,17.9392,-67.04
15880.720976632778,158777.75404247173,239084.60484190696,484263.6956403531,ML2,2025-09-18,17.9394,-67.04
15052.008424091104,158777.75404247173,239084.60484190696,484263.6956403531,ML1,2025-09-18,17.939789,-67.04021
15052.008424091104,161807.50581874172,241383.25452495087,484263.6956403531,MJ4,2025-09-18,17.973782,-67.06234
14243.920490921317,161807.50581874172,240982.7103596209,484263.6956403531,MJ3,2025-09-18,17.972672,-67.06536
13968.955496132445,161807.50581874172,240688.2462092719,484263.6956403531,MJ2,2025-09-18,17.968758,-67.076935
13968.955496132445,161807.50581874172,240688.2462092719,484263.6956403531,MJ1,2025-09-18,17.967564,-67.07653
15052.008424091102,161145.48761969875,241472.7215978393,484263.6956403531,L1,2025-09-18,17.943077,-67.05644
15052.008424091104,159439.77224151473,238844.3131757541,484263.6956403531,G1,2025-09-18,17.97034,-67.04777
15052.008424091104,158777.7540424717,238844.3131757541,484263.6956403531,E1,2025-09-18,17.954287,-67.050186
17381.575231680818,158777.75404247173,238981.1717327739,484263.6956403531,C3_West,2025-09-18,17.943748,-67.009384
18580.222563589985,158777.75404247173,238981.1717327739,484263.6956403531,C2_Center,2025-09-18,17.943632,-67.00623
18580.222563589985,158777.75404247173,238981.1717327739,484263.6956403531,C1_East,2025-09-18,17.944336,-67.002266
113746.4438199578,310391.43235545384,620092.1112406855,1252240.895152274,SC,2025-09-25,17.942287,-67.07675
116687.0848725688,303087.90537126426,622151.2374401017,1252240.895152274,ML3,2025-09-25,17.9392,-67.04
116687.0848725688,303087.90537126426,622151.2374401017,1252240.895152274,ML2,2025-09-25,17.9394,-67.04
115336.3565719127,304381.8020164482,622151.2374401017,1252240.895152274,ML1,2025-09-25,17.939789,-67.04021
114944.5888985074,312489.3273395777,621086.0078713465,1252240.895152274,MJ4,2025-09-25,17.973782,-67.06234
114805.08734776262,312489.3273395777,621086.0078713464,1252240.895152274,MJ3,2025-09-25,17.972672,-67.06536
113746.4438199578,311925.9326148336,617350.1529745288,1252240.895152274,MJ2,2025-09-25,17.968758,-67.076935
113746.44381995784,311925.9326148336,617350.1529745288,1252240.895152274,MJ1,2025-09-25,17.967564,-67.07653
114944.5888985074,312416.7560949844,626323.1975300382,1252240.895152274,L1,2025-09-25,17.943077,-67.05644
114944.5888985074,304696.6855223429,618068.4948924095,1252240.895152274,G1,2025-09-25,17.97034,-67.04777
114944.5888985074,304257.54640702344,618068.4948924095,1252240.895152274,E1,2025-09-25,17.954287,-67.050186
117789.76500842246,299634.44657432736,623942.0105724583,1252240.895152274,C3_West,2025-09-25,17.943748,-67.009384
118027.72481891858,299634.4465743273,623942.0105724583,1252240.895152274,C2_Center,2025-09-25,17.943632,-67.00623
118475.24800772312,299634.4465743273,627095.8387419366,1252240.895152274,C1_East,2025-09-25,17.944336,-67.002266
590979.4527099942,1095230.3131643871,1805248.655704483,3146195.263304282,G1,2025-10-02,17.97034,-67.04777
575993.2832375631,1114300.8585652965,1835321.1150031232,3146195.263304282,SC,2025-10-02,17.942287,-67.07675
589997.5999588098,1095438.8106794371,1808038.7365728817,3146195.263304282,ML3,2025-10-02,17.9392,-67.04
589997.5999588098,1095438.8106794371,1808038.7365728817,3146195.263304282,ML2,2025-10-02,17.9394,-67.04
587710.9731593112,1095438.8106794371,1808038.736572882,3146195.263304282,ML1,2025-10-02,17.939789,-67.04021
586734.2049428708,1122535.4216112564,1835060.8234794217,3146195.263304282,MJ3,2025-10-02,17.972672,-67.06536
578127.3260057106,1121028.240903389,1834098.1699199064,3146195.263304282,MJ1,2025-10-02,17.967564,-67.07653
590715.5622874019,1091071.9086104007,1804807.327925485,3146195.263304282,E1,2025-10-02,17.954287,-67.050186
588313.0236263914,1117841.0223750318,1837010.6417176288,3146195.263304282,L1,2025-10-02,17.943077,-67.05644
594340.457929676,1084605.4994341151,1789341.2087562568,3146195.263304282,C3_West,2025-10-02,17.943748,-67.009384
596383.4736940374,1084605.4994341151,1789341.2087562568,3146195.263304282,C2_Center,2025-10-02,17.943632,-67.00623
591102.3426841004,1084605.4994341151,1789382.4405581804,3146195.263304282,C1_East,2025-10-02,17.944336,-67.002266
579118.5698302226,1121028.240903389,1834049.636030112,3146195.263304282,MJ2,2025-10-02,17.968758,-67.076935
587101.2818139318,1123156.828927084,1835284.545943968,3146195.263304282,MJ4,2025-10-02,17.973782,-67.06234
374098.91135560273,427339.9683499546,550138.3389634442,924838.245483184,MJ2,2025-10-09,17.968758,-67.076935
373307.4274876737,427339.9683499546,550343.2752878402,924838.245483184,SC,2025-10-09,17.942287,-67.07675
361531.6378952337,418939.308165738,536041.8883192713,924838.245483184,ML3,2025-10-09,17.9392,-67.04
361531.6378952337,418939.308165738,536041.8883192713,924838.245483184,ML2,2025-10-09,17.9394,-67.04
361531.6378952337,418939.308165738,536041.8883192713,924838.245483184,ML1,2025-10-09,17.939789,-67.04021
367228.90915594937,432179.0483778494,550343.2752878402,924838.245483184,MJ3,2025-10-09,17.972672,-67.06536
367719.7047054512,432179.0483778494,550343.2752878402,924838.245483184,MJ4,2025-10-09,17.973782,-67.06234
367941.6601647695,418927.153543887,535421.9754099568,924838.245483184,E1,2025-10-09,17.954287,-67.050186
367168.927726898,432179.0483778493,550857.1673239438,924838.245483184,L1,2025-10-09,17.943077,-67.05644
358216.26739711827,420788.4709379464,526888.6040386356,924838.245483184,C3_West,2025-10-09,17.943748,-67.009384
360346.5467604008,422687.3514347622,526888.6040386356,924838.245483184,C2_Center,2025-10-09,17.943632,-67.00623
359433.5032469547,422687.3514347621,526888.6040386356,924838.245483184,C1_East,2025-10-09,17.944336,-67.002266
373589.9461246315,427339.9683499546,550138.3389634442,924838.245483184,MJ1,2025-10-09,17.967564,-67.07653
368430.6004549429,418927.153543887,535421.9754099568,924838.245483184,G1,2025-10-09,17.97034,-67.04777
442496.3762434429,615496.0109567413,828102.2642621822,1344484.9934827203,SC,2025-10-16,17.942287,-67.07675
454911.579973129,603022.8861020484,817568.2499766481,1344484.9934827203,ML3,2025-10-16,17.9392,-67.04
454911.579973129,603022.8861020484,817568.2499766481,1344484.9934827203,ML2,2025-10-16,17.9394,-67.04
453188.7800523426,603022.8861020486,817568.2499766481,1344484.9934827203,ML1,2025-10-16,17.939789,-67.04021
454054.3612916529,615512.3204202815,828308.4139480578,1344484.9934827203,MJ4,2025-10-16,17.973782,-67.06234
452690.9238581205,615512.3204202816,828308.4139480578,1344484.9934827203,MJ3,2025-10-16,17.972672,-67.06536
446815.7850260317,615512.3204202815,827295.8702423843,1344484.9934827203,MJ2,2025-10-16,17.968758,-67.076935
444730.45798585867,615512.3204202815,827295.8702423843,1344484.9934827203,MJ1,2025-10-16,17.967564,-67.07653
459043.3350099252,600392.6026755617,822409.5582129452,1344484.9934827203,C3_West,2025-10-16,17.943748,-67.009384
461155.60935826047,600392.6026755617,823546.9149311403,1344484.9934827203,C1_East,2025-10-16,17.944336,-67.002266
460848.08380592486,600392.6026755616,822409.5582129452,1344484.9934827203,C2_Center,2025-10-16,17.943632,-67.00623
448683.4927517365,616872.0784748755,830273.7163616262,1344484.9934827203,L1,2025-10-16,17.943077,-67.05644
453990.3700227448,603022.8861020484,816209.9011909182,1344484.9934827203,E1,2025-10-16,17.954287,-67.050186
457725.33706145606,603039.1955655887,815776.1250025319,1344484.9934827203,G1,2025-10-16,17.97034,-67.04777
48551.49758334355,15585.563472406977,121413.74545567758,356008.78071026294,MJ2,2025-10-23,17.968758,-67.076935
48551.49758334355,15585.563472406977,121410.43174503229,356008.78071026294,SC,2025-10-23,17.942287,-67.07675
48551.49758334355,9076.317928067008,115266.76510484915,356008.78071026294,ML3,2025-10-23,17.9392,-67.04
48551.49758334355,9076.317928067008,115266.76510484915,356008.78071026294,ML2,2025-10-23,17.9394,-67.04
48551.49758334355,9076.317928067008,115266.76510484915,356008.78071026294,ML1,2025-10-23,17.939789,-67.04021
48551.49758334355,15585.563472406977,121713.95245193124,356008.78071026294,MJ4,2025-10-23,17.973782,-67.06234
48551.49758334355,15585.563472406977,121413.74545567758,356008.78071026294,MJ3,2025-10-23,17.972672,-67.06536
48551.49758334355,9076.317928067008,115266.76510484915,356008.78071026294,G1,2025-10-23,17.97034,-67.04777
48551.49758334355,9076.317928067008,115266.76510484915,356008.78071026294,E1,2025-10-23,17.954287,-67.050186
48551.49758334355,7274.828473358826,115768.2089769245,356008.78071026294,C3_West,2025-10-23,17.943748,-67.009384
48551.49758334355,7274.828473358826,115768.2089769245,356008.78071026294,C2_Center,2025-10-23,17.943632,-67.00623
48551.49758334355,7274.828473358826,115768.2089769245,356008.78071026294,C1_East,2025-10-23,17.944336,-67.002266
48551.49758334355,15585.563472406977,121413.74545567758,356008.78071026294,MJ1,2025-10-23,17.967564,-67.07653
48551.49758334355,15585.563472406977,121539.80232736256,356008.78071026294,L1,2025-10-23,17.943077,-67.05644
484570.7043630037,407907.96438708506,552491.88166718,1135167.8071077904,MJ4,2025-10-30,17.973782,-67.06234
483842.9028257593,407907.964387085,552462.4902938236,1135167.8071077904,MJ3,2025-10-30,17.972672,-67.06536
473425.35945108806,407841.24202425743,552329.4522772803,1135167.8071077904,SC,2025-10-30,17.942287,-67.07675
477210.81823249615,387091.1268042328,535433.3527888079,1135167.8071077904,ML3,2025-10-30,17.9392,-67.04
477210.81823249615,387091.1268042328,535433.3527888079,1135167.8071077904,ML2,2025-10-30,17.9394,-67.04
479066.53983710206,387091.1268042328,535433.3527888079,1135167.8071077904,ML1,2025-10-30,17.939789,-67.04021
478406.37102023297,407841.2420242576,550580.750090503,1135167.8071077904,MJ2,2025-10-30,17.968758,-67.076935
476515.8691862277,407841.2420242576,550580.750090503,1135167.8071077904,MJ1,2025-10-30,17.967564,-67.07653
488084.4508862445,386678.3603956288,532062.1501410042,1135167.8071077904,G1,2025-10-30,17.97034,-67.04777
480236.81230217975,386678.3603956288,532815.7594197564,1135167.8071077904,E1,2025-10-30,17.954287,-67.050186
484158.65551060543,382593.88015876326,536383.4785478922,1135167.8071077904,C3_West,2025-10-30,17.943748,-67.009384
485922.7991369602,382593.88015876326,536383.4785478922,1135167.8071077904,C2_Center,2025-10-30,17.943632,-67.00623
486161.18338758673,382593.88015876326,537622.7369629733,1135167.8071077904,C1_East,2025-10-30,17.944336,-67.002266
476738.30525068205,408561.099610206,554371.2810992503,1135167.8071077904,L1,2025-10-30,17.943077,-67.05644
173430.83519616103,322568.91178663605,555989.5064117898,974051.0149656656,SC,2025-11-06,17.942287,-67.07675
168562.15233669273,321449.4439588054,562621.2082062706,974051.0149656656,ML3,2025-11-06,17.9392,-67.04
168562.15233669273,321449.4439588054,562621.2082062706,974051.0149656656,ML2,2025-11-06,17.9394,-67.04
171368.7298686864,321449.4439588054,562621.2082062706,974051.0149656656,ML1,2025-11-06,17.939789,-67.04021
174246.74150727552,323509.4157648598,556700.1653054156,974051.0149656656,MJ4,2025-11-06,17.973782,-67.06234
173597.44778319323,323509.4157648598,556694.4276020572,974051.0149656656,MJ3,2025-11-06,17.972672,-67.06536
179939.3660922032,322568.91178663605,554568.8971311777,974051.0149656656,MJ2,2025-11-06,17.968758,-67.076935
179473.61676355655,322568.91178663605,554568.8971311777,974051.0149656656,MJ1,2025-11-06,17.967564,-67.07653
172972.25120798123,323598.3290524756,562638.5945139247,974051.0149656656,L1,2025-11-06,17.943077,-67.05644
174941.88653515538,320364.1062308219,558742.1137353313,974051.0149656656,G1,2025-11-06,17.97034,-67.04777
174189.58684201003,320364.1062308219,558742.1137353313,974051.0149656656,E1,2025-11-06,17.954287,-67.050186
172430.3590902739,320354.6007183585,569823.4753293463,974051.0149656656,C3_West,2025-11-06,17.943748,-67.009384
173938.72034331152,320354.60071835853,569823.4753293463,974051.0149656656,C2_Center,2025-11-06,17.943632,-67.00623
174005.55820282226,320354.60071835853,571640.1608114804,974051.0149656656,C1_East,2025-11-06,17.944336,-67.002266
773933.7022046208,567032.0936880189,803521.7074396053,1906833.142385281,SC,2025-11-13,17.942287,-67.07675
775735.0671762504,540482.3604772214,778802.2943447675,1906833.142385281,ML3,2025-11-13,17.9392,-67.04
775735.0671762504,540482.3604772214,778802.2943447675,1906833.142385281,ML2,2025-11-13,17.9394,-67.04
776483.82849731,540482.3604772214,778802.2943447675,1906833.142385281,ML1,2025-11-13,17.939789,-67.04021
776776.9125629757,566742.8743274366,803521.7074396051,1906833.142385281,MJ4,2025-11-13,17.973782,-67.06234
776543.4662241118,566742.8743274366,803521.7074396051,1906833.142385281,MJ3,2025-11-13,17.972672,-67.06536
774319.2571964939,566742.8743274364,802873.201444803,1906833.142385281,MJ2,2025-11-13,17.968758,-67.076935
774319.2571964939,566742.8743274364,802873.201444803,1906833.142385281,MJ1,2025-11-13,17.967564,-67.07653
776758.502770726,567050.350323388,804748.1665161343,1906833.142385281,L1,2025-11-13,17.943077,-67.05644
777104.4920417228,540296.5998674326,776923.162703599,1906833.142385281,G1,2025-11-13,17.97034,-67.04777
776764.81246688,540314.8565028018,776951.6290966892,1906833.142385281,E1,2025-11-13,17.954287,-67.050186
779043.2659171765,539399.0727849418,775167.8875685212,1906833.142385281,C3_West,2025-11-13,17.943748,-67.009384
780202.0180683851,539402.939294057,775589.0321755604,1906833.142385281,C2_Center,2025-11-13,17.943632,-67.00623
779910.7168166508,539402.939294057,776545.2946566541,1906833.142385281,C1_East,2025-11-13,17.944336,-67.002266
193696.5558962889,302298.7201228109,470762.3069248875,940288.7823594112,SC,2025-11-20,17.942287,-67.07675
202202.46582782315,290929.8709486152,458998.2525168109,940288.7823594112,ML3,2025-11-20,17.9392,-67.04
202202.46582782315,290929.8709486152,458998.2525168109,940288.7823594112,ML2,2025-11-20,17.9394,-67.04
200435.28115992327,290929.8709486152,458998.2525168109,940288.7823594112,ML1,2025-11-20,17.939789,-67.04021
198184.7820055472,302559.0516313875,470762.3069248875,940288.7823594112,MJ4,2025-11-20,17.973782,-67.06234
197401.944808994,302559.0516313875,470762.3069248875,940288.7823594112,MJ3,2025-11-20,17.972672,-67.06536
193799.1826973454,301891.5605140443,470676.96487850894,940288.7823594112,MJ2,2025-11-20,17.968758,-67.076935
193428.6144835707,301891.5605140443,470676.96487850905,940288.7823594112,MJ1,2025-11-20,17.967564,-67.07653
198565.8825038569,303337.8800686846,471075.8413735,940288.7823594112,L1,2025-11-20,17.943077,-67.05644
200302.90587057496,289324.52178641426,456680.93286866666,940288.7823594112,G1,2025-11-20,17.97034,-67.04777
199886.525916918,289845.0077845873,456680.9328686666,940288.7823594112,E1,2025-11-20,17.954287,-67.050186
207611.90118533044,290754.4589523843,457500.32136956585,940288.7823594112,C3_West,2025-11-20,17.943748,-67.009384
208888.8288363876,290759.4558699986,457884.9203839811,940288.7823594112,C2_Center,2025-11-20,17.943632,-67.00623
209588.9683029961,290759.4558699986,457991.75170284073,940288.7823594112,C1_East,2025-11-20,17.944336,-67.002266
518522.2897081169,348016.1862837354,449605.2591412468,1052674.2760085834,G1,2025-11-27,17.97034,-67.04777
516712.185673184,365472.6395346966,467193.5895424424,1052674.2760085834,SC,2025-11-27,17.942287,-67.07675
516687.7926315512,348016.1862837353,450689.4563145957,1052674.2760085834,ML3,2025-11-27,17.9392,-67.04
516687.7926315512,348016.1862837353,450689.4563145957,1052674.2760085834,ML2,2025-11-27,17.9394,-67.04
518343.7790560167,348016.18628373527,450689.4563145957,1052674.2760085834,ML1,2025-11-27,17.939789,-67.04021
518799.0047933821,366106.4364846933,467116.7844380635,1052674.2760085834,MJ3,2025-11-27,17.972672,-67.06536
516850.1153720007,366106.4364846934,466921.6891154689,1052674.2760085834,MJ1,2025-11-27,17.967564,-67.07653
518522.2897081169,348016.1862837354,449676.5456795621,1052674.2760085834,E1,2025-11-27,17.954287,-67.050186
518314.9144302553,366544.3611528442,468289.9127822855,1052674.2760085834,L1,2025-11-27,17.943077,-67.05644
519079.4521457746,339411.0680428205,443183.3104765437,1052674.2760085834,C3_West,2025-11-27,17.943748,-67.009384
520690.9879821035,339411.06804282044,443183.3104765437,1052674.2760085834,C2_Center,2025-11-27,17.943632,-67.00623
522049.130393501,339772.1351234197,443782.3880502637,1052674.2760085834,C1_East,2025-11-27,17.944336,-67.002266
516894.065621531,366106.4364846933,466921.6891154689,1052674.2760085834,MJ2,2025-11-27,17.968758,-67.076935
519705.853439115,366106.4364846934,467116.7844380635,1052674.2760085834,MJ4,2025-11-27,17.973782,-67.06234
488182.5088955908,530021.693638816,782062.8605819682,1427084.8982476883,MJ2,2025-12-04,17.968758,-67.076935
481602.6575691411,538457.17533633,783158.7513812145,1427084.8982476883,SC,2025-12-04,17.942287,-67.07675
495833.9890553449,515436.8037508114,763489.8880703329,1427084.8982476883,ML3,2025-12-04,17.9392,-67.04
495833.9890553449,515436.8037508114,763489.8880703329,1427084.8982476883,ML2,2025-12-04,17.9394,-67.04
493606.3992524306,515436.8037508114,763489.8880703329,1427084.8982476883,ML1,2025-12-04,17.939789,-67.04021
492705.4094575654,534106.4642764565,783392.3529322146,1427084.8982476883,MJ3,2025-12-04,17.972672,-67.06536
493877.0963258323,534372.852172259,783392.3529322146,1427084.8982476883,MJ4,2025-12-04,17.973782,-67.06234
493761.0302423288,514744.980073474,759918.9165126304,1427084.8982476883,E1,2025-12-04,17.954287,-67.050186
486161.4758818748,539858.8324247147,784671.2538478135,1427084.8982476883,L1,2025-12-04,17.943077,-67.05644
506288.4415820892,511202.7108355979,758298.0270718918,1427084.8982476883,C3_West,2025-12-04,17.943748,-67.009384
507956.8882464315,511202.7108355978,758298.0270718919,1427084.8982476883,C2_Center,2025-12-04,17.943632,-67.00623
508374.2436936839,511202.7108355979,758950.5661697773,1427084.8982476883,C1_East,2025-12-04,17.944336,-67.002266
487148.2735768552,530021.693638816,782062.8605819683,1427084.8982476883,MJ1,2025-12-04,17.967564,-67.07653
500063.5712642192,514105.18810646393,759361.7625076356,1427084.8982476883,G1,2025-12-04,17.97034,-67.04777
207023.01195199657,257139.0799638695,724280.6845523721,1708358.1648004183,SC,2025-12-11,17.942287,-67.07675
207260.03610295427,240492.08679079683,713023.661745416,1708358.1648004183,ML3,2025-12-11,17.9392,-67.04
207260.0361029543,240492.08679079683,713023.661745416,1708358.1648004183,ML2,2025-12-11,17.9394,-67.04
208156.083803949,240492.08679079683,713023.661745416,1708358.1648004183,ML1,2025-12-11,17.939789,-67.04021
209168.1726451191,258010.94904988856,725611.4031111493,1708358.1648004183,MJ4,2025-12-11,17.973782,-67.06234
209108.4682096551,258010.94904988853,725139.1213975344,1708358.1648004183,MJ3,2025-12-11,17.972672,-67.06536
207760.7299443306,257524.1185302512,724588.4988290634,1708358.1648004183,MJ2,2025-12-11,17.968758,-67.076935
207345.9207359574,257524.1185302512,724588.4988290634,1708358.1648004183,MJ1,2025-12-11,17.967564,-67.07653
207932.1092493095,244309.02251846128,722595.2552276106,1708358.1648004183,C3_West,2025-12-11,17.943748,-67.009384
208082.3719448402,244309.02251846128,726712.3930504415,1708358.1648004183,C1_East,2025-12-11,17.944336,-67.002266
208082.3719448402,244309.02251846128,722910.8951771073,1708358.1648004183,C2_Center,2025-12-11,17.943632,-67.00623
207190.62018423484,258909.5945611024,727937.3131256085,1708358.1648004183,L1,2025-12-11,17.943077,-67.05644
208571.60958798503,240361.73018228816,708538.7209549387,1708358.1648004183,E1,2025-12-11,17.954287,-67.050186
209422.5101359165,240779.84556579115,707424.934748666,1708358.1648004183,G1,2025-12-11,17.97034,-67.04777
508807.3191330905,438108.5084893064,859302.0577196877,1708318.8111241627,SC,2025-12-18,17.942287,-67.07675
506034.8211116794,414538.5414049341,829755.5543786214,1708318.8111241627,ML3,2025-12-18,17.9392,-67.04
506034.8211116794,414538.5414049341,829755.5543786214,1708318.8111241627,ML2,2025-12-18,17.9394,-67.04
508867.6055916748,414538.5414049341,829755.5543786214,1708318.8111241627,ML1,2025-12-18,17.939789,-67.04021
511479.9287287154,441613.0342398464,859496.922630445,1708318.8111241627,MJ4,2025-12-18,17.973782,-67.06234
510781.3660182261,441613.0342398464,859302.0577196876,1708318.8111241627,MJ3,2025-12-18,17.972672,-67.06536
510340.9601312456,437016.8012355411,855895.4435476096,1708318.8111241627,MJ2,2025-12-18,17.968758,-67.076935
509973.0946182549,437016.8012355411,855895.4435476095,1708318.8111241627,MJ1,2025-12-18,17.967564,-67.07653
510114.4592210923,442727.6853300275,859890.2569153513,1708318.8111241627,L1,2025-12-18,17.943077,-67.05644
512369.8602713299,413572.6339017316,829894.7727379255,1708318.8111241627,G1,2025-12-18,17.97034,-67.04777
510659.0197322397,413765.90943475,829519.4587146599,1708318.8111241627,E1,2025-12-18,17.954287,-67.050186
505598.05892310943,414649.5690734384,820299.2715944914,1708318.8111241627,C3_West,2025-12-18,17.943748,-67.009384
506299.7930958229,418650.93800686026,820299.2715944914,1708318.8111241627,C2_Center,2025-12-18,17.943632,-67.00623
505625.3308778957,418650.93800686026,821868.6467590587,1708318.8111241627,C1_East,2025-12-18,17.944336,-67.002266
100308.90236585576,151693.16668929724,494076.00837075873,1135576.4251356935,MJ2,2025-12-25,17.968758,-67.076935
100308.9023658558,151693.16668929727,500908.74036286114,1135576.4251356935,SC,2025-12-25,17.942287,-67.07675
102388.08550682156,145836.4771718977,504449.4115870348,1135576.4251356935,ML3,2025-12-25,17.9392,-67.04
102388.08550682156,145836.4771718977,504449.4115870348,1135576.4251356935,ML2,2025-12-25,17.9394,-67.04
101873.61022513024,145836.4771718977,504449.4115870348,1135576.4251356935,ML1,2025-12-25,17.939789,-67.04021
101398.02649812576,151748.58077449794,502298.55416031374,1135576.4251356935,MJ4,2025-12-25,17.973782,-67.06234
101269.00131902492,151748.58077449794,500906.3211173908,1135576.4251356935,MJ3,2025-12-25,17.972672,-67.06536
101763.62621157888,145768.5723668094,499366.07900653256,1135576.4251356935,G1,2025-12-25,17.97034,-67.04777
101911.05125528644,145768.57236680944,499458.1153689617,1135576.4251356935,E1,2025-12-25,17.954287,-67.050186
99035.40094855535,145643.30567717002,509090.41224436817,1135576.4251356935,C3_West,2025-12-25,17.943748,-67.009384
99250.31721315274,145643.30567717002,509512.8867642431,1135576.4251356935,C2_Center,2025-12-25,17.943632,-67.00623
99250.31721315274,145643.30567717002,510368.5890682188,1135576.4251356935,C1_East,2025-12-25,17.944336,-67.002266
100308.90236585576,151693.16668929724,494076.00837075873,1135576.4251356935,MJ1,2025-12-25,17.967564,-67.07653
101947.04058350796,152274.33029635757,509258.80851424666,1135576.4251356935,L1,2025-12-25,17.943077,-67.05644
199724.7643060472,466437.3962586324,1439703.3899355507,3099069.118235784,L1,2026-01-01,17.943077,-67.05644
200138.7269281532,453520.8152703942,1427321.336291759,3099069.118235784,G1,2026-01-01,17.97034,-67.04777
196064.00236101504,456445.32012272737,1421500.0767786335,3099069.118235784,MJ1,2026-01-01,17.967564,-67.07653
196904.26236765456,460166.4901299199,1425256.7889196193,3099069.118235784,SC,2026-01-01,17.942287,-67.07675
198645.0623714727,455363.1745838096,1439288.0819094796,3099069.118235784,ML3,2026-01-01,17.9392,-67.04
198645.0623714727,455363.1745838096,1439288.0819094796,3099069.118235784,ML2,2026-01-01,17.9394,-67.04
197844.476630098,461584.9533081029,1427928.1345265862,3099069.118235784,MJ4,2026-01-01,17.973782,-67.06234
201794.2968873738,457988.7622301377,1446440.0640900931,3099069.118235784,C3_West,2026-01-01,17.943748,-67.009384
199971.40931432377,454525.79923281015,1427074.601634761,3099069.118235784,E1,2026-01-01,17.954287,-67.050186
202889.4960166948,458064.5988396212,1447077.7527079869,3099069.118235784,C2_Center,2026-01-01,17.943632,-67.00623
203100.7911960104,458064.5988396212,1450701.8596206254,3099069.118235784,C1_East,2026-01-01,17.944336,-67.002266
196400.8117795153,456445.32012272737,1421500.0767786335,3099069.118235784,MJ2,2026-01-01,17.968758,-67.076935
197646.26044891457,461584.95330810297,1426085.5129387742,3099069.118235784,MJ3,2026-01-01,17.972672,-67.06536
200791.78520138303,455363.1745838096,1439288.0819094796,3099069.118235784,ML1,2026-01-01,17.939789,-67.04021
336399.2848011844,378194.4021327178,900599.1331373218,1903660.2439994505,SC,2026-01-08,17.942287,-67.07675
342141.3708429927,358046.6731610161,891331.4515544849,1903660.2439994505,ML3,2026-01-08,17.9392,-67.04
342141.3708429927,358046.6731610161,891331.4515544849,1903660.2439994505,ML2,2026-01-08,17.9394,-67.04
341055.1970185915,358046.6731610161,891331.4515544849,1903660.2439994505,ML1,2026-01-08,17.939789,-67.04021
341032.37351215933,378812.909285525,901131.3669726194,1903660.2439994505,MJ4,2026-01-08,17.973782,-67.06234
340910.6765832422,378812.909285525,901053.4748541246,1903660.2439994505,MJ3,2026-01-08,17.972672,-67.06536
337636.2452597499,378194.4021327178,898478.2190797487,1903660.2439994505,MJ2,2026-01-08,17.968758,-67.076935
336676.3638790295,378194.4021327178,898478.2190797487,1903660.2439994505,MJ1,2026-01-08,17.967564,-67.07653
346481.3159330928,350550.3981843299,888938.5090080461,1903660.2439994505,C3_West,2026-01-08,17.943748,-67.009384
347318.3035512477,350550.39818433,891375.5816251612,1903660.2439994505,C1_East,2026-01-08,17.944336,-67.002266
347155.57330966333,350550.39818433,889403.0841472853,1903660.2439994505,C2_Center,2026-01-08,17.943632,-67.00623
338703.269954522,378812.909285525,905968.1740578824,1903660.2439994505,L1,2026-01-08,17.943077,-67.05644
341175.4563933065,357321.1443265636,884774.7739548987,1903660.2439994505,E1,2026-01-08,17.954287,-67.050186
343768.7281990695,357321.14432656363,884048.5539907003,1903660.2439994505,G1,2026-01-08,17.97034,-67.04777
290966.170940259,195858.44821416336,444366.5066560887,1269816.1158256538,MJ2,2026-01-15,17.968758,-67.076935
291561.7107684117,196240.76832342555,445458.599652156,1269816.1158256538,SC,2026-01-15,17.942287,-67.07675
289702.3925771973,191714.6904524964,445095.3856414455,1269816.1158256538,ML3,2026-01-15,17.9392,-67.04
289702.3925771973,191714.6904524964,445095.3856414455,1269816.1158256538,ML2,2026-01-15,17.9394,-67.04
289702.3925771973,191714.6904524964,445095.3856414455,1269816.1158256538,ML1,2026-01-15,17.939789,-67.04021
289990.61885056604,196151.7425516317,447722.2495895458,1269816.1158256538,MJ4,2026-01-15,17.973782,-67.06234
290423.09288047365,196151.7425516317,447142.9837732309,1269816.1158256538,MJ3,2026-01-15,17.972672,-67.06536
289869.19565424253,190621.964988876,440938.0820763218,1269816.1158256538,G1,2026-01-15,17.97034,-67.04777
289169.1930256745,191714.6904524964,440938.0820763219,1269816.1158256538,E1,2026-01-15,17.954287,-67.050186
288352.8720800797,187301.1923734007,445109.0504251892,1269816.1158256538,C3_West,2026-01-15,17.943748,-67.009384
288339.3143979703,187301.1923734007,445109.0504251892,1269816.1158256538,C2_Center,2026-01-15,17.943632,-67.00623
288259.3639734001,187594.4867108689,445590.8065304319,1269816.1158256538,C1_East,2026-01-15,17.944336,-67.002266
290802.17646226886,195858.44821416336,444366.5066560887,1269816.1158256538,MJ1,2026-01-15,17.967564,-67.07653
290264.2909554886,197964.2013172137,450166.7445238455,1269816.1158256538,L1,2026-01-15,17.943077,-67.05644
145633.78388427614,141424.47745658737,214720.68153716475,395628.4384160067,MJ4,2026-01-22,17.973782,-67.06234
145365.46647081,141424.47745658737,214720.68153716475,395628.4384160067,MJ3,2026-01-22,17.972672,-67.06536
145083.28690138695,141424.47745658737,214720.6815371648,395628.4384160067,SC,2026-01-22,17.942287,-67.07675
141821.68653242537,131499.62603827927,205251.91786162887,395628.4384160067,ML3,2026-01-22,17.9392,-67.04
141821.68653242537,131499.62603827927,205251.91786162887,395628.4384160067,ML2,2026-01-22,17.9394,-67.04
141810.52800532416,131499.62603827927,205251.91786162887,395628.4384160067,ML1,2026-01-22,17.939789,-67.04021
145083.28690138698,141424.47745658737,214617.3400122152,395628.4384160067,MJ2,2026-01-22,17.968758,-67.076935
145083.28690138698,141424.47745658737,214617.3400122152,395628.4384160067,MJ1,2026-01-22,17.967564,-67.07653
141957.35761862813,131499.62603827927,204671.9009641048,395628.4384160067,G1,2026-01-22,17.97034,-67.04777
141957.35761862813,131499.62603827927,204671.9009641048,395628.4384160067,E1,2026-01-22,17.954287,-67.050186
142893.74303909572,131138.77439965477,205283.2962368984,395628.4384160067,C3_West,2026-01-22,17.943748,-67.009384
143424.59334526444,131138.77439965477,205283.2962368984,395628.4384160067,C2_Center,2026-01-22,17.943632,-67.00623
143424.5933452644,131138.77439965477,205283.2962368984,395628.4384160067,C1_East,2026-01-22,17.944336,-67.002266
145633.78388427614,141424.47745658737,214907.0980629532,395628.4384160067,L1,2026-01-22,17.943077,-67.05644
196195.431631054,308029.11525359843,594039.7112256687,2003365.258270073,SC,2026-01-29,17.942287,-67.07675
199791.6299075514,310875.78148091905,590327.5328663071,2003365.258270073,ML3,2026-01-29,17.9392,-67.04
199791.6299075514,310875.78148091905,590327.5328663071,2003365.258270073,ML2,2026-01-29,17.9394,-67.04
198516.7283592572,310875.78148091905,590327.532866307,2003365.258270073,ML1,2026-01-29,17.939789,-67.04021
199621.42013008808,312260.0515596265,594515.147147197,2003365.258270073,MJ4,2026-01-29,17.973782,-67.06234
199453.5617674597,312260.0515596266,594079.1067752626,2003365.258270073,MJ3,2026-01-29,17.972672,-67.06536
197059.5778790881,307797.96105522226,592635.0162410013,2003365.258270073,MJ2,2026-01-29,17.968758,-67.076935
196688.58624495048,307797.96105522226,592635.0162410013,2003365.258270073,MJ1,2026-01-29,17.967564,-67.07653
198960.1304261404,312918.95784130646,596933.462195983,2003365.258270073,L1,2026-01-29,17.943077,-67.05644
200302.92246326167,306302.38346312643,587419.3316476541,2003365.258270073,G1,2026-01-29,17.97034,-67.04777
199715.99448179183,306448.8544002609,588008.7700609652,2003365.258270073,E1,2026-01-29,17.954287,-67.050186
200387.4138814381,314241.2259679457,593213.1385872021,2003365.258270073,C3_West,2026-01-29,17.943748,-67.009384
201295.3242124101,314241.2259679457,593371.7290547902,2003365.258270073,C2_Center,2026-01-29,17.943632,-67.00623
201420.9053868985,314241.2259679457,595986.6759775934,2003365.258270073,C1_East,2026-01-29,17.944336,-67.002266
57782.08165785857,5160.398621301411,68611.44311434933,494460.8405054353,ML3,2026-02-05,17.9392,-67.04
57782.08165785857,5160.398621301411,68611.44311434933,494460.8405054353,ML2,2026-02-05,17.9394,-67.04
57782.08165785857,5160.398621301411,68611.44311434933,494460.8405054353,ML1,2026-02-05,17.939789,-67.04021
57782.081657858565,13187.73602003669,72739.80490018828,494460.8405054353,MJ4,2026-02-05,17.973782,-67.06234
57782.08165785857,13187.73602003669,72346.55206350343,494460.8405054353,MJ3,2026-02-05,17.972672,-67.06536
57782.081657858565,13187.73602003669,72346.55206350343,494460.8405054353,MJ2,2026-02-05,17.968758,-67.076935
57782.08165785857,13593.35399079553,72346.55206350343,494460.8405054353,SC,2026-02-05,17.942287,-67.07675
57782.08165785857,13593.353990795527,74777.77138392275,494460.8405054353,L1,2026-02-05,17.943077,-67.05644
57782.081657858565,4754.780650542572,66344.81601442864,494460.8405054353,G1,2026-02-05,17.97034,-67.04777
57782.08165785857,5036.1848223375455,66344.81601442864,494460.8405054353,E1,2026-02-05,17.954287,-67.050186
57782.08165785857,13187.73602003669,72346.55206350343,494460.8405054353,MJ1,2026-02-05,17.967564,-67.07653
57782.08165785857,3789.393995115016,70461.97336573499,494460.8405054353,C2_Center,2026-02-05,17.943632,-67.00623
57782.08165785857,3789.393995115016,70771.61671492706,494460.8405054353,C1_East,2026-02-05,17.944336,-67.002266
57782.08165785857,3789.393995115016,70461.97336573499,494460.8405054353,C3_West,2026-02-05,17.943748,-67.009384
19790.598456706022,20254.205817939644,128760.26670015526,349408.81556114205,SC,2026-02-12,17.942287,-67.07675
19790.598456706022,20254.205817939644,130042.90417443536,349408.81556114205,ML3,2026-02-12,17.9392,-67.04
19790.598456706022,20254.205817939644,130042.90417443536,349408.81556114205,ML2,2026-02-12,17.9394,-67.04
19790.598456706022,20254.205817939644,130042.90417443536,349408.81556114205,ML1,2026-02-12,17.939789,-67.04021
19790.59845670602,20254.205817939644,128760.26670015526,349408.81556114205,MJ4,2026-02-12,17.973782,-67.06234
19790.59845670602,20254.205817939644,128760.26670015526,349408.81556114205,MJ3,2026-02-12,17.972672,-67.06536
19790.59845670602,20254.205817939644,128484.79926852156,349408.81556114205,MJ2,2026-02-12,17.968758,-67.076935
19790.598456706022,20254.20581793964,128760.26670015526,349408.81556114205,MJ1,2026-02-12,17.967564,-67.07653
19790.598456706022,20254.205817939644,129025.88015642574,349408.81556114205,L1,2026-02-12,17.943077,-67.05644
19790.598456706022,20254.205817939644,129025.88015642574,349408.81556114205,G1,2026-02-12,17.97034,-67.04777
19790.598456706022,20254.205817939648,129525.10762582684,349408.81556114205,E1,2026-02-12,17.954287,-67.050186
19790.598456706022,20254.205817939648,130269.60683069902,349408.81556114205,C3_West,2026-02-12,17.943748,-67.009384
19790.598456706022,20254.205817939644,130328.96242517424,349408.81556114205,C2_Center,2026-02-12,17.943632,-67.00623
19790.598456706022,20254.205817939644,130328.96242517424,349408.81556114205,C1_East,2026-02-12,17.944336,-67.002266
238858.7029939428,224863.3649837724,700741.0661885517,1354866.6321572226,SC,2026-02-19,17.942287,-67.07675
243005.54249209096,216557.3981272069,695403.5768316493,1354866.6321572226,ML3,2026-02-19,17.9392,-67.04
243005.54249209096,216557.3981272069,695403.5768316493,1354866.6321572226,ML2,2026-02-19,17.9394,-67.04
241948.3368487876,216557.3981272069,695403.5768316493,1354866.6321572226,ML1,2026-02-19,17.939789,-67.04021
242142.101716819,225883.75596072408,701631.9309481436,1354866.6321572226,MJ4,2026-02-19,17.973782,-67.06234
241897.24293277744,225883.75596072408,700741.0661885517,1354866.6321572226,MJ3,2026-02-19,17.972672,-67.06536
239331.62566992835,224840.2480651404,700464.6233268909,1354866.6321572226,MJ2,2026-02-19,17.968758,-67.076935
238941.75869788285,224840.2480651404,700464.6233268909,1354866.6321572226,MJ1,2026-02-19,17.967564,-67.07653
240808.97568027847,225751.7487288337,702335.7684623396,1354866.6321572226,L1,2026-02-19,17.943077,-67.05644
242574.7662346596,215739.41212241564,693528.7844184812,1354866.6321572226,G1,2026-02-19,17.97034,-67.04777
242142.101716819,216325.5358724396,693489.6207257555,1354866.6321572226,E1,2026-02-19,17.954287,-67.050186
243455.3655427337,215750.53827905448,698015.0557611084,1354866.6321572226,C3_West,2026-02-19,17.943748,-67.009384
244171.3887373777,215750.53827905448,698616.6753282665,1354866.6321572226,C2_Center,2026-02-19,17.943632,-67.00623
244171.38873737777,215750.53827905448,699539.4077597293,1354866.6321572226,C1_East,2026-02-19,17.944336,-67.002266
47405.98932023974,123958.97127670766,197387.7673265361,728071.7831475568,MJ2,2026-02-26,17.968758,-67.076935
47329.03936506265,123958.97127670769,199069.7343492843,728071.7831475568,SC,2026-02-26,17.942287,-67.07675
46849.72880117224,122815.71711870088,201921.1617519149,728071.7831475568,ML3,2026-02-26,17.9392,-67.04
46849.72880117224,122815.71711870088,201921.1617519149,728071.7831475568,ML2,2026-02-26,17.9394,-67.04
46849.72880117224,122815.71711870088,201921.1617519149,728071.7831475568,ML1,2026-02-26,17.939789,-67.04021
47329.03936506265,123958.97127670766,198595.619817574,728071.7831475568,MJ4,2026-02-26,17.973782,-67.06234
47329.03936506264,123958.97127670766,198595.619817574,728071.7831475568,MJ3,2026-02-26,17.972672,-67.06536
47329.03936506265,122815.7171187009,199477.6716535549,728071.7831475568,G1,2026-02-26,17.97034,-67.04777
47329.03936506264,122815.71711870088,200018.5083182752,728071.7831475568,E1,2026-02-26,17.954287,-67.050186
44994.38141356497,122567.3934917882,204420.3813575381,728071.7831475568,C3_West,2026-02-26,17.943748,-67.009384
44994.381413564966,122567.3934917882,204420.38135753805,728071.7831475568,C2_Center,2026-02-26,17.943632,-67.00623
44994.381413564966,122567.3934917882,204813.63756522167,728071.7831475568,C1_East,2026-02-26,17.944336,-67.002266
47405.98932023974,123958.97127670766,197598.7643050429,728071.7831475568,MJ1,2026-02-26,17.967564,-67.07653
47329.03936506264,123958.97127670769,201161.762476282,728071.7831475568,L1,2026-02-26,17.943077,-67.05644
137697.26843326242,241129.13928245383,367938.7580055154,703602.7263769606,MJ4,2026-03-05,17.973782,-67.06234
137347.26179676893,241129.13928245383,367938.7580055154,703602.7263769606,MJ3,2026-03-05,17.972672,-67.06536
135917.36153826988,240476.6934120852,368172.0684601999,703602.7263769606,SC,2026-03-05,17.942287,-67.07675
137697.26843326242,228598.6152219946,361066.98948745895,703602.7263769606,ML3,2026-03-05,17.9392,-67.04
137697.26843326242,228598.6152219946,361066.98948745895,703602.7263769606,ML2,2026-03-05,17.9394,-67.04
137697.26843326242,228598.6152219946,361066.98948745895,703602.7263769606,ML1,2026-03-05,17.939789,-67.04021
137133.1976919237,240326.1963245359,366952.8767900087,703602.7263769606,MJ2,2026-03-05,17.968758,-67.076935
136529.01987502776,240326.1963245359,366952.8767900087,703602.7263769606,MJ1,2026-03-05,17.967564,-67.07653
138918.94842745326,228023.06557992072,356585.7689457997,703602.7263769606,G1,2026-03-05,17.97034,-67.04777
137697.26843326242,228173.56266747,356585.7689457997,703602.7263769606,E1,2026-03-05,17.954287,-67.050186
140505.6608014238,225669.1713630924,360440.814706708,703602.7263769606,C3_West,2026-03-05,17.943748,-67.009384
141056.77010993863,225669.1713630924,360440.814706708,703602.7263769606,C2_Center,2026-03-05,17.943632,-67.00623
141104.34626768966,225669.1713630924,360440.814706708,703602.7263769606,C1_East,2026-03-05,17.944336,-67.002266
136717.91066325534,241279.6363700031,369691.8426483327,703602.7263769606,L1,2026-03-05,17.943077,-67.05644
48037.59748400164,46496.67292924766,225022.85903052724,729511.436338867,SC,2026-03-12,17.942287,-67.07675
43659.98366581998,43185.09540615381,226242.7606908803,729511.436338867,ML3,2026-03-12,17.9392,-67.04
43659.98366581998,43185.09540615381,226242.7606908803,729511.436338867,ML2,2026-03-12,17.9394,-67.04
47450.96095632439,43185.09540615381,226242.7606908803,729511.436338867,ML1,2026-03-12,17.939789,-67.04021
48082.70971942372,46026.792254258966,226352.6580719025,729511.436338867,MJ4,2026-03-12,17.973782,-67.06234
48082.70971942372,46026.792254258966,226352.65807190244,729511.436338867,MJ3,2026-03-12,17.972672,-67.06536
48037.59748400164,46026.79225425896,224889.44943648897,729511.436338867,MJ2,2026-03-12,17.968758,-67.076935
48037.59748400163,46026.79225425896,224889.44943648897,729511.436338867,MJ1,2026-03-12,17.967564,-67.07653
47510.88324908541,46915.881071504016,227082.1633238473,729511.436338867,L1,2026-03-12,17.943077,-67.05644
47510.88324908541,42296.00658890877,223863.2604200074,729511.436338867,G1,2026-03-12,17.97034,-67.04777
47510.88324908542,42765.88726389745,224256.86922493004,729511.436338867,E1,2026-03-12,17.954287,-67.050186
43743.51581176609,42224.899522913576,229096.90768153072,729511.436338867,C3_West,2026-03-12,17.943748,-67.009384
42589.53203854388,42224.899522913576,229096.90768153072,729511.436338867,C2_Center,2026-03-12,17.943632,-67.00623
42589.53203854388,42224.899522913576,229443.5469157489,729511.436338867,C1_East,2026-03-12,17.944336,-67.002266
153240.10002343048,72837.09321585904,478543.69046894624,1443412.4351533046,MJ2,2026-03-19,17.968758,-67.076935
153240.10002343048,72837.09321585904,485740.3422294855,1443412.4351533046,SC,2026-03-19,17.942287,-67.07675
153792.85017196345,64932.97195838896,495273.4800893884,1443412.4351533046,ML3,2026-03-19,17.9392,-67.04
153792.85017196345,64932.97195838896,495273.4800893884,1443412.4351533046,ML2,2026-03-19,17.9394,-67.04
153456.23110562746,64932.97195838896,495273.4800893884,1443412.4351533046,ML1,2026-03-19,17.939789,-67.04021
153456.23110562746,72837.09321585904,484053.46968197095,1443412.4351533046,MJ4,2026-03-19,17.973782,-67.06234
153456.23110562746,72837.09321585904,484053.46968197095,1443412.4351533046,MJ3,2026-03-19,17.972672,-67.06536
153456.23110562746,64932.97195838897,482485.0098569981,1443412.4351533046,G1,2026-03-19,17.97034,-67.04777
153456.23110562746,64932.97195838897,483198.5271842413,1443412.4351533046,E1,2026-03-19,17.954287,-67.050186
154456.6618632346,62503.79312920941,507768.6306207521,1443412.4351533046,C3_West,2026-03-19,17.943748,-67.009384
154456.6618632346,62503.79312920942,510395.6117792942,1443412.4351533046,C2_Center,2026-03-19,17.943632,-67.00623
154456.6618632346,62503.79312920942,511124.0022819856,1443412.4351533046,C1_East,2026-03-19,17.944336,-67.002266
153240.10002343048,72837.09321585904,479715.1881170355,1443412.4351533046,MJ1,2026-03-19,17.967564,-67.07653
153456.23110562746,72837.09321585904,491040.9678778019,1443412.4351533046,L1,2026-03-19,17.943077,-67.05644
75459.61461541812,87815.23405754211,1539374.8710201208,3620304.744416185,L1,2026-03-26,17.943077,-67.05644
75459.61461541812,81988.28562812475,1537379.552959907,3620304.744416185,G1,2026-03-26,17.97034,-67.04777
74915.34879413321,86930.78076644562,1525431.3442477696,3620304.744416185,MJ1,2026-03-26,17.967564,-67.07653
74915.34879413321,87735.07024936257,1523098.7198238932,3620304.744416185,SC,2026-03-26,17.942287,-67.07675
76819.48428339761,82715.59354133204,1548566.9310329144,3620304.744416185,ML3,2026-03-26,17.9392,-67.04
76819.48428339761,82715.59354133204,1548566.9310329144,3620304.744416185,ML2,2026-03-26,17.9394,-67.04
75459.61461541813,86930.78076644562,1535297.6098162022,3620304.744416185,MJ4,2026-03-26,17.973782,-67.06234
73689.7179082678,80326.18493321411,1571250.9263579447,3620304.744416185,C3_West,2026-03-26,17.943748,-67.009384
75459.61461541812,81988.28562812478,1536648.6437094207,3620304.744416185,E1,2026-03-26,17.954287,-67.050186
73928.78573273151,80326.18493321411,1573261.0856658984,3620304.744416185,C2_Center,2026-03-26,17.943632,-67.00623
73928.78573273151,80326.18493321411,1578402.9538975314,3620304.744416185,C1_East,2026-03-26,17.944336,-67.002266
74915.34879413321,86930.78076644562,1524643.356083699,3620304.744416185,MJ2,2026-03-26,17.968758,-67.076935
75309.32032984201,86930.78076644562,1530943.3650214418,3620304.744416185,MJ3,2026-03-26,17.972672,-67.06536
75459.61461541812,82715.59354133204,1548566.9310329144,3620304.744416185,ML1,2026-03-26,17.939789,-67.04021
124624.9743431672,88447.37144297792,1217431.765791661,2476377.654774097,SC,2026-04-02,17.942287,-67.07675
124287.30359062096,84889.47091480315,1237237.1025137063,2476377.654774097,ML3,2026-04-02,17.9392,-67.04
124287.30359062096,84889.47091480315,1237237.1025137063,2476377.654774097,ML2,2026-04-02,17.9394,-67.04
125306.2295100838,84889.47091480315,1237237.1025137063,2476377.654774097,ML1,2026-04-02,17.939789,-67.04021
125306.2295100838,88448.8518791347,1217375.6212638011,2476377.654774097,MJ4,2026-04-02,17.973782,-67.06234
125306.2295100838,88448.85187913469,1217375.6212638011,2476377.654774097,MJ3,2026-04-02,17.972672,-67.06536
124624.97434316718,88448.8518791347,1215706.3327952037,2476377.654774097,MJ2,2026-04-02,17.968758,-67.076935
124624.9743431672,88448.85187913469,1215706.332795204,2476377.654774097,MJ1,2026-04-02,17.967564,-67.07653
126208.6467545209,84618.39710375953,1265601.9987237754,2476377.654774097,C3_West,2026-04-02,17.943748,-67.009384
126828.805440179,84618.39710375952,1266322.579206749,2476377.654774097,C1_East,2026-04-02,17.944336,-67.002266
126828.80544017896,84618.39710375952,1266007.7815745743,2476377.654774097,C2_Center,2026-04-02,17.943632,-67.00623
125306.2295100838,88448.85187913469,1230692.4687096863,2476377.654774097,L1,2026-04-02,17.943077,-67.05644
125306.2295100838,84732.46756657404,1235929.181395184,2476377.654774097,E1,2026-04-02,17.954287,-67.050186
125306.2295100838,84732.46756657405,1236272.7748095675,2476377.654774097,G1,2026-04-02,17.97034,-67.04777
68444.94402560621,169458.22024690855,1120157.427055874,1524641.056757448,SC,2026-04-09,17.942287,-67.07675
66961.3049140053,162925.69441726626,1115062.0704725997,1524641.056757448,ML3,2026-04-09,17.9392,-67.04
66961.3049140053,162925.69441726626,1115062.0704725997,1524641.056757448,ML2,2026-04-09,17.9394,-67.04
66961.3049140053,162505.36203700758,1115062.0704725997,1524641.056757448,ML1,2026-04-09,17.939789,-67.04021
66558.41563200428,167298.445407997,1121670.374964791,1524641.056757448,MJ4,2026-04-09,17.973782,-67.06234
66942.09234766709,167298.445407997,1121670.374964791,1524641.056757448,MJ3,2026-04-09,17.972672,-67.06536
66942.09234766709,167085.94806458344,1120157.427055874,1524641.056757448,MJ2,2026-04-09,17.968758,-67.076935
66676.0836331423,167085.94806458344,1120157.427055874,1524641.056757448,MJ1,2026-04-09,17.967564,-67.07653
67504.40161245853,170391.227781916,1121840.4778468164,1524641.056757448,L1,2026-04-09,17.943077,-67.05644
67053.8820837462,159222.41887058545,1112755.564025974,1524641.056757448,G1,2026-04-09,17.97034,-67.04777
66942.09234766709,159774.91716138515,1112355.5622064923,1524641.056757448,E1,2026-04-09,17.954287,-67.050186
66379.71075949675,161071.8185873757,1117115.9964500102,1524641.056757448,C3_West,2026-04-09,17.943748,-67.009384
66379.71075949675,162715.00765486452,1118405.0226280952,1524641.056757448,C2_Center,2026-04-09,17.943632,-67.00623
66379.71075949675,162824.95866403944,1119000.432292225,1524641.056757448,C1_East,2026-04-09,17.944336,-67.002266
159833.7735462122,799417.3394010215,2649605.919161225,3599257.31295589,MJ2,2026-04-16,17.968758,-67.076935
160508.77111509265,804327.260422366,2654239.651308914,3599257.31295589,SC,2026-04-16,17.942287,-67.07675
163688.0981678691,804848.0512572338,2669854.4359245445,3599257.31295589,ML3,2026-04-16,17.9392,-67.04
163688.0981678691,804848.0512572338,2669854.4359245445,3599257.31295589,ML2,2026-04-16,17.9394,-67.04
162208.02139279823,804848.0512572337,2669854.4359245445,3599257.31295589,ML1,2026-04-16,17.939789,-67.04021
161432.96965613574,801927.3025889407,2659064.1033001007,3599257.31295589,MJ4,2026-04-16,17.973782,-67.06234
161407.34309997296,801927.3025889407,2658351.2983182603,3599257.31295589,MJ3,2026-04-16,17.972672,-67.06536
161432.96965613577,793674.9255029273,2657541.842764819,3599257.31295589,G1,2026-04-16,17.97034,-67.04777
161896.4144230534,796730.3357619313,2657649.430467856,3599257.31295589,E1,2026-04-16,17.954287,-67.050186
164954.5406512657,796005.0822322308,2659062.3830642835,3599257.31295589,C3_West,2026-04-16,17.943748,-67.009384
165420.50815440208,799715.5041386235,2660882.76347987,3599257.31295589,C2_Center,2026-04-16,17.943632,-67.00623
165540.15265250835,800342.5260767738,2660882.7634798703,3599257.31295589,C1_East,2026-04-16,17.944336,-67.002266
159833.7735462122,799417.3394010215,2651794.611240024,3599257.31295589,MJ1,2026-04-16,17.967564,-67.07653
162208.02139279828,811125.0967999528,2666024.2784336377,3599257.31295589,L1,2026-04-16,17.943077,-67.05644
600867.4619576046,1192098.9523585455,7392903.0832856735,11961212.081858132,L1,2026-04-23,17.943077,-67.05644
600858.281309191,1191266.329609704,7381673.992415275,11961212.081858132,G1,2026-04-23,17.97034,-67.04777
593405.4203607235,1188344.5185243243,7348988.6479165135,11961212.081858132,MJ1,2026-04-23,17.967564,-67.07653
597743.7197127619,1176873.789366285,7349166.117182799,11961212.081858132,SC,2026-04-23,17.942287,-67.07675
607626.1314996078,1182854.371834288,7410230.368543976,11961212.081858132,ML3,2026-04-23,17.9392,-67.04
607626.1314996078,1182854.371834288,7410230.368543976,11961212.081858132,ML2,2026-04-23,17.9394,-67.04
597392.4319047402,1198626.477876146,7377921.2498661345,11961212.081858132,MJ4,2026-04-23,17.973782,-67.06234
611294.0021220247,1204755.6939852105,7448266.926570488,11961212.081858132,C3_West,2026-04-23,17.943748,-67.009384
602451.2690298758,1180994.011472112,7378489.713144632,11961212.081858132,E1,2026-04-23,17.954287,-67.050186
612839.3927669585,1205676.9394737154,7450222.067746293,11961212.081858132,C2_Center,2026-04-23,17.943632,-67.00623
612839.3927669585,1205986.8716975497,7459874.184076872,11961212.081858132,C1_East,2026-04-23,17.944336,-67.002266
594245.1060071097,1188344.5185243243,7348358.326416382,11961212.081858132,MJ2,2026-04-23,17.968758,-67.076935
596779.8786924601,1197382.8492669498,7371500.877764868,11961212.081858132,MJ3,2026-04-23,17.972672,-67.06536
606398.1014466204,1182854.371834288,7410230.368543976,11961212.081858132,ML1,2026-04-23,17.939789,-67.04021
507.1264622535096,3474.5870067208884,427706.6737527904,866226.7162802021,SC,2026-04-30,17.942287,-67.07675
507.1264622535096,3739.363258426512,445534.80192296894,866226.7162802021,ML3,2026-04-30,17.9392,-67.04
507.1264622535096,3739.363258426512,445534.80192296894,866226.7162802021,ML2,2026-04-30,17.9394,-67.04
507.1264622535096,3739.363258426512,445348.6851027007,866226.7162802021,ML1,2026-04-30,17.939789,-67.04021
507.1264622535096,3418.354661495588,434059.9214688213,866226.7162802021,MJ4,2026-04-30,17.973782,-67.06234
507.1264622535096,3418.354661495588,433385.2376466112,866226.7162802021,MJ3,2026-04-30,17.972672,-67.06536
507.1264622535096,3418.354661495588,429237.9084959606,866226.7162802021,MJ2,2026-04-30,17.968758,-67.076935
507.1264622535096,3418.354661495588,429237.9084959606,866226.7162802021,MJ1,2026-04-30,17.967564,-67.07653
507.1264622535096,4027.123317161984,459452.1179847741,866226.7162802021,C3_West,2026-04-30,17.943748,-67.009384
507.1264622535096,4027.123317161984,464011.59143976914,866226.7162802021,C1_East,2026-04-30,17.944336,-67.002266
507.1264622535096,4027.123317161984,463296.7119103503,866226.7162802021,C2_Center,2026-04-30,17.943632,-67.00623
507.1264622535096,3474.5870067208893,438292.808575989,866226.7162802021,L1,2026-04-30,17.943077,-67.05644
507.1264622535096,3474.5870067208884,440297.820821088,866226.7162802021,E1,2026-04-30,17.954287,-67.050186
507.1264622535096,3474.5870067208884,441334.78756201855,866226.7162802021,G1,2026-04-30,17.97034,-67.04777
849019.2456041495,750680.6628267749,4126567.068743817,8739849.823552754,MJ2,2026-05-07,17.968758,-67.076935
831791.687255085,751813.1306796547,4123981.72036822,8739849.823552754,SC,2026-05-07,17.942287,-67.07675
813882.6906436117,745075.1139217053,4158849.505201229,8739849.823552754,ML3,2026-05-07,17.9392,-67.04
813882.6906436116,745075.1139217053,4158849.505201229,8739849.823552754,ML2,2026-05-07,17.9394,-67.04
813643.7386020141,745075.1139217052,4158849.505201229,8739849.823552754,ML1,2026-05-07,17.939789,-67.04021
848349.5682282277,752365.0892413714,4146614.2643276616,8739849.823552754,MJ4,2026-05-07,17.973782,-67.06234
847346.1374731062,752181.744887923,4143917.772538952,8739849.823552754,MJ3,2026-05-07,17.972672,-67.06536
842502.0886423617,744469.3975311556,4140843.802595216,8739849.823552754,G1,2026-05-07,17.97034,-67.04777
832609.8847447031,740668.6910552304,4142430.241247319,8739849.823552754,E1,2026-05-07,17.954287,-67.050186
803244.2450205007,745027.9238921566,4178879.263029242,8739849.823552754,C3_West,2026-05-07,17.943748,-67.009384
805075.2604298352,745190.332917444,4180096.610135837,8739849.823552754,C2_Center,2026-05-07,17.943632,-67.00623
801224.5620034599,745778.9226114834,4182528.3082393017,8739849.823552754,C1_East,2026-05-07,17.944336,-67.002266
847049.399567229,750680.6628267749,4127288.599162204,8739849.823552754,MJ1,2026-05-07,17.967564,-67.07653
827914.5455135745,756797.1919625063,4154618.860767392,8739849.823552754,L1,2026-05-07,17.943077,-67.05644
226205.3233186826,176954.544663402,1466979.7048717511,2752565.00677681,MJ4,2026-05-14,17.973782,-67.06234
226205.3233186826,176954.544663402,1465302.9514472615,2752565.00677681,MJ3,2026-05-14,17.972672,-67.06536
224793.62096806336,180736.7633307617,1469329.2156172812,2752565.00677681,SC,2026-05-14,17.942287,-67.07675
209646.9008740568,178647.11914542125,1481460.5502314714,2752565.00677681,ML3,2026-05-14,17.9392,-67.04
209789.3252542563,178647.11914542125,1481460.5502314714,2752565.00677681,ML2,2026-05-14,17.9394,-67.04
209789.3252542564,178309.72943561466,1481460.5502314714,2752565.00677681,ML1,2026-05-14,17.939789,-67.04021
229832.15954213744,176954.544663402,1459539.5669339276,2752565.00677681,MJ2,2026-05-14,17.968758,-67.076935
229832.15954213747,176954.544663402,1459908.8661386694,2752565.00677681,MJ1,2026-05-14,17.967564,-67.07653
218415.72490453807,175469.2720404314,1471653.98219676,2752565.00677681,G1,2026-05-14,17.97034,-67.04777
218520.9190502253,176292.42006098916,1473457.284795883,2752565.00677681,E1,2026-05-14,17.954287,-67.050186
198361.82402090324,176893.50192404367,1489526.3932524929,2752565.00677681,C3_West,2026-05-14,17.943748,-67.009384
197659.3787098661,177783.0896037151,1491608.8604599205,2752565.00677681,C2_Center,2026-05-14,17.943632,-67.00623
193579.3912416339,177890.7758554346,1492158.3806413277,2752565.00677681,C1_East,2026-05-14,17.944336,-67.002266
219135.09145865525,181161.44248698265,1477253.4756500064,2752565.00677681,L1,2026-05-14,17.943077,-67.05644
419348.4044845227,126640.26349026473,622981.2164547573,1565627.1325534617,SC,2026-05-21,17.942287,-67.07675
410941.60151096055,124903.56600427136,620027.864105635,1565627.1325534617,ML3,2026-05-21,17.9392,-67.04
410941.60151096055,124903.56600427136,620027.864105635,1565627.1325534617,ML2,2026-05-21,17.9394,-67.04
414054.1842525953,124903.56600427134,620027.864105635,1565627.1325534617,ML1,2026-05-21,17.939789,-67.04021
419471.1097427563,127124.16575828276,622320.4959779887,1565627.1325534617,MJ4,2026-05-21,17.973782,-67.06234
421502.9671458418,127124.16575828276,621025.1399863631,1565627.1325534617,MJ3,2026-05-21,17.972672,-67.06536
424148.4985277262,125603.50735137783,621025.1399863631,1565627.1325534617,MJ2,2026-05-21,17.968758,-67.076935
424148.4985277262,125603.50735137783,621025.1399863631,1565627.1325534617,MJ1,2026-05-21,17.967564,-67.07653
417241.4477806544,127458.23628284685,623824.6013807463,1565627.1325534617,L1,2026-05-21,17.943077,-67.05644
417241.4477806545,124383.72067821556,619184.4791796458,1565627.1325534617,G1,2026-05-21,17.97034,-67.04777
417241.4477806544,124383.72067821556,619527.0446632802,1565627.1325534617,E1,2026-05-21,17.954287,-67.050186
406017.3612658044,121310.14309427024,616144.6926560585,1565627.1325534617,C3_West,2026-05-21,17.943748,-67.009384
403895.4002344395,121310.14309427024,616144.6926560585,1565627.1325534617,C2_Center,2026-05-21,17.943632,-67.00623
403895.4002344395,121310.14309427024,616144.6926560585,1565627.1325534617,C1_East,2026-05-21,17.944336,-67.002266
135703.38849715568,46987.37842338301,185914.89401243505,646534.8050251012,ML3,2026-05-28,17.9392,-67.04
135703.38849715568,46987.37842338301,185914.89401243505,646534.8050251012,ML2,2026-05-28,17.9394,-67.04
136338.83965462397,46987.378423383016,185914.89401243505,646534.8050251012,ML1,2026-05-28,17.939789,-67.04021
139180.8753201319,50532.151946667575,184995.66373279569,646534.8050251012,MJ4,2026-05-28,17.973782,-67.06234
138551.77207086043,50532.15194666757,184995.66373279569,646534.8050251012,MJ3,2026-05-28,17.972672,-67.06536
139046.37783995434,50232.4443447508,184995.66373279569,646534.8050251012,MJ2,2026-05-28,17.968758,-67.076935
137635.2312584746,49762.34828917136,184995.6637327956,646534.8050251012,SC,2026-05-28,17.942287,-67.07675
136473.5110182338,50232.4443447508,184995.66373279563,646534.8050251012,L1,2026-05-28,17.943077,-67.05644
137899.93880921433,46987.378423383016,181450.89020951104,646534.8050251012,G1,2026-05-28,17.97034,-67.04777
136972.1265053213,46987.378423383016,181450.89020951104,646534.8050251012,E1,2026-05-28,17.954287,-67.050186
138547.76235286685,50232.4443447508,184995.66373279569,646534.8050251012,MJ1,2026-05-28,17.967564,-67.07653
133402.10998514088,46987.378423383016,186695.6327668199,646534.8050251012,C2_Center,2026-05-28,17.943632,-67.00623
133156.11505553382,46987.378423383016,186695.6327668199,646534.8050251012,C1_East,2026-05-28,17.944336,-67.002266
133716.75178970586,46987.378423383016,186695.6327668199,646534.8050251012,C3_West,2026-05-28,17.943748,-67.009384
274685.0694283428,453342.7654893993,2427134.187619165,4648299.494414189,SC,2026-06-04,17.942287,-67.07675
272189.7106111822,443297.0788007627,2435844.3862037216,4648299.494414189,ML3,2026-06-04,17.9392,-67.04
272189.7106111822,443297.0788007627,2435844.3862037216,4648299.494414189,ML2,2026-06-04,17.9394,-67.04
275186.9388927719,443297.0788007627,2435764.661718238,4648299.494414189,ML1,2026-06-04,17.939789,-67.04021
279296.3500269607,449526.3929591383,2434256.1801517643,4648299.494414189,MJ4,2026-06-04,17.973782,-67.06234
279669.14487116376,449526.3929591383,2432092.4255661755,4648299.494414189,MJ3,2026-06-04,17.972672,-67.06536
280100.31609557057,447289.9096967934,2422046.44834116,4648299.494414189,MJ2,2026-06-04,17.968758,-67.076935
279250.356775771,447805.5205441543,2422046.44834116,4648299.494414189,MJ1,2026-06-04,17.967564,-67.07653
274164.4568397131,457720.93382228346,2441851.3845678447,4648299.494414189,L1,2026-06-04,17.943077,-67.05644
276054.05389220134,435626.770466712,2423404.763633485,4648299.494414189,G1,2026-06-04,17.97034,-67.04777
271063.8984199542,436085.8064001879,2424499.084626427,4648299.494414189,E1,2026-06-04,17.954287,-67.050186
271417.9600152514,433159.09505915537,2445164.560918444,4648299.494414189,C3_West,2026-06-04,17.943748,-67.009384
271729.8143686139,433159.09505915537,2445779.7886059545,4648299.494414189,C2_Center,2026-06-04,17.943632,-67.00623
271729.8143686138,433456.5209895091,2447559.6417912943,4648299.494414189,C1_East,2026-06-04,17.944336,-67.002266
441809.5413261477,590870.2513548948,3833397.518863517,6729714.7588499375,SC,2026-06-11,17.942287,-67.07675
426968.88027869846,577412.0028340943,3859579.825778347,6729714.7588499375,ML3,2026-06-11,17.9392,-67.04
426968.8802786984,577412.0028340943,3859579.825778347,6729714.7588499375,ML2,2026-06-11,17.9394,-67.04
427938.5724724343,577412.0028340943,3858898.468461744,6729714.7588499375,ML1,2026-06-11,17.939789,-67.04021
454013.5755296844,599205.9935463535,3833331.2986406633,6729714.7588499375,MJ4,2026-06-11,17.973782,-67.06234
453857.026113314,599205.9935463535,3833323.578260216,6729714.7588499375,MJ3,2026-06-11,17.972672,-67.06536
455889.177806113,596469.8828419604,3828380.881946377,6729714.7588499375,MJ2,2026-06-11,17.968758,-67.076935
454395.0702746959,596469.8828419603,3829992.012183898,6729714.7588499375,MJ1,2026-06-11,17.967564,-67.07653
435919.2548059343,596634.7678298845,3853705.203983063,6729714.7588499375,L1,2026-06-11,17.943077,-67.05644
452414.1897209247,581621.3442251391,3837816.145678311,6729714.7588499375,G1,2026-06-11,17.97034,-67.04777
442012.2050440134,575273.4519429848,3843446.785249721,6729714.7588499375,E1,2026-06-11,17.954287,-67.050186
421200.7401242622,569433.0548341378,3873034.06181329,6729714.7588499375,C3_West,2026-06-11,17.943748,-67.009384
421200.7401242622,569742.8521121047,3878466.1622084607,6729714.7588499375,C2_Center,2026-06-11,17.943632,-67.00623
414495.7365156397,570249.9148951863,3884981.449984688,6729714.7588499375,C1_East,2026-06-11,17.944336,-67.002266
397367.65432591,872060.6508551154,3920163.4921469386,6182387.45752525,MJ2,2026-06-18,17.968758,-67.076935
390185.36383136426,877880.6969249813,3935499.256927194,6182387.45752525,SC,2026-06-18,17.942287,-67.07675
391386.22172964265,868760.6407684892,3975225.5182232647,6182387.45752525,ML3,2026-06-18,17.9392,-67.04
391386.22172964265,868760.6407684892,3975225.5182232647,6182387.45752525,ML2,2026-06-18,17.9394,-67.04
390415.2605108768,868743.3591514797,3975225.5182232647,6182387.45752525,ML1,2026-06-18,17.939789,-67.04021
397379.04727533006,875489.3435316484,3940481.094474771,6182387.45752525,MJ4,2026-06-18,17.973782,-67.06234
397146.6675692269,875489.3435316484,3937468.7198262606,6182387.45752525,MJ3,2026-06-18,17.972672,-67.06536
396060.7659672546,858533.4627900171,3941946.717492557,6182387.45752525,G1,2026-06-18,17.97034,-67.04777
393529.90486341296,862694.0391410184,3950463.8501799526,6182387.45752525,E1,2026-06-18,17.954287,-67.050186
393060.966008772,856429.9550444994,4001283.826805229,6182387.45752525,C3_West,2026-06-18,17.943748,-67.009384
394447.1356709402,856496.0517735448,4002929.992965934,6182387.45752525,C2_Center,2026-06-18,17.943632,-67.00623
390884.7417981549,856496.0517735448,4006918.2737418567,6182387.45752525,C1_East,2026-06-18,17.944336,-67.002266
396963.36495570303,872060.6508551155,3921102.669532336,6182387.45752525,MJ1,2026-06-18,17.967564,-67.07653
391942.0968694416,882441.4050135915,3964645.0610819976,6182387.45752525,L1,2026-06-18,17.943077,-67.05644
182076.75575853416,107221.80555843604,679626.6639297556,1131434.71017077,MJ4,2026-06-25,17.973782,-67.06234
182076.75575853416,106883.9851476562,679626.6639297557,1131434.71017077,MJ3,2026-06-25,17.972672,-67.06536
179514.6954769508,102513.52859732205,682325.1810604832,1131434.71017077,SC,2026-06-25,17.942287,-67.07675
180999.0592717144,94996.42039547065,677360.1099870622,1131434.71017077,ML3,2026-06-25,17.9392,-67.04
180999.0592717144,94996.42039547065,677360.1099870622,1131434.71017077,ML2,2026-06-25,17.9394,-67.04
180999.0592717144,94996.42039547065,677360.1099870622,1131434.71017077,ML1,2026-06-25,17.939789,-67.04021
180433.8104513345,105661.91935528142,678376.6467181421,1131434.71017077,MJ2,2026-06-25,17.968758,-67.076935
180362.0135652361,105661.91935528142,678376.6467181421,1131434.71017077,MJ1,2026-06-25,17.967564,-67.07653
182358.0535514652,95948.23103465734,671371.1625740636,1131434.71017077,G1,2026-06-25,17.97034,-67.04777
181229.4376702488,94994.2024675464,672057.986376439,1131434.71017077,E1,2026-06-25,17.954287,-67.050186
179583.33849076572,97574.54814932222,682455.0809810224,1131434.71017077,C3_West,2026-06-25,17.943748,-67.009384
179583.33849076575,97785.21129322538,682455.0809810224,1131434.71017077,C2_Center,2026-06-25,17.943632,-67.00623
179228.72695260358,97785.21129322538,682455.0809810224,1131434.71017077,C1_East,2026-06-25,17.944336,-67.002266
180193.43300244727,105580.05944106256,683653.068165214,1131434.71017077,L1,2026-06-25,17.943077,-67.05644
134072.0193268459,369276.05957220256,1415043.90516316,2120878.040540754,MJ2,2026-07-02,17.968758,-67.076935
134835.96345434798,369278.76589012885,1416256.9908989451,2120878.040540754,SC,2026-07-02,17.942287,-67.07675
135658.5505765416,362928.2932266676,1406596.7472503989,2120878.040540754,ML3,2026-07-02,17.9392,-67.04
135658.5505765416,362928.2932266676,1406596.7472503989,2120878.040540754,ML2,2026-07-02,17.9394,-67.04
135083.489271754,362928.2932266676,1406596.747250399,2120878.040540754,ML1,2026-07-02,17.939789,-67.04021
134319.54514425198,369197.4153142507,1415660.0788216873,2120878.040540754,MJ4,2026-07-02,17.973782,-67.06234
134319.54514425198,368820.7487592501,1415660.0788216873,2120878.040540754,MJ3,2026-07-02,17.972672,-67.06536
134319.54514425198,361085.9287438672,1405893.6449647914,2120878.040540754,G1,2026-07-02,17.97034,-67.04777
134423.29172218795,361787.4046846377,1405893.6449647911,2120878.040540754,E1,2026-07-02,17.954287,-67.050186
135024.18590422696,360958.27752791584,1401583.520190647,2120878.040540754,C3_West,2026-07-02,17.943748,-67.009384
135024.18590422696,360958.27752791584,1401583.520190647,2120878.040540754,C2_Center,2026-07-02,17.943632,-67.00623
135024.18590422696,361164.8994739292,1401627.6294250952,2120878.040540754,C1_East,2026-07-02,17.944336,-67.002266
134072.0193268459,369276.05957220256,1415043.9051631598,2120878.040540754,MJ1,2026-07-02,17.967564,-67.07653
135083.489271754,371197.2499767544,1418944.8376191417,2120878.040540754,L1,2026-07-02,17.943077,-67.05644
20724.56783295144,77226.94233043239,554531.512203728,873647.1344511986,MJ4,2026-07-09,17.973782,-67.06234
20724.56783295144,77226.94233043239,554531.512203728,873647.1344511986,MJ3,2026-07-09,17.972672,-67.06536
22946.266811032125,77357.82552751478,556170.5079300591,873647.1344511986,SC,2026-07-09,17.942287,-67.07675
22946.266811032125,77284.11307512652,559022.7132679621,873647.1344511986,ML3,2026-07-09,17.9392,-67.04
22946.266811032125,77284.11307512652,559022.7132679621,873647.1344511986,ML2,2026-07-09,17.9394,-67.04
22946.266811032125,77284.11307512652,559022.7132679621,873647.1344511986,ML1,2026-07-09,17.939789,-67.04021
20724.56783295144,77226.94233043239,554195.1078923418,873647.1344511986,MJ2,2026-07-09,17.968758,-67.076935
20724.56783295144,77226.94233043239,554195.1078923418,873647.1344511986,MJ1,2026-07-09,17.967564,-67.07653
20724.56783295144,74629.32719993441,553360.2692561096,873647.1344511986,G1,2026-07-09,17.97034,-67.04777
21016.90998631492,76232.1121884834,553360.2692561096,873647.1344511986,E1,2026-07-09,17.954287,-67.050186
21536.19368890248,73327.04059668869,558855.4088286188,873647.1344511986,C3_West,2026-07-09,17.943748,-67.009384
21536.19368890248,73327.04059668869,558855.4088286188,873647.1344511986,C2_Center,2026-07-09,17.943632,-67.00623
21536.19368890248,73327.04059668869,558855.4088286188,873647.1344511986,C1_East,2026-07-09,17.944336,-67.002266
22946.266811032125,78829.72731898137,556789.2433258302,873647.1344511986,L1,2026-07-09,17.943077,-67.05644
624653.7181970015,1148378.492756778,3468814.232538647,5376332.688475029,SC,2026-07-16,17.942287,-67.07675
608743.0711872568,1149829.3208625298,3487571.153839651,5376332.688475029,ML3,2026-07-16,17.9392,-67.04
610303.7165264116,1149829.3208625298,3487571.153839651,5376332.688475029,ML2,2026-07-16,17.9394,-67.04
610037.4938602914,1149829.3208625298,3487571.153839651,5376332.688475029,ML1,2026-07-16,17.939789,-67.04021
623891.2772333333,1141862.9555193086,3477676.007893307,5376332.688475029,MJ4,2026-07-16,17.973782,-67.06234
623090.5423373105,1141797.0890049674,3476098.29564567,5376332.688475029,MJ3,2026-07-16,17.972672,-67.06536
632311.4763897412,1139083.8515067042,3467541.8244585525,5376332.688475029,MJ2,2026-07-16,17.968758,-67.076935
632383.9749175331,1139083.8515067042,3467541.8244585525,5376332.688475029,MJ1,2026-07-16,17.967564,-67.07653
618190.7741949909,1156606.608883926,3493411.310099304,5376332.688475029,L1,2026-07-16,17.943077,-67.05644
616429.0738853469,1137824.1617340934,3485096.527535264,5376332.688475029,G1,2026-07-16,17.97034,-67.04777
618031.7457912526,1143788.467086402,3484647.9352326067,5376332.688475029,E1,2026-07-16,17.954287,-67.050186
601355.3439914458,1159229.725327954,3504721.0353310653,5376332.688475029,C3_West,2026-07-16,17.943748,-67.009384
597801.1385656743,1159442.5970571898,3505149.859176076,5376332.688475029,C2_Center,2026-07-16,17.943632,-67.00623
597801.1385656743,1160616.001690674,3506126.870423584,5376332.688475029,C1_East,2026-07-16,17.944336,-67.002266
925338.368241817,954918.325323777,2731016.32818166,4022133.213308689,ML3,2026-07-23,17.9392,-67.04
925338.368241817,954918.325323777,2731016.32818166,4022133.213308689,ML2,2026-07-23,17.9394,-67.04
925338.368241817,954918.325323777,2731016.32818166,4022133.213308689,ML1,2026-07-23,17.939789,-67.04021
908001.0864623578,968778.4157952032,2732861.01965983,4022133.213308689,MJ4,2026-07-23,17.973782,-67.06234
908468.8703394162,968778.4157952032,2729468.6208357606,4022133.213308689,MJ3,2026-07-23,17.972672,-67.06536
911344.0216949622,968725.4289832504,2728022.109593885,4022133.213308689,MJ2,2026-07-23,17.968758,-67.076935
925716.9808048856,979249.9998854978,2735825.930961639,4022133.213308689,SC,2026-07-23,17.942287,-67.07675
925314.5147452764,983336.8753386296,2748192.4389715795,4022133.213308689,L1,2026-07-23,17.943077,-67.05644
907919.6494279868,941775.336400067,2713929.2695464115,4022133.213308689,G1,2026-07-23,17.97034,-67.04777
921263.3449543988,948413.6119673268,2714682.636294868,4022133.213308689,E1,2026-07-23,17.954287,-67.050186
910934.0770880992,968725.4289832504,2728022.109593885,4022133.213308689,MJ1,2026-07-23,17.967564,-67.07653
920933.8688453002,934263.6496260968,2717932.1879631225,4022133.213308689,C2_Center,2026-07-23,17.943632,-67.00623
919181.748247419,934263.6496260968,2718162.0631480464,4022133.213308689,C1_East,2026-07-23,17.944336,-67.002266
921455.0450865576,934258.2183537664,2717932.1879631225,4022133.213308689,C3_West,2026-07-23,17.943748,-67.009384
597665.8762250199,403154.5756623704,1072055.3176227266,2578766.749225512,ML3,2026-07-30,17.9392,-67.04
597665.8762250199,403154.5756623704,1072055.3176227266,2578766.749225512,ML2,2026-07-30,17.9394,-67.04
597665.8762250199,403154.5756623704,1072055.3176227266,2578766.749225512,ML1,2026-07-30,17.939789,-67.04021
612434.0936188712,435873.67671552894,1107768.645016041,2578766.749225512,MJ4,2026-07-30,17.973782,-67.06234
613023.9810907454,435873.67671552894,1107768.645016041,2578766.749225512,MJ3,2026-07-30,17.972672,-67.06536
615564.4956448462,435871.07899060927,1106117.1013965283,2578766.749225512,MJ2,2026-07-30,17.968758,-67.076935
607616.8050281153,435891.85672867694,1107879.8724086513,2578766.749225512,SC,2026-07-30,17.942287,-67.07675
604304.2902203694,436206.0588686689,1109851.2378897483,2578766.749225512,L1,2026-07-30,17.943077,-67.05644
609369.9181844913,402765.3841257223,1068948.8051267928,2578766.749225512,G1,2026-07-30,17.97034,-67.04777
602194.4122247836,402765.3841257224,1069129.4113651428,2578766.749225512,E1,2026-07-30,17.954287,-67.050186
594042.579629242,384065.6923358401,1045834.794988676,2578766.749225512,C3_West,2026-07-30,17.943748,-67.009384
591916.9294737648,384065.6923358401,1045834.794988676,2578766.749225512,C2_Center,2026-07-30,17.943632,-67.00623
588877.5282446503,384065.6923358401,1046376.422042268,2578766.749225512,C1_East,2026-07-30,17.944336,-67.002266
615720.443350839,435996.0044675574,1106361.4698012774,2578766.749225512,MJ1,2026-07-30,17.967564,-67.07653
810092.9829487536,1082480.4172112383,3005731.2690204475,6575775.566193079,SC,2026-08-06,17.942287,-67.07675
780501.2981608923,1055198.495941386,2975865.110347586,6575775.566193079,ML3,2026-08-06,17.9392,-67.04
782402.0601868674,1055198.495941386,2975865.110347586,6575775.566193079,ML2,2026-08-06,17.9394,-67.04
780944.1704156343,1054914.9535164568,2975865.110347586,6575775.566193079,ML1,2026-08-06,17.939789,-67.04021
797975.2268286765,1087829.8703074304,3007092.5200380846,6575775.566193079,MJ4,2026-08-06,17.973782,-67.06234
797828.4960163769,1087829.8703074304,3003986.9406734747,6575775.566193079,MJ3,2026-08-06,17.972672,-67.06536
811547.8204556658,1080512.8004725156,2995483.7788581275,6575775.566193079,MJ2,2026-08-06,17.968758,-67.076935
811216.7059241562,1080512.8004725156,2996226.6537065995,6575775.566193079,MJ1,2026-08-06,17.967564,-67.07653
793482.5585094126,1052212.9750405708,2965012.006720578,6575775.566193079,G1,2026-08-06,17.97034,-67.04777
794179.3258842084,1049047.8387777647,2967528.0781393303,6575775.566193079,E1,2026-08-06,17.954287,-67.050186
758809.4999139905,1022966.9872987455,2958124.7877445137,6575775.566193079,C3_West,2026-08-06,17.943748,-67.009384
760230.4359811518,1025009.677509804,2961900.171944496,6575775.566193079,C2_Center,2026-08-06,17.943632,-67.00623
756335.9992846687,1025009.677509804,2963537.486940626,6575775.566193079,C1_East,2026-08-06,17.944336,-67.002266
791970.846454274,1090822.9610360356,3019057.73280499,6575775.566193079,L1,2026-08-06,17.943077,-67.05644
601223.1410264848,513645.8123887206,1260174.2301694506,2819376.311336653,MJ3,2026-08-20,17.972672,-67.06536
602400.79214557,510743.28077723685,1260174.2301694504,2819376.311336653,SC,2026-08-20,17.942287,-67.07675
593536.5942311456,488144.5758465004,1234574.0101011903,2819376.311336653,ML3,2026-08-20,17.9392,-67.04
593536.5942311456,488144.5758465004,1234574.0101011903,2819376.311336653,ML2,2026-08-20,17.9394,-67.04
600038.9118734337,514107.5012996936,1260174.2301694504,2819376.311336653,MJ4,2026-08-20,17.973782,-67.06234
602871.5214326961,511571.9607780546,1258960.610593459,2819376.311336653,MJ2,2026-08-20,17.968758,-67.076935
593178.3476734769,487554.8386334212,1234574.0101011903,2819376.311336653,ML1,2026-08-20,17.939789,-67.04021
598691.546631352,513076.1473805672,1261279.3766305638,2819376.311336653,L1,2026-08-20,17.943077,-67.05644
597338.0093542982,485793.845806257,1227676.6142559084,2819376.311336653,G1,2026-08-20,17.97034,-67.04777
594975.9290243201,481973.0360457854,1227676.6142559084,2819376.311336653,E1,2026-08-20,17.954287,-67.050186
592123.9396946223,476342.8455782394,1211511.228726908,2819376.311336653,C3_West,2026-08-20,17.943748,-67.009384
592123.9396946223,476342.84557823936,1211511.228726908,2819376.311336653,C2_Center,2026-08-20,17.943632,-67.00623
590952.1195347294,476579.2074976596,1211511.228726908,2819376.311336653,C1_East,2026-08-20,17.944336,-67.002266
602207.7262841605,511696.79110443074,1258960.610593459,2819376.311336653,MJ1,2026-08-20,17.967564,-67.07653
744954.9041644582,792916.0308576226,2606682.152901261,5095345.071906401,MJ1,2026-08-24 12:00:00,17.967564,-67.07653
737580.0099039519,758491.0938296699,2580933.1080955425,5095345.071906401,ML3,2026-08-24 12:00:00,17.9392,-67.04
737070.529738277,745865.1989128491,2559285.99506013,5095345.071906401,C3_West,2026-08-24 12:00:00,17.943748,-67.009384
743744.0701375349,763356.5733588117,2575881.9357236256,5095345.071906401,G1,2026-08-24 12:00:00,17.97034,-67.04777
745792.2162298231,797558.4433851187,2609474.280294705,5095345.071906401,MJ4,2026-08-24 12:00:00,17.973782,-67.06234
737941.4450553383,745865.1989128492,2559422.067165211,5095345.071906401,C2_Center,2026-08-24 12:00:00,17.943632,-67.00623
746717.7034402563,796560.6501865878,2609242.5591018875,5095345.071906401,MJ3,2026-08-24 12:00:00,17.972672,-67.06536
740182.4744108838,754834.3734528666,2575081.940494811,5095345.071906401,E1,2026-08-24 12:00:00,17.954287,-67.050186
744525.42878491,786411.009887627,2607742.642291277,5095345.071906401,SC,2026-08-24 12:00:00,17.942287,-67.07675
737160.8766681973,758053.8212728129,2580933.1080955425,5095345.071906401,ML1,2026-08-24 12:00:00,17.939789,-67.04021
746633.9211496435,792749.2074594102,2606682.152901261,5095345.071906401,MJ2,2026-08-24 12:00:00,17.968758,-67.076935
742459.4158317115,790173.9521499026,2614537.2519120164,5095345.071906401,L1,2026-08-24 12:00:00,17.943077,-67.05644
736719.6734242819,746134.4235601504,2561152.1560307303,5095345.071906401,C1_East,2026-08-24 12:00:00,17.944336,-67.002266
737580.0099039519,758491.0938296699,2580933.1080955425,5095345.071906401,ML2,2026-08-24 12:00:00,17.9394,-67.04
615186.9852621887,740085.5212535167,2346585.2895109667,4443304.007137522,MJ2,2026-08-25 12:00:00,17.968758,-67.076935
608627.6994731769,710472.4333103802,2325677.23397831,4443304.007137522,ML2,2026-08-25 12:00:00,17.9394,-67.04
608238.6857481996,710098.1593227859,2325677.23397831,4443304.007137522,ML1,2026-08-25 12:00:00,17.939789,-67.04021
613980.72255042,742509.2740121945,2349343.0313107143,4443304.007137522,MJ4,2026-08-25 12:00:00,17.973782,-67.06234
613762.988706906,742031.3649514416,2349117.78836029,4443304.007137522,MJ3,2026-08-25 12:00:00,17.972672,-67.06536
610081.826214514,709497.3813387122,2320000.848828657,4443304.007137522,E1,2026-08-25 12:00:00,17.954287,-67.050186
612877.9340767321,714682.7879656806,2320794.627937707,4443304.007137522,G1,2026-08-25 12:00:00,17.97034,-67.04777
608931.8261271538,698401.5373133516,2304011.9622911457,4443304.007137522,C1_East,2026-08-25 12:00:00,17.944336,-67.002266
608594.9335039217,738424.2799974277,2354360.3469597567,4443304.007137522,L1,2026-08-25 12:00:00,17.943077,-67.05644
610744.7816040965,734980.6592243271,2347638.2866485547,4443304.007137522,SC,2026-08-25 12:00:00,17.942287,-67.07675
609512.3377896101,698219.8863759727,2302272.423494209,4443304.007137522,C3_West,2026-08-25 12:00:00,17.943748,-67.009384
610307.5618057597,698219.8863759725,2302301.4693686594,4443304.007137522,C2_Center,2026-08-25 12:00:00,17.943632,-67.00623
608627.6994731769,710472.4333103802,2325677.23397831,4443304.007137522,ML3,2026-08-25 12:00:00,17.9392,-67.04
613526.9016642144,740085.5212535165,2346585.2895109667,4443304.007137522,MJ1,2026-08-25 12:00:00,17.967564,-67.07653
772541.319688164,850861.0667353516,2348893.2131333034,4282465.048385703,SC,2026-08-26 12:00:00,17.942287,-67.07675
774039.6471797889,853930.2426081679,2354818.2574984664,4282465.048385703,L1,2026-08-26 12:00:00,17.943077,-67.05644
781477.4706579242,859290.06044408,2350477.0941309016,4282465.048385703,MJ4,2026-08-26 12:00:00,17.973782,-67.06234
779123.3926978167,804694.3151062555,2299028.0148291704,4282465.048385703,C3_West,2026-08-26 12:00:00,17.943748,-67.009384
774796.1270975637,818770.4083286294,2319606.959804611,4282465.048385703,ML3,2026-08-26 12:00:00,17.9392,-67.04
780950.7208584489,825180.1254949418,2315443.3484040345,4282465.048385703,G1,2026-08-26 12:00:00,17.97034,-67.04777
779961.5027055526,804900.4005290675,2301026.9797158963,4282465.048385703,C1_East,2026-08-26 12:00:00,17.944336,-67.002266
778285.1513984533,856414.1440705733,2348607.365732295,4282465.048385703,MJ1,2026-08-26 12:00:00,17.967564,-67.07653
780443.6436036379,856414.1440705729,2348607.365732295,4282465.048385703,MJ2,2026-08-26 12:00:00,17.968758,-67.076935
781247.8451470705,858734.3911647901,2350477.0941309016,4282465.048385703,MJ3,2026-08-26 12:00:00,17.972672,-67.06536
774796.1270975637,818770.4083286294,2319606.959804611,4282465.048385703,ML2,2026-08-26 12:00:00,17.9394,-67.04
774369.5612979146,818770.4083286294,2319606.959804611,4282465.048385703,ML1,2026-08-26 12:00:00,17.939789,-67.04021
776352.2939664721,821560.9817918069,2314629.6518773693,4282465.048385703,E1,2026-08-26 12:00:00,17.954287,-67.050186
780007.6466459363,804694.3151062555,2299198.620472294,4282465.048385703,C2_Center,2026-08-26 12:00:00,17.943632,-67.00623
498236.8199213164,304275.10651765583,384585.15987889457,865197.7893570218,G1,2026-08-27,17.97034,-67.04777
494988.2349420462,304223.3889085182,384585.15987889457,865197.7893570218,ML1,2026-08-27,17.939789,-67.04021
494988.23494204617,304223.3889085182,384585.15987889457,865197.7893570218,ML3,2026-08-27,17.9392,-67.04
497460.721846192,291781.8141846348,373972.1750803122,865197.7893570218,C1_East,2026-08-27,17.944336,-67.002266
497460.7218461919,291730.096575497,373899.5789747342,865197.7893570218,C2_Center,2026-08-27,17.943632,-67.00623
495764.3330171706,304223.3889085182,384542.61196866265,865197.7893570218,E1,2026-08-27,17.954287,-67.050186
493966.4160584862,326770.5165299425,406564.9810767008,865197.7893570218,SC,2026-08-27,17.942287,-67.07675
497460.721846192,291730.096575497,373899.5789747342,865197.7893570218,C3_West,2026-08-27,17.943748,-67.009384
495663.3761094289,326880.7298633119,406564.9810767008,865197.7893570218,MJ1,2026-08-27,17.967564,-67.07653
497245.56106194784,326880.729863312,406564.9810767008,865197.7893570218,MJ2,2026-08-27,17.968758,-67.076935
496454.1489503717,326932.4474724497,406564.9810767008,865197.7893570218,MJ4,2026-08-27,17.973782,-67.06234
494988.23494204617,304223.3889085182,384585.15987889457,865197.7893570218,ML2,2026-08-27,17.9394,-67.04
494124.0896889215,326880.729863312,406564.9810767008,865197.7893570218,L1,2026-08-27,17.943077,-67.05644
496454.1489503717,326932.44747244974,406564.9810767009,865197.7893570218,MJ3,2026-08-27,17.972672,-67.06536
907548.0340502817,912443.2743559497,2722142.5534282867,4709512.512487508,ML2,2026-08-27 12:00:00,17.9394,-67.04
911246.8127342465,912443.2743559497,2722142.5534282867,4709512.512487508,ML1,2026-08-27 12:00:00,17.939789,-67.04021
918359.1638358162,950768.7443371022,2744244.983395804,4709512.512487508,MJ4,2026-08-27 12:00:00,17.973782,-67.06234
918321.8878613755,950167.493025424,2741487.6890871963,4709512.512487508,MJ3,2026-08-27 12:00:00,17.972672,-67.06536
918576.2639462097,946613.9148378597,2737235.737265858,4709512.512487508,MJ2,2026-08-27 12:00:00,17.968758,-67.076935
916404.8427698044,946613.9148378597,2737235.737265858,4709512.512487508,MJ1,2026-08-27 12:00:00,17.967564,-67.07653
910864.4820412893,914350.7051866819,2713955.9751646584,4709512.512487508,E1,2026-08-27 12:00:00,17.954287,-67.050186
914492.7592898207,918826.0805549611,2714860.330882569,4709512.512487508,G1,2026-08-27 12:00:00,17.97034,-67.04777
907962.1175661755,895079.8235587339,2702357.3333677053,4709512.512487508,C3_West,2026-08-27 12:00:00,17.943748,-67.009384
908668.3376551407,895108.0448171588,2702433.1642392604,4709512.512487508,C2_Center,2026-08-27 12:00:00,17.943632,-67.00623
904903.7342047774,895504.5208921252,2704345.285158719,4709512.512487508,C1_East,2026-08-27 12:00:00,17.944336,-67.002266
907548.0340502817,912443.2743559497,2722142.5534282867,4709512.512487508,ML3,2026-08-27 12:00:00,17.9392,-67.04
914474.6432144467,945495.2258161395,2748628.220017578,4709512.512487508,L1,2026-08-27 12:00:00,17.943077,-67.05644
914085.4281631822,940830.2804682241,2738675.541090365,4709512.512487508,SC,2026-08-27 12:00:00,17.942287,-67.07675
