issued_at,seg_id,kg_per_m,kg_per_m_physical,h2s_kg_day_km
2026-08-25 23:00:00+00:00,PU062,0.0,0.0,0.0
2026-08-25 23:00:00+00:00,PU071,0.0,0.0,0.0
2026-08-25 23:00:00+00:00,PU069,0.0,0.0,0.0
2026-08-25 23:00:00+00:00,PU072,0.0,0.0,0.0
2026-08-25 23:00:00+00:00,PU066,0.0,0.0,0.0
2026-08-25 23:00:00+00:00,PU067,0.0,0.0,0.0
2026-08-25 23:00:00+00:00,PU073,0.0,0.0,0.0
2026-08-25 23:00:00+00:00,PU075,0.0,0.0,0.0
2026-08-25 23:00:00+00:00,PU070,0.0,0.0,0.0
2026-08-25 23:00:00+00:00,PU074,0.0,0.0,0.0
2026-08-25 23:00:00+00:00,PU065,0.0,0.0,0.0
2026-08-25 23:00:00+00:00,PU068,0.0,0.0,0.0
2026-08-25 23:00:00+00:00,PU064,0.0,0.0,0.0
2026-08-25 23:00:00+00:00,PU063,0.0,0.0,0.0
2026-08-26 00:00:00+00:00,PU067,0.0,0.0,0.0
2026-08-26 00:00:00+00:00,PU074,0.0,0.0,0.0
2026-08-26 00:00:00+00:00,PU066,0.0,0.0,0.0
2026-08-26 00:00:00+00:00,PU064,0.0,0.0,0.0
2026-08-26 00:00:00+00:00,PU063,0.0,0.0,0.0
2026-08-26 00:00:00+00:00,PU062,0.0,0.0,0.0
2026-08-26 00:00:00+00:00,PU075,0.0,0.0,0.0
2026-08-26 00:00:00+00:00,PU072,0.0,0.0,0.0
2026-08-26 00:00:00+00:00,PU073,0.0,0.0,0.0
2026-08-26 00:00:00+00:00,PU068,0.0,0.0,0.0
2026-08-26 00:00:00+00:00,PU065,0.0,0.0,0.0
2026-08-26 00:00:00+00:00,PU071,0.0,0.0,0.0
2026-08-26 00:00:00+00:00,PU070,0.0,0.0,0.0
2026-08-26 00:00:00+00:00,PU069,0.0,0.0,0.0
2026-08-26 01:00:00+00:00,PU068,0.0,0.0,0.0
2026-08-26 01:00:00+00:00,PU072,0.0,0.0,0.0
2026-08-26 01:00:00+00:00,PU070,0.0,0.0,0.0
2026-08-26 01:00:00+00:00,PU069,0.0,0.0,0.0
2026-08-26 01:00:00+00:00,PU065,0.0,0.0,0.0
2026-08-26 01:00:00+00:00,PU071,0.0,0.0,0.0
2026-08-26 01:00:00+00:00,PU073,0.0,0.0,0.0
2026-08-26 01:00:00+00:00,PU075,0.0,0.0,0.0
2026-08-26 01:00:00+00:00,PU067,0.0,0.0,0.0
2026-08-26 01:00:00+00:00,PU064,0.0,0.0,0.0
2026-08-26 01:00:00+00:00,PU074,0.0,0.0,0.0
2026-08-26 01:00:00+00:00,PU062,0.0,0.0,0.0
2026-08-26 01:00:00+00:00,PU063,0.0,0.0,0.0
2026-08-26 01:00:00+00:00,PU066,0.0,0.0,0.0
2026-08-26 04:00:00+00:00,PU075,0.0,0.0,0.0
2026-08-26 04:00:00+00:00,PU067,0.0,0.0,0.0
2026-08-26 04:00:00+00:00,PU063,0.0,0.0,0.0
2026-08-26 04:00:00+00:00,PU074,0.0,0.0,0.0
2026-08-26 04:00:00+00:00,PU062,0.0,0.0,0.0
2026-08-26 04:00:00+00:00,PU066,0.0,0.0,0.0
2026-08-26 04:00:00+00:00,PU064,0.0,0.0,0.0
2026-08-26 04:00:00+00:00,PU065,0.0,0.0,0.0
2026-08-26 04:00:00+00:00,PU068,0.0,0.0,0.0
2026-08-26 04:00:00+00:00,PU070,0.0,0.0,0.0
2026-08-26 04:00:00+00:00,PU071,0.0,0.0,0.0
2026-08-26 04:00:00+00:00,PU072,0.0,0.0,0.0
2026-08-26 04:00:00+00:00,PU073,0.0,0.0,0.0
2026-08-26 04:00:00+00:00,PU069,0.0,0.0,0.0
2026-08-26 07:00:00+00:00,PU073,0.0,0.0,0.0
2026-08-26 07:00:00+00:00,PU070,0.0,0.0,0.0
2026-08-26 07:00:00+00:00,PU071,0.0,0.0,0.0
2026-08-26 07:00:00+00:00,PU069,0.0,0.0,0.0
2026-08-26 07:00:00+00:00,PU065,0.0,0.0,0.0
2026-08-26 07:00:00+00:00,PU072,0.0,0.0,0.0
2026-08-26 07:00:00+00:00,PU068,0.0,0.0,0.0
2026-08-26 07:00:00+00:00,PU066,0.0,0.0,0.0
2026-08-26 07:00:00+00:00,PU062,0.0,0.0,0.0
2026-08-26 07:00:00+00:00,PU067,0.0,0.0,0.0
2026-08-26 07:00:00+00:00,PU064,0.0,0.0,0.0
2026-08-26 07:00:00+00:00,PU074,0.0,0.0,0.0
2026-08-26 07:00:00+00:00,PU075,0.0,0.0,0.0
2026-08-26 07:00:00+00:00,PU063,0.0,0.0,0.0
2026-08-26 09:00:00+00:00,PU066,0.0,0.0,0.0
2026-08-26 09:00:00+00:00,PU075,0.0,0.0,0.0
2026-08-26 09:00:00+00:00,PU072,0.0,0.0,0.0
2026-08-26 09:00:00+00:00,PU063,0.0,0.0,0.0
2026-08-26 09:00:00+00:00,PU065,0.0,0.0,0.0
2026-08-26 09:00:00+00:00,PU071,0.0,0.0,0.0
2026-08-26 09:00:00+00:00,PU073,0.0,0.0,0.0
2026-08-26 09:00:00+00:00,PU074,0.0,0.0,0.0
2026-08-26 09:00:00+00:00,PU068,0.0,0.0,0.0
2026-08-26 09:00:00+00:00,PU064,0.0,0.0,0.0
2026-08-26 09:00:00+00:00,PU069,0.0,0.0,0.0
2026-08-26 09:00:00+00:00,PU067,0.0,0.0,0.0
2026-08-26 09:00:00+00:00,PU062,0.0,0.0,0.0
2026-08-26 09:00:00+00:00,PU070,0.0,0.0,0.0
2026-08-26 16:00:00+00:00,PU070,0.0,0.0,0.0
2026-08-26 16:00:00+00:00,PU072,0.0,0.0,0.0
2026-08-26 16:00:00+00:00,PU065,0.0,0.0,0.0
2026-08-26 16:00:00+00:00,PU071,0.0,0.0,0.0
2026-08-26 16:00:00+00:00,PU069,0.0,0.0,0.0
2026-08-26 16:00:00+00:00,PU073,0.0,0.0,0.0
2026-08-26 16:00:00+00:00,PU068,0.0,0.0,0.0
2026-08-26 16:00:00+00:00,PU067,0.0,0.0,0.0
2026-08-26 16:00:00+00:00,PU062,0.0,0.0,0.0
2026-08-26 16:00:00+00:00,PU075,0.0,0.0,0.0
2026-08-26 16:00:00+00:00,PU064,0.0,0.0,0.0
2026-08-26 16:00:00+00:00,PU074,0.0,0.0,0.0
2026-08-26 16:00:00+00:00,PU066,0.0,0.0,0.0
2026-08-26 16:00:00+00:00,PU063,0.0,0.0,0.0
2026-08-26 20:00:00+00:00,PU074,0.0,0.0,0.0
2026-08-26 20:00:00+00:00,PU062,0.0,0.0,0.0
2026-08-26 20:00:00+00:00,PU069,0.0,0.0,0.0
2026-08-26 20:00:00+00:00,PU073,0.0,0.0,0.0
2026-08-26 20:00:00+00:00,PU064,0.0,0.0,0.0
2026-08-26 20:00:00+00:00,PU066,0.0,0.0,0.0
2026-08-26 20:00:00+00:00,PU075,0.0,0.0,0.0
2026-08-26 20:00:00+00:00,PU067,0.0,0.0,0.0
2026-08-26 20:00:00+00:00,PU068,0.0,0.0,0.0
2026-08-26 20:00:00+00:00,PU065,0.0,0.0,0.0
2026-08-26 20:00:00+00:00,PU070,0.0,0.0,0.0
2026-08-26 20:00:00+00:00,PU071,0.0,0.0,0.0
2026-08-26 20:00:00+00:00,PU063,0.0,0.0,0.0
2026-08-26 20:00:00+00:00,PU072,0.0,0.0,0.0
2026-08-27 00:00:00+00:00,PU064,110.6132940911492,110.6132940911492,10.394335899722671
2026-08-27 00:00:00+00:00,PU065,59.770296655318674,59.770296655318674,6.936418918358134
2026-08-27 00:00:00+00:00,PU073,0.0,0.0,0.0
2026-08-27 00:00:00+00:00,PU069,417.02857527149627,417.02857527149627,46.07182503709913
2026-08-27 00:00:00+00:00,PU070,221.2110019102905,221.2110019102905,25.6933472136736
2026-08-27 00:00:00+00:00,PU066,105.1230677505265,105.1230677505265,12.18712536740422
2026-08-27 00:00:00+00:00,PU072,0.0,0.0,0.0
2026-08-27 00:00:00+00:00,PU074,0.0,0.0,0.0
2026-08-27 00:00:00+00:00,PU071,0.0,0.0,0.0
2026-08-27 00:00:00+00:00,PU067,82.53151444498131,82.53151444498131,9.913377572223704
2026-08-27 00:00:00+00:00,PU075,6.698225015696538,6.698225015696538,0.9233207815746066
2026-08-27 00:00:00+00:00,PU062,3.2936499393991565,3.2936499393991565,0.4578143879283304
2026-08-27 00:00:00+00:00,PU063,98.2515226595083,98.2515226595083,12.014500787747249
2026-08-27 00:00:00+00:00,PU068,141.7472582851564,141.7472582851564,15.58242058920248
2026-08-27 14:00:00+00:00,PU067,133.46185360562782,133.46185360562782,16.986791059623215
2026-08-27 14:00:00+00:00,PU074,0.0,0.0,0.0
2026-08-27 14:00:00+00:00,PU075,42.68906670422121,42.68906670422121,6.029437784431705
2026-08-27 14:00:00+00:00,PU066,168.5553572254387,168.5553572254387,19.680920328681463
2026-08-27 14:00:00+00:00,PU064,252.86016374721308,252.86016374721308,26.099166818202093
2026-08-27 14:00:00+00:00,PU063,124.80600507662878,124.80600507662878,12.86175753763016
2026-08-27 14:00:00+00:00,PU062,13.70451458825767,13.70451458825767,1.925387689591188
2026-08-27 14:00:00+00:00,PU073,0.0,0.0,0.0
2026-08-27 14:00:00+00:00,PU068,478.2236330315044,478.2236330315044,60.7456212887998
2026-08-27 14:00:00+00:00,PU072,0.0,0.0,0.0
2026-08-27 14:00:00+00:00,PU071,0.0,0.0,0.0
2026-08-27 14:00:00+00:00,PU065,128.7423179515645,128.7423179515645,13.213837605431086
2026-08-27 14:00:00+00:00,PU070,253.8445288809988,253.8445288809988,28.702194211337662
2026-08-27 14:00:00+00:00,PU069,530.1448613813411,530.1448613813411,67.08270285383196
2026-08-27 20:00:00+00:00,PU031,0.0,0.0,0.0
2026-08-27 20:00:00+00:00,PU040,0.0,0.0,0.0
2026-08-27 20:00:00+00:00,PU037,0.0,0.0,0.0
2026-08-27 20:00:00+00:00,PU042,0.0,0.0,0.0
2026-08-27 20:00:00+00:00,PU023,40.699684820042,40.699684820042,5.334136103750912
2026-08-27 20:00:00+00:00,PU029,0.0,0.0,0.0
2026-08-27 20:00:00+00:00,PU024,137.95786644652551,137.95786644652551,13.699186483034987
2026-08-27 20:00:00+00:00,PU038,0.0,0.0,0.0
2026-08-27 20:00:00+00:00,PU025,67.96424738479338,67.96424738479338,8.320318752564535
2026-08-27 20:00:00+00:00,PU036,295.7535243893081,295.7535243893081,33.205554371452564
2026-08-27 20:00:00+00:00,PU039,0.0,0.0,0.0
2026-08-27 20:00:00+00:00,PU030,0.0,0.0,0.0
2026-08-27 20:00:00+00:00,PU027,306.02402004068665,306.02402004068665,33.98503149410772
2026-08-27 20:00:00+00:00,PU032,88.60934089627973,88.60934089627973,10.550243654271643
2026-08-27 20:00:00+00:00,PU026,0.0,0.0,0.0
2026-08-27 20:00:00+00:00,PU034,189.72079715552,189.72079715552,24.8536700624297
2026-08-27 20:00:00+00:00,PU033,320.02979542931047,320.02979542931047,33.67920031433383
2026-08-27 20:00:00+00:00,PU028,521.7114134837442,521.7114134837442,52.49414189096194
2026-08-27 20:00:00+00:00,PU044,0.0,0.0,0.0
2026-08-27 20:00:00+00:00,PU041,0.0,0.0,0.0
2026-08-27 20:00:00+00:00,PU035,81.0363503237196,81.0363503237196,10.729639003316857
2026-08-27 20:00:00+00:00,PU043,0.0,0.0,0.0
2026-08-28 00:00:00+00:00,PU039,0.0,0.0,0.0
2026-08-28 00:00:00+00:00,PU038,0.0,0.0,0.0
2026-08-28 00:00:00+00:00,PU043,0.0,0.0,0.0
2026-08-28 00:00:00+00:00,PU036,129.01050328045466,129.01050328045466,17.1611569499073
2026-08-28 00:00:00+00:00,PU040,0.0,0.0,0.0
2026-08-28 00:00:00+00:00,PU035,53.18232069436296,53.18232069436296,7.022821742057596
2026-08-28 00:00:00+00:00,PU042,0.0,0.0,0.0
2026-08-28 00:00:00+00:00,PU041,0.0,0.0,0.0
2026-08-28 00:00:00+00:00,PU033,13.350034694073814,183.60348771338343,19.25716497616
2026-08-28 00:00:00+00:00,PU037,0.0,0.0,0.0
2026-08-28 00:00:00+00:00,PU034,94.5861073901548,94.5861073901548,11.724071530736396
2026-08-28 00:00:00+00:00,PU024,0.1883528158633467,0.1883528158633467,0.0261104063715973
2026-08-28 00:00:00+00:00,PU026,0.0,0.0,0.0
2026-08-28 00:00:00+00:00,PU029,0.0,0.0,0.0
2026-08-28 00:00:00+00:00,PU023,0.0,0.0,0.0
2026-08-28 00:00:00+00:00,PU025,17.596037028077912,17.596037028077912,2.3534100545142342
2026-08-28 00:00:00+00:00,PU027,520.8011768060452,520.8011768060452,63.52613416666672
2026-08-28 00:00:00+00:00,PU032,5.140655660954964,38.24577387666373,5.145831478612095
2026-08-28 00:00:00+00:00,PU031,2.866965531650308,7.023367240718186,0.9364007923780296
2026-08-28 00:00:00+00:00,PU044,0.0,0.0,0.0
2026-08-28 00:00:00+00:00,PU030,42.19014666414608,0.0,0.0
2026-08-28 00:00:00+00:00,PU028,112.1980372997822,112.1980372997822,12.130410256780769
2026-08-28 07:00:00+00:00,PU031,22.183042934899404,22.183042934899404,2.9318540304105896
2026-08-28 07:00:00+00:00,PU030,9.86828062418484,9.86828062418484,1.2668200757404435
2026-08-28 07:00:00+00:00,PU024,1.4914195409763158,1.4914195409763158,0.2061566157819787
2026-08-28 07:00:00+00:00,PU027,468.3893399089194,468.3893399089194,55.33946129788203
2026-08-28 07:00:00+00:00,PU032,0.9711183183730762,0.9711183183730762,0.1273357351454546
2026-08-28 07:00:00+00:00,PU026,0.0,0.0,0.0
2026-08-28 07:00:00+00:00,PU025,31.37491389160877,31.37491389160877,4.014612630547459
2026-08-28 07:00:00+00:00,PU044,0.0,0.0,0.0
2026-08-28 07:00:00+00:00,PU023,0.2024141847128909,0.2024141847128909,0.0263208540175457
2026-08-28 07:00:00+00:00,PU043,0.0,0.0,0.0
2026-08-28 07:00:00+00:00,PU029,0.0,0.0,0.0
2026-08-28 07:00:00+00:00,PU036,112.7117597320437,112.7117597320437,14.230507662619289
2026-08-28 07:00:00+00:00,PU040,0.0,0.0,0.0
2026-08-28 07:00:00+00:00,PU038,0.0,0.0,0.0
2026-08-28 07:00:00+00:00,PU042,0.0,0.0,0.0
2026-08-28 07:00:00+00:00,PU033,290.2684929539609,290.2684929539609,31.23064340531221
2026-08-28 07:00:00+00:00,PU039,0.0,0.0,0.0
2026-08-28 07:00:00+00:00,PU028,456.7411617675916,456.7411617675916,55.99232152803344
2026-08-28 07:00:00+00:00,PU034,21.899632021847587,21.899632021847587,2.986615052865408
2026-08-28 07:00:00+00:00,PU041,0.0,0.0,0.0
2026-08-28 07:00:00+00:00,PU037,0.0,0.0,0.0
2026-08-28 07:00:00+00:00,PU035,34.670403915800506,34.670403915800506,4.532559854289515
2026-08-28 15:00:00+00:00,PU036,617.9442372733627,617.9442372733627,71.47769513275178
2026-08-28 15:00:00+00:00,PU028,739.3216019109877,739.3216019109877,67.88613541830375
2026-08-28 15:00:00+00:00,PU044,81.39482969666457,81.39482969666457,11.515079790214177
2026-08-28 15:00:00+00:00,PU034,492.4478681862374,492.4478681862374,63.42618889946903
2026-08-28 15:00:00+00:00,PU035,43.95832157841794,43.95832157841794,5.854823608862678
2026-08-28 15:00:00+00:00,PU039,0.0,0.0,0.0
2026-08-28 15:00:00+00:00,PU042,0.0,0.0,0.0
2026-08-28 15:00:00+00:00,PU037,0.0,0.0,0.0
2026-08-28 15:00:00+00:00,PU033,1200.6192386184528,1200.6192386184528,147.1603625530453
2026-08-28 15:00:00+00:00,PU040,0.0,0.0,0.0
2026-08-28 15:00:00+00:00,PU038,0.0,0.0,0.0
2026-08-28 15:00:00+00:00,PU029,1.261926319341064,1.261926319341064,0.1786310274085563
2026-08-28 15:00:00+00:00,PU024,24.38001890748334,24.38001890748334,3.0848571108075653
2026-08-28 15:00:00+00:00,PU025,69.20428066882364,69.20428066882364,8.60700864405337
2026-08-28 15:00:00+00:00,PU030,3.999207881113316,3.999207881113316,0.5585671009844747
2026-08-28 15:00:00+00:00,PU023,0.0,0.0,0.0
2026-08-28 15:00:00+00:00,PU026,19.163949147251486,19.163949147251486,2.641656828943387
2026-08-28 15:00:00+00:00,PU032,115.17503526322946,115.17503526322946,14.16447492037077
2026-08-28 15:00:00+00:00,PU043,0.0,0.0,0.0
2026-08-28 15:00:00+00:00,PU031,1.0410984765102584,1.0410984765102584,0.1473719088366576
2026-08-28 15:00:00+00:00,PU027,685.719904650932,685.719904650932,77.54182896027706
2026-08-28 15:00:00+00:00,PU041,0.0,0.0,0.0
2026-08-29 01:00:00+00:00,PU037,0.4917071232110197,0.4917071232110197,0.0639389548108107
2026-08-29 01:00:00+00:00,PU027,433.6136866738248,433.6136866738248,53.71622012749255
2026-08-29 01:00:00+00:00,PU031,18.95274865418919,18.95274865418919,2.532665393576367
2026-08-29 01:00:00+00:00,PU035,83.53140060338333,83.53140060338333,10.846036239149026
2026-08-29 01:00:00+00:00,PU026,0.0,0.0,0.0
2026-08-29 01:00:00+00:00,PU025,295.4338571895162,295.4338571895162,36.57321958919403
2026-08-29 01:00:00+00:00,PU032,145.77275628437064,145.77275628437064,18.17334795497077
2026-08-29 01:00:00+00:00,PU029,0.0,0.0,0.0
2026-08-29 01:00:00+00:00,PU040,0.0,0.0,0.0
2026-08-29 01:00:00+00:00,PU039,0.0,0.0,0.0
2026-08-29 01:00:00+00:00,PU044,0.0,0.0,0.0
2026-08-29 01:00:00+00:00,PU033,684.11968791029,684.11968791029,73.86295815718864
2026-08-29 01:00:00+00:00,PU042,0.0,0.0,0.0
2026-08-29 01:00:00+00:00,PU034,122.2732286178147,122.2732286178147,15.44758177097208
2026-08-29 01:00:00+00:00,PU024,138.55800590432548,138.55800590432548,15.219391171780206
2026-08-29 01:00:00+00:00,PU023,29.8460004084796,29.8460004084796,3.880762479809365
2026-08-29 01:00:00+00:00,PU036,1391.3956067956503,1391.3956067956503,166.32713764468525
2026-08-29 01:00:00+00:00,PU028,221.4471847081384,221.4471847081384,24.361841914538346
2026-08-29 01:00:00+00:00,PU043,0.0,0.0,0.0
2026-08-29 01:00:00+00:00,PU038,0.0,0.0,0.0
2026-08-29 01:00:00+00:00,PU030,46.91483141515464,46.91483141515464,6.059584071505157
2026-08-29 01:00:00+00:00,PU041,0.0,0.0,0.0
2026-08-29 10:00:00+00:00,PU029,0.0,0.0,0.0
2026-08-29 10:00:00+00:00,PU037,2.6652034783092007,2.6652034783092007,0.3719728417096939
2026-08-29 10:00:00+00:00,PU027,601.6549217097886,601.6549217097886,68.93940435369701
2026-08-29 10:00:00+00:00,PU043,0.0,0.0,0.0
2026-08-29 10:00:00+00:00,PU030,0.0,0.0,0.0
2026-08-29 10:00:00+00:00,PU026,0.0,0.0,0.0
2026-08-29 10:00:00+00:00,PU023,364.6088120142163,364.6088120142163,45.2715211496094
2026-08-29 10:00:00+00:00,PU041,0.0,0.0,0.0
2026-08-29 10:00:00+00:00,PU039,0.0,0.0,0.0
2026-08-29 10:00:00+00:00,PU033,738.559389615928,738.559389615928,89.41323775258998
2026-08-29 10:00:00+00:00,PU028,1379.363912402101,1379.363912402101,143.7889486537411
2026-08-29 10:00:00+00:00,PU032,189.72937038661448,189.72937038661448,24.89956393315613
2026-08-29 10:00:00+00:00,PU042,0.0,0.0,0.0
2026-08-29 10:00:00+00:00,PU035,37.359956899974506,37.359956899974506,4.760816815983311
2026-08-29 10:00:00+00:00,PU024,7.183607554377875,7.183607554377875,0.9249540621239234
2026-08-29 10:00:00+00:00,PU044,92.1703747200758,92.1703747200758,12.62999873728667
2026-08-29 10:00:00+00:00,PU040,0.0,0.0,0.0
2026-08-29 10:00:00+00:00,PU034,421.7261225516293,421.7261225516293,53.69646909625887
2026-08-29 10:00:00+00:00,PU036,1044.552186636854,1044.552186636854,135.40940033613532
2026-08-29 10:00:00+00:00,PU025,181.4310819400136,181.4310819400136,20.887159533081768
2026-08-29 10:00:00+00:00,PU038,0.0,0.0,0.0
2026-08-29 10:00:00+00:00,PU031,14.392602763543488,14.392602763543488,1.961613982504153
2026-08-29 16:00:00+00:00,PU023,64.43006410693023,64.43006410693023,7.558109978823642
2026-08-29 16:00:00+00:00,PU031,1.7420539997878604,1.7420539997878604,0.2441702411252435
2026-08-29 16:00:00+00:00,PU026,3.5832685942447906,3.5832685942447906,0.4988734101271616
2026-08-29 16:00:00+00:00,PU024,12.342796261995948,12.342796261995948,1.649968809759148
2026-08-29 16:00:00+00:00,PU030,40.47704613723164,40.47704613723164,5.704104248636006
2026-08-29 16:00:00+00:00,PU032,71.11233627887809,71.11233627887809,9.301957768068494
2026-08-29 16:00:00+00:00,PU025,319.81563527465033,319.81563527465033,33.89145027618873
2026-08-29 16:00:00+00:00,PU029,0.0,0.0,0.0
2026-08-29 16:00:00+00:00,PU027,755.4404457700199,755.4404457700199,77.90369672575599
2026-08-29 16:00:00+00:00,PU044,75.73648775869391,75.73648775869391,10.687332167673263
2026-08-29 16:00:00+00:00,PU043,0.0,0.0,0.0
2026-08-29 16:00:00+00:00,PU039,0.0,0.0,0.0
2026-08-29 16:00:00+00:00,PU042,0.0,0.0,0.0
2026-08-29 16:00:00+00:00,PU037,0.0,0.0,0.0
2026-08-29 16:00:00+00:00,PU038,0.0,0.0,0.0
2026-08-29 16:00:00+00:00,PU033,377.25756357278806,377.25756357278806,46.43094603397029
2026-08-29 16:00:00+00:00,PU036,913.629994002284,913.629994002284,107.18627747594228
2026-08-29 16:00:00+00:00,PU041,0.0,0.0,0.0
2026-08-29 16:00:00+00:00,PU028,1196.497405708113,1196.497405708113,127.34820217352622
2026-08-29 16:00:00+00:00,PU034,103.9045308381086,103.9045308381086,12.61169820584505
2026-08-29 16:00:00+00:00,PU040,0.0,0.0,0.0
2026-08-29 16:00:00+00:00,PU035,97.38582108100464,97.38582108100464,12.73346229721481
2026-08-29 20:00:00+00:00,PU041,0.0,0.0,0.0
2026-08-29 20:00:00+00:00,PU039,0.0,0.0,0.0
2026-08-29 20:00:00+00:00,PU040,0.0,0.0,0.0
2026-08-29 20:00:00+00:00,PU028,829.3982320967976,829.3982320967976,86.25475407384481
2026-08-29 20:00:00+00:00,PU042,0.0,0.0,0.0
2026-08-29 20:00:00+00:00,PU036,747.9352155522972,747.9352155522972,85.63116017981284
2026-08-29 20:00:00+00:00,PU030,0.0,0.0,0.0
2026-08-29 20:00:00+00:00,PU038,0.0,0.0,0.0
2026-08-29 20:00:00+00:00,PU031,48.674224435838106,48.674224435838106,6.682954601645179
2026-08-29 20:00:00+00:00,PU035,117.4493205034548,117.4493205034548,14.566705332528134
2026-08-29 20:00:00+00:00,PU037,0.0,0.0,0.0
2026-08-29 20:00:00+00:00,PU027,782.1775509922885,782.1775509922885,81.12189555869584
2026-08-29 20:00:00+00:00,PU029,0.0,0.0,0.0
2026-08-29 20:00:00+00:00,PU026,2.38000724402647,2.38000724402647,0.3236814091716641
2026-08-29 20:00:00+00:00,PU024,26.13301292840118,26.13301292840118,3.282497803926509
2026-08-29 20:00:00+00:00,PU043,0.0,0.0,0.0
2026-08-29 20:00:00+00:00,PU033,499.3467858265709,499.3467858265709,59.60005566138095
2026-08-29 20:00:00+00:00,PU032,87.31394480476767,87.31394480476767,10.755257210006532
2026-08-29 20:00:00+00:00,PU023,35.90773898800075,35.90773898800075,4.582508161486281
2026-08-29 20:00:00+00:00,PU025,165.68343258681702,165.68343258681702,19.287288923269465
2026-08-29 20:00:00+00:00,PU044,0.0,0.0,0.0
2026-08-29 20:00:00+00:00,PU034,166.04088282759992,166.04088282759992,18.36039916756676
2026-08-29 23:00:00+00:00,PU044,0.0,0.0,0.0
2026-08-29 23:00:00+00:00,PU037,0.0,0.0,0.0
2026-08-29 23:00:00+00:00,PU036,415.7332001245521,415.7332001245521,45.15027241408055
2026-08-29 23:00:00+00:00,PU038,0.0,0.0,0.0
2026-08-29 23:00:00+00:00,PU030,52.440113391382646,52.440113391382646,6.997209236698247
2026-08-29 23:00:00+00:00,PU032,183.251709080074,183.251709080074,22.043420166717205
2026-08-29 23:00:00+00:00,PU039,0.0,0.0,0.0
2026-08-29 23:00:00+00:00,PU029,0.0,0.0,0.0
2026-08-29 23:00:00+00:00,PU027,230.5379053417652,230.5379053417652,24.550482617286825
2026-08-29 23:00:00+00:00,PU043,0.0,0.0,0.0
2026-08-29 23:00:00+00:00,PU023,88.96052672768228,88.96052672768228,12.213583337816068
2026-08-29 23:00:00+00:00,PU033,637.0785690443165,637.0785690443165,70.02623915345822
2026-08-29 23:00:00+00:00,PU035,72.68584897793652,72.68584897793652,8.264855588228366
2026-08-29 23:00:00+00:00,PU026,2.8628007530907484,2.8628007530907484,0.3797359706207607
2026-08-29 23:00:00+00:00,PU034,215.20471068232425,215.20471068232425,26.672784382425483
2026-08-29 23:00:00+00:00,PU040,0.0,0.0,0.0
2026-08-29 23:00:00+00:00,PU031,4.689025748166602,4.689025748166602,0.6031682054853423
2026-08-29 23:00:00+00:00,PU025,184.0749287711956,184.0749287711956,21.57811815069715
2026-08-29 23:00:00+00:00,PU028,649.5602266124323,649.5602266124323,64.81468113946224
2026-08-29 23:00:00+00:00,PU041,0.0,0.0,0.0
2026-08-29 23:00:00+00:00,PU042,0.0,0.0,0.0
2026-08-29 23:00:00+00:00,PU024,255.4708222791472,255.4708222791472,29.916604842080545
2026-08-30 05:00:00+00:00,PU040,0.0,0.0,0.0
2026-08-30 05:00:00+00:00,PU034,110.19816037010172,110.19816037010172,13.968446229283012
2026-08-30 05:00:00+00:00,PU024,74.33133970284811,74.33133970284811,9.69659367790998
2026-08-30 05:00:00+00:00,PU033,617.475275422471,617.475275422471,73.40836575043487
2026-08-30 05:00:00+00:00,PU028,988.4764656386036,988.4764656386036,100.39004581751156
2026-08-30 05:00:00+00:00,PU032,114.7304423049254,114.7304423049254,13.904586070422146
2026-08-30 05:00:00+00:00,PU042,0.0,0.0,0.0
2026-08-30 05:00:00+00:00,PU035,88.02128425260138,88.02128425260138,11.327352504074128
2026-08-30 05:00:00+00:00,PU027,881.6112690001789,881.6112690001789,97.60684476688792
2026-08-30 05:00:00+00:00,PU037,0.0,0.0,0.0
2026-08-30 05:00:00+00:00,PU041,0.0,0.0,0.0
2026-08-30 05:00:00+00:00,PU030,0.0,0.0,0.0
2026-08-30 05:00:00+00:00,PU036,391.93988812019495,391.93988812019495,42.21449903056124
2026-08-30 05:00:00+00:00,PU025,254.8984255021837,254.8984255021837,29.51671035371131
2026-08-30 05:00:00+00:00,PU044,0.0,0.0,0.0
2026-08-30 05:00:00+00:00,PU039,0.0,0.0,0.0
2026-08-30 05:00:00+00:00,PU026,25.16695294297968,25.16695294297968,3.304570880031605
2026-08-30 05:00:00+00:00,PU031,13.22045226969778,13.22045226969778,1.7023075041810067
2026-08-30 05:00:00+00:00,PU023,133.5727297593262,133.5727297593262,18.191850390827177
2026-08-30 05:00:00+00:00,PU038,0.0,0.0,0.0
2026-08-30 05:00:00+00:00,PU029,0.0,0.0,0.0
2026-08-30 05:00:00+00:00,PU043,0.0,0.0,0.0
2026-08-30 11:00:00+00:00,PU031,0.0,0.0,0.0
2026-08-30 11:00:00+00:00,PU027,1513.7683766158095,1513.7683766158095,160.10263674928643
2026-08-30 11:00:00+00:00,PU038,0.0,0.0,0.0
2026-08-30 11:00:00+00:00,PU026,0.0,0.0,0.0
2026-08-30 11:00:00+00:00,PU030,0.0,0.0,0.0
2026-08-30 11:00:00+00:00,PU037,0.0,0.0,0.0
2026-08-30 11:00:00+00:00,PU028,1046.8561013490585,1046.8561013490585,106.9481664945541
2026-08-30 11:00:00+00:00,PU040,0.0,0.0,0.0
2026-08-30 11:00:00+00:00,PU024,113.70149729383355,113.70149729383355,14.599491488924349
2026-08-30 11:00:00+00:00,PU044,0.0,0.0,0.0
2026-08-30 11:00:00+00:00,PU042,0.0,0.0,0.0
2026-08-30 11:00:00+00:00,PU043,0.0,0.0,0.0
2026-08-30 11:00:00+00:00,PU041,0.0,0.0,0.0
2026-08-30 11:00:00+00:00,PU034,165.98530240344726,165.98530240344726,20.49216605433116
2026-08-30 11:00:00+00:00,PU029,0.0,0.0,0.0
2026-08-30 11:00:00+00:00,PU033,613.9521738810455,613.9521738810455,69.92456073473775
2026-08-30 11:00:00+00:00,PU039,0.0,0.0,0.0
2026-08-30 11:00:00+00:00,PU035,54.23356592689135,54.23356592689135,6.83388774809913
2026-08-30 11:00:00+00:00,PU023,44.92403391683159,44.92403391683159,6.165351389517637
2026-08-30 11:00:00+00:00,PU025,153.7093730634567,153.7093730634567,20.04392401217779
2026-08-30 11:00:00+00:00,PU036,548.4191089528116,548.4191089528116,60.34125943880012
2026-08-30 11:00:00+00:00,PU032,84.49533712592577,84.49533712592577,11.081053526581144
2026-08-30 16:00:00+00:00,PU036,297.4653878860709,297.4653878860709,35.04048671839072
2026-08-30 16:00:00+00:00,PU028,860.0492899651761,860.0492899651761,90.87032389309344
2026-08-30 16:00:00+00:00,PU035,104.20655979885326,104.20655979885326,12.319645791407003
2026-08-30 16:00:00+00:00,PU038,0.0,0.0,0.0
2026-08-30 16:00:00+00:00,PU037,0.9750569464177647,0.9750569464177647,0.1366661938990763
2026-08-30 16:00:00+00:00,PU040,0.0,0.0,0.0
2026-08-30 16:00:00+00:00,PU041,0.0,0.0,0.0
2026-08-30 16:00:00+00:00,PU029,0.0,0.0,0.0
2026-08-30 16:00:00+00:00,PU033,371.20451375236456,371.20451375236456,44.43821207395605
2026-08-30 16:00:00+00:00,PU034,146.14902731089492,146.14902731089492,16.64826490450352
2026-08-30 16:00:00+00:00,PU030,0.0,0.0,0.0
2026-08-30 16:00:00+00:00,PU031,16.082670715415272,16.082670715415272,2.1689624727518444
2026-08-30 16:00:00+00:00,PU024,117.50169150932864,117.50169150932864,13.964772022259798
2026-08-30 16:00:00+00:00,PU027,1228.7775590868998,1228.7775590868998,120.07761456008063
2026-08-30 16:00:00+00:00,PU044,0.0,0.0,0.0
2026-08-30 16:00:00+00:00,PU026,0.0,0.0,0.0
2026-08-30 16:00:00+00:00,PU039,0.0,0.0,0.0
2026-08-30 16:00:00+00:00,PU042,0.0,0.0,0.0
2026-08-30 16:00:00+00:00,PU023,47.21691027408242,47.21691027408242,6.507687739881786
2026-08-30 16:00:00+00:00,PU025,216.24175561644023,216.24175561644023,25.700157599057384
2026-08-30 16:00:00+00:00,PU043,0.0,0.0,0.0
2026-08-30 16:00:00+00:00,PU032,98.9408944058925,98.9408944058925,11.3312500472625
2026-08-30 21:00:00+00:00,PU023,68.4006603380862,68.4006603380862,9.42663385404471
2026-08-30 21:00:00+00:00,PU026,0.0,0.0,0.0
2026-08-30 21:00:00+00:00,PU038,0.0,0.0,0.0
2026-08-30 21:00:00+00:00,PU043,0.0,0.0,0.0
2026-08-30 21:00:00+00:00,PU032,56.86994827989781,56.86994827989781,6.854771000630878
2026-08-30 21:00:00+00:00,PU029,0.0,0.0,0.0
2026-08-30 21:00:00+00:00,PU031,7.262666061283699,7.262666061283699,0.988179134372264
2026-08-30 21:00:00+00:00,PU024,179.80508650675858,179.80508650675858,24.09403713012664
2026-08-30 21:00:00+00:00,PU033,573.4818069838705,573.4818069838705,63.829037246463066
2026-08-30 21:00:00+00:00,PU027,1304.779243625575,1304.779243625575,126.25105517739794
2026-08-30 21:00:00+00:00,PU034,114.08727040274806,114.08727040274806,13.6198214498194
2026-08-30 21:00:00+00:00,PU044,0.0,0.0,0.0
2026-08-30 21:00:00+00:00,PU040,0.0,0.0,0.0
2026-08-30 21:00:00+00:00,PU037,0.0,0.0,0.0
2026-08-30 21:00:00+00:00,PU030,0.0,0.0,0.0
2026-08-30 21:00:00+00:00,PU025,179.88493937781072,179.88493937781072,19.100606581651675
2026-08-30 21:00:00+00:00,PU035,97.28277030831836,97.28277030831836,11.13634777314354
2026-08-30 21:00:00+00:00,PU042,0.0,0.0,0.0
2026-08-30 21:00:00+00:00,PU039,0.0,0.0,0.0
2026-08-30 21:00:00+00:00,PU041,0.0,0.0,0.0
2026-08-30 21:00:00+00:00,PU036,881.6619791110039,881.6619791110039,97.75932902992896
2026-08-30 21:00:00+00:00,PU028,732.4186205682529,732.4186205682529,72.2293808473502
2026-08-30 23:00:00+00:00,PU033,603.7277441229302,603.7277441229302,61.03964277804662
2026-08-30 23:00:00+00:00,PU037,0.0,0.0,0.0
2026-08-30 23:00:00+00:00,PU036,446.41063366572297,446.41063366572297,51.96987057463874
2026-08-30 23:00:00+00:00,PU031,5.003331611172077,5.003331611172077,0.6346456252967112
2026-08-30 23:00:00+00:00,PU040,0.0,0.0,0.0
2026-08-30 23:00:00+00:00,PU044,0.0,0.0,0.0
2026-08-30 23:00:00+00:00,PU038,0.0,0.0,0.0
2026-08-30 23:00:00+00:00,PU027,1151.1483573306425,1151.1483573306425,112.29110967426372
2026-08-30 23:00:00+00:00,PU030,21.16469187719604,21.16469187719604,2.835262568923864
2026-08-30 23:00:00+00:00,PU042,0.0,0.0,0.0
2026-08-30 23:00:00+00:00,PU028,910.9832588510212,910.9832588510212,90.90683302436898
2026-08-30 23:00:00+00:00,PU035,20.516893437843304,20.516893437843304,2.6477775984538123
2026-08-30 23:00:00+00:00,PU041,0.0,0.0,0.0
2026-08-30 23:00:00+00:00,PU043,0.0,0.0,0.0
2026-08-30 23:00:00+00:00,PU025,245.92593233463177,245.92593233463177,25.71435448118323
2026-08-30 23:00:00+00:00,PU032,189.00382057385184,189.00382057385184,22.37406770347256
2026-08-30 23:00:00+00:00,PU026,0.0,0.0,0.0
2026-08-30 23:00:00+00:00,PU023,27.396111576682795,27.396111576682795,3.5882758105481543
2026-08-30 23:00:00+00:00,PU034,80.41879880961892,80.41879880961892,9.34490198154028
2026-08-30 23:00:00+00:00,PU039,0.0,0.0,0.0
2026-08-30 23:00:00+00:00,PU029,0.0,0.0,0.0
2026-08-30 23:00:00+00:00,PU024,98.12723526104251,98.12723526104251,10.908493906759736
2026-08-31 05:00:00+00:00,PU035,52.71334282157752,52.71334282157752,5.504089075243027
2026-08-31 05:00:00+00:00,PU028,848.4613151639652,848.4613151639652,79.75576136971486
2026-08-31 05:00:00+00:00,PU041,0.0,0.0,0.0
2026-08-31 05:00:00+00:00,PU026,0.0,0.0,0.0
2026-08-31 05:00:00+00:00,PU029,0.0,0.0,0.0
2026-08-31 05:00:00+00:00,PU042,0.0,0.0,0.0
2026-08-31 05:00:00+00:00,PU023,31.84671197088253,31.84671197088253,4.459590556274357
2026-08-31 05:00:00+00:00,PU043,0.0,0.0,0.0
2026-08-31 05:00:00+00:00,PU032,94.7258564954825,94.7258564954825,11.68632523887986
2026-08-31 05:00:00+00:00,PU037,0.0,0.0,0.0
2026-08-31 05:00:00+00:00,PU044,30.15270593612071,30.15270593612071,3.9116845014247104
2026-08-31 05:00:00+00:00,PU039,0.0,0.0,0.0
2026-08-31 05:00:00+00:00,PU036,822.3050518342703,822.3050518342703,96.32409814904284
2026-08-31 05:00:00+00:00,PU033,533.9725873035012,533.9725873035012,59.2932575315818
2026-08-31 05:00:00+00:00,PU025,141.79873346887553,141.79873346887553,16.369923908836437
2026-08-31 05:00:00+00:00,PU040,0.0,0.0,0.0
2026-08-31 05:00:00+00:00,PU038,0.0,0.0,0.0
2026-08-31 05:00:00+00:00,PU030,4.91431907932303,4.91431907932303,0.6432577533893171
2026-08-31 05:00:00+00:00,PU027,521.8439898585615,521.8439898585615,53.75292348412502
2026-08-31 05:00:00+00:00,PU024,272.45422165179804,272.45422165179804,26.632913467560417
2026-08-31 05:00:00+00:00,PU031,4.565314486390734,4.565314486390734,0.5907973592153711
2026-08-31 05:00:00+00:00,PU034,301.5650271387977,301.5650271387977,37.7838645326125
2026-08-31 13:00:00+00:00,PU041,0.0,0.0,0.0
2026-08-31 13:00:00+00:00,PU033,350.9741946637456,350.9741946637456,39.44033946452387
2026-08-31 13:00:00+00:00,PU034,153.86577782286372,153.86577782286372,16.01026054948689
2026-08-31 13:00:00+00:00,PU037,0.0,0.0,0.0
2026-08-31 13:00:00+00:00,PU029,0.0,0.0,0.0
2026-08-31 13:00:00+00:00,PU036,816.8380361663809,816.8380361663809,95.12830355819514
2026-08-31 13:00:00+00:00,PU038,0.0,0.0,0.0
2026-08-31 13:00:00+00:00,PU031,0.0,0.0,0.0
2026-08-31 13:00:00+00:00,PU026,0.0,0.0,0.0
2026-08-31 13:00:00+00:00,PU035,45.192680536880765,45.192680536880765,5.445635646842635
2026-08-31 13:00:00+00:00,PU028,753.0519941744778,753.0519941744778,78.26311545586206
2026-08-31 13:00:00+00:00,PU023,153.82863576978707,153.82863576978707,19.11341923312556
2026-08-31 13:00:00+00:00,PU044,107.31711563895726,107.31711563895726,15.162844792608524
2026-08-31 13:00:00+00:00,PU027,466.7558537873276,466.7558537873276,45.167451042370274
2026-08-31 13:00:00+00:00,PU040,0.0,0.0,0.0
2026-08-31 13:00:00+00:00,PU039,0.0,0.0,0.0
2026-08-31 13:00:00+00:00,PU025,130.51050596532826,130.51050596532826,15.176040736471856
2026-08-31 13:00:00+00:00,PU024,138.55409220196023,138.55409220196023,16.70722624073789
2026-08-31 13:00:00+00:00,PU030,0.0557673402470743,0.0557673402470743,0.0078799673728977
2026-08-31 13:00:00+00:00,PU032,96.34887671902617,96.34887671902617,11.119102184956938
2026-08-31 13:00:00+00:00,PU042,0.0,0.0,0.0
2026-08-31 13:00:00+00:00,PU043,0.0,0.0,0.0
2026-08-31 20:00:00+00:00,PU032,69.68527210502536,69.68527210502536,9.447446535814484
2026-08-31 20:00:00+00:00,PU040,0.0,0.0,0.0
2026-08-31 20:00:00+00:00,PU029,0.0,0.0,0.0
2026-08-31 20:00:00+00:00,PU025,83.98093164763402,83.98093164763402,10.593585781238977
2026-08-31 20:00:00+00:00,PU044,0.0,0.0,0.0
2026-08-31 20:00:00+00:00,PU026,0.702180035580117,0.702180035580117,0.0967924215353489
2026-08-31 20:00:00+00:00,PU043,241.3431254268418,241.3431254268418,29.923114182355256
2026-08-31 20:00:00+00:00,PU042,0.0,0.0,0.0
2026-08-31 20:00:00+00:00,PU036,824.4019880984548,824.4019880984548,99.05947073851031
2026-08-31 20:00:00+00:00,PU027,395.6018240449029,395.6018240449029,45.46254487975013
2026-08-31 20:00:00+00:00,PU023,10.036685370054046,10.036685370054046,1.403394326441228
2026-08-31 20:00:00+00:00,PU031,0.0,0.0,0.0
2026-08-31 20:00:00+00:00,PU033,400.498023848715,400.498023848715,46.838918327206045
2026-08-31 20:00:00+00:00,PU038,0.0,0.0,0.0
2026-08-31 20:00:00+00:00,PU037,0.0,0.0,0.0
2026-08-31 20:00:00+00:00,PU039,0.0,0.0,0.0
2026-08-31 20:00:00+00:00,PU035,20.16099200284492,20.16099200284492,2.468836280180589
2026-08-31 20:00:00+00:00,PU030,0.0,0.0,0.0
2026-08-31 20:00:00+00:00,PU041,0.0,0.0,0.0
2026-08-31 20:00:00+00:00,PU034,166.17857915834244,166.17857915834244,19.238135351510287
2026-08-31 20:00:00+00:00,PU028,511.6180582005341,511.6180582005341,53.663547158076575
2026-08-31 20:00:00+00:00,PU024,63.73506049220303,63.73506049220303,7.732643692042994
2026-09-01 00:00:00+00:00,PU030,2.0713090360925444,2.0713090360925444,0.2738685573307263
2026-09-01 00:00:00+00:00,PU039,0.0,0.0,0.0
2026-09-01 00:00:00+00:00,PU043,227.26290497207864,227.26290497207864,27.57594896348214
2026-09-01 00:00:00+00:00,PU032,72.87169986977827,72.87169986977827,9.562577249653389
2026-09-01 00:00:00+00:00,PU023,224.2192933066999,224.2192933066999,29.747953703441603
2026-09-01 00:00:00+00:00,PU027,593.2908339421652,593.2908339421652,62.95890579515962
2026-09-01 00:00:00+00:00,PU028,574.9714104537161,574.9714104537161,61.08866626844056
2026-09-01 00:00:00+00:00,PU034,245.24982218387143,245.24982218387143,27.71887613378337
2026-09-01 00:00:00+00:00,PU037,0.0,0.0,0.0
2026-09-01 00:00:00+00:00,PU036,382.17463411191176,382.17463411191176,41.827797496221976
2026-09-01 00:00:00+00:00,PU026,0.0,0.0,0.0
2026-09-01 00:00:00+00:00,PU035,20.79197485420308,20.79197485420308,2.1100856476473893
2026-09-01 00:00:00+00:00,PU042,0.0,0.0,0.0
2026-09-01 00:00:00+00:00,PU031,3.57518141470873,3.57518141470873,0.4766663332396277
2026-09-01 00:00:00+00:00,PU038,0.0,0.0,0.0
2026-09-01 00:00:00+00:00,PU024,55.066144839718376,55.066144839718376,5.549937878400507
2026-09-01 00:00:00+00:00,PU040,0.0,0.0,0.0
2026-09-01 00:00:00+00:00,PU025,117.30986396703206,117.30986396703206,13.948244307890644
2026-09-01 00:00:00+00:00,PU041,0.0,0.0,0.0
2026-09-01 00:00:00+00:00,PU044,0.0,0.0,0.0
2026-09-01 00:00:00+00:00,PU029,0.0,0.0,0.0
2026-09-01 00:00:00+00:00,PU033,315.66997306433143,315.66997306433143,38.35775757178124
2026-09-01 08:00:00+00:00,PU037,0.0,0.0,0.0
2026-09-01 08:00:00+00:00,PU024,107.91782497910886,107.91782497910886,12.92407306152577
2026-09-01 08:00:00+00:00,PU031,0.0,0.0,0.0
2026-09-01 08:00:00+00:00,PU026,0.0,0.0,0.0
2026-09-01 08:00:00+00:00,PU044,102.23000501547236,102.23000501547236,13.722661006299392
2026-09-01 08:00:00+00:00,PU032,0.0,0.0,0.0
2026-09-01 08:00:00+00:00,PU025,91.50393631008136,91.50393631008136,12.2418758579463
2026-09-01 08:00:00+00:00,PU023,244.48764695057497,244.48764695057497,26.465300991659813
2026-09-01 08:00:00+00:00,PU043,0.0,0.0,0.0
2026-09-01 08:00:00+00:00,PU030,2.300096189993156,2.300096189993156,0.3105663491320978
2026-09-01 08:00:00+00:00,PU029,0.0,0.0,0.0
2026-09-01 08:00:00+00:00,PU042,0.0,0.0,0.0
2026-09-01 08:00:00+00:00,PU034,100.00016947046686,100.00016947046686,12.503972694633664
2026-09-01 08:00:00+00:00,PU040,0.0,0.0,0.0
2026-09-01 08:00:00+00:00,PU036,806.1427404312855,806.1427404312855,96.0416915349875
2026-09-01 08:00:00+00:00,PU033,142.02365749809803,142.02365749809803,16.45872278391254
2026-09-01 08:00:00+00:00,PU028,274.84067445079364,274.84067445079364,25.974089921949705
2026-09-01 08:00:00+00:00,PU027,569.5789206151283,569.5789206151283,53.67408585546268
2026-09-01 08:00:00+00:00,PU038,0.0,0.0,0.0
2026-09-01 08:00:00+00:00,PU041,0.0,0.0,0.0
2026-09-01 08:00:00+00:00,PU035,66.00412055682628,66.00412055682628,8.527564297233138
2026-09-01 08:00:00+00:00,PU039,0.0,0.0,0.0
2026-09-01 14:00:00+00:00,PU038,0.0,0.0,0.0
2026-09-01 14:00:00+00:00,PU024,107.87897644865062,107.87897644865062,14.62301975279546
2026-09-01 14:00:00+00:00,PU037,0.0,0.0,0.0
2026-09-01 14:00:00+00:00,PU044,60.16213731023731,60.16213731023731,8.506149450675585
2026-09-01 14:00:00+00:00,PU035,4.509338173875759,4.509338173875759,0.5622205603965271
2026-09-01 14:00:00+00:00,PU034,242.39070317318948,242.39070317318948,30.03868852487449
2026-09-01 14:00:00+00:00,PU040,0.0,0.0,0.0
2026-09-01 14:00:00+00:00,PU036,652.3356248597482,652.3356248597482,79.6302638670943
2026-09-01 14:00:00+00:00,PU029,0.0,0.0,0.0
2026-09-01 14:00:00+00:00,PU033,283.2163602718892,283.2163602718892,36.65168625399515
2026-09-01 14:00:00+00:00,PU031,0.0,0.0,0.0
2026-09-01 14:00:00+00:00,PU025,171.6368797795878,171.6368797795878,18.32558010954467
2026-09-01 14:00:00+00:00,PU032,14.5958160738967,14.5958160738967,2.054520218545765
2026-09-01 14:00:00+00:00,PU028,358.9403109040187,358.9403109040187,31.05989983070172
2026-09-01 14:00:00+00:00,PU023,289.8300118831681,289.8300118831681,32.05087398488215
2026-09-01 14:00:00+00:00,PU026,0.0,0.0,0.0
2026-09-01 14:00:00+00:00,PU030,54.67090588650461,54.67090588650461,7.7306472580129935
2026-09-01 14:00:00+00:00,PU039,0.0,0.0,0.0
2026-09-01 14:00:00+00:00,PU042,0.0,0.0,0.0
2026-09-01 14:00:00+00:00,PU041,0.0,0.0,0.0
2026-09-01 14:00:00+00:00,PU043,55.01726494706541,55.01726494706541,6.81541002425047
2026-09-01 14:00:00+00:00,PU027,397.7888422790246,397.7888422790246,40.39402918082084
2026-09-01 23:00:00+00:00,PU042,0.0,0.0,0.0
2026-09-01 23:00:00+00:00,PU027,606.7396678127297,606.7396678127297,61.15460496884239
2026-09-01 23:00:00+00:00,PU039,0.0,0.0,0.0
2026-09-01 23:00:00+00:00,PU043,0.0,0.0,0.0
2026-09-01 23:00:00+00:00,PU041,0.0,0.0,0.0
2026-09-01 23:00:00+00:00,PU024,155.07540848498573,155.07540848498573,20.15851626372981
2026-09-01 23:00:00+00:00,PU031,7.50490577473132,7.50490577473132,1.011667372346134
2026-09-01 23:00:00+00:00,PU033,719.4678785664521,719.4678785664521,88.5518463943641
2026-09-01 23:00:00+00:00,PU025,60.333564058106695,60.333564058106695,6.951554481935619
2026-09-01 23:00:00+00:00,PU023,18.284079372634405,18.284079372634405,2.3992758788886066
2026-09-01 23:00:00+00:00,PU030,0.0,0.0,0.0
2026-09-01 23:00:00+00:00,PU044,83.712977600867,83.712977600867,11.219647835271893
2026-09-01 23:00:00+00:00,PU034,38.51665573727824,38.51665573727824,5.040125872566458
2026-09-01 23:00:00+00:00,PU037,0.0,0.0,0.0
2026-09-01 23:00:00+00:00,PU038,0.0,0.0,0.0
2026-09-01 23:00:00+00:00,PU040,0.0,0.0,0.0
2026-09-01 23:00:00+00:00,PU026,0.0,0.0,0.0
2026-09-01 23:00:00+00:00,PU035,0.5352317705623372,0.5352317705623372,0.0701810785445153
2026-09-01 23:00:00+00:00,PU036,72.99871869628205,72.99871869628205,9.10920588572013
2026-09-01 23:00:00+00:00,PU028,261.45560693083974,261.45560693083974,27.08735141012825
2026-09-01 23:00:00+00:00,PU029,0.0,0.0,0.0
2026-09-01 23:00:00+00:00,PU032,37.68633343965861,37.68633343965861,4.045297373998086
2026-09-02 04:00:00+00:00,PU037,0.0,0.0,0.0
2026-09-02 04:00:00+00:00,PU026,0.0,0.0,0.0
2026-09-02 04:00:00+00:00,PU044,77.23404342736528,77.23404342736528,9.904742979648264
2026-09-02 04:00:00+00:00,PU023,12.691094025946027,12.691094025946027,1.7565844013434
2026-09-02 04:00:00+00:00,PU038,0.0,0.0,0.0
2026-09-02 04:00:00+00:00,PU039,0.0,0.0,0.0
2026-09-02 04:00:00+00:00,PU033,711.1115565307099,711.1115565307099,86.45284521492832
2026-09-02 04:00:00+00:00,PU041,0.0,0.0,0.0
2026-09-02 04:00:00+00:00,PU034,86.60173239689686,86.60173239689686,11.165798469511396
2026-09-02 04:00:00+00:00,PU040,0.0,0.0,0.0
2026-09-02 04:00:00+00:00,PU042,0.0,0.0,0.0
2026-09-02 04:00:00+00:00,PU036,115.48229978950968,115.48229978950968,15.248083923896711
2026-09-02 04:00:00+00:00,PU032,15.849694967270397,15.849694967270397,2.076905332254941
2026-09-02 04:00:00+00:00,PU031,0.0,0.0,0.0
2026-09-02 04:00:00+00:00,PU035,4.116934697480419,4.116934697480419,0.5211006949712337
2026-09-02 04:00:00+00:00,PU028,502.2898579123758,502.2898579123758,53.27048233352309
2026-09-02 04:00:00+00:00,PU030,0.0,0.0,0.0
2026-09-02 04:00:00+00:00,PU027,341.5692754355472,341.5692754355472,34.488422506860346
2026-09-02 04:00:00+00:00,PU024,157.2011789232454,157.2011789232454,20.04584617327164
2026-09-02 04:00:00+00:00,PU025,83.69453837887056,83.69453837887056,7.862655966340057
2026-09-02 04:00:00+00:00,PU043,52.84738201859169,52.84738201859169,6.8137269127035465
2026-09-02 04:00:00+00:00,PU029,0.0,0.0,0.0
2026-09-02 16:00:00+00:00,PU037,0.0,0.0,0.0
2026-09-02 16:00:00+00:00,PU024,156.1811654597754,156.1811654597754,20.68920186118215
2026-09-02 16:00:00+00:00,PU029,0.0,0.0,0.0
2026-09-02 16:00:00+00:00,PU043,0.0,0.0,0.0
2026-09-02 16:00:00+00:00,PU031,0.0,0.0,0.0
2026-09-02 16:00:00+00:00,PU023,10.762149953601014,10.762149953601014,1.4533968633164729
2026-09-02 16:00:00+00:00,PU027,218.2894078014035,218.2894078014035,24.54728919528469
2026-09-02 16:00:00+00:00,PU026,0.0,0.0,0.0
2026-09-02 16:00:00+00:00,PU030,1.74799821447853,1.74799821447853,0.2478352363536368
2026-09-02 16:00:00+00:00,PU032,60.09689078036927,60.09689078036927,7.335810292569647
2026-09-02 16:00:00+00:00,PU044,0.0,0.0,0.0
2026-09-02 16:00:00+00:00,PU040,0.0,0.0,0.0
2026-09-02 16:00:00+00:00,PU025,33.21499914984766,33.21499914984766,3.4820857063548205
2026-09-02 16:00:00+00:00,PU038,0.0,0.0,0.0
2026-09-02 16:00:00+00:00,PU042,0.0,0.0,0.0
2026-09-02 16:00:00+00:00,PU028,426.44538043078063,426.44538043078063,50.75389831037522
2026-09-02 16:00:00+00:00,PU039,0.0,0.0,0.0
2026-09-02 16:00:00+00:00,PU036,106.05613979405926,106.05613979405926,13.828001141131349
2026-09-02 16:00:00+00:00,PU041,0.0,0.0,0.0
2026-09-02 16:00:00+00:00,PU033,741.3456870553605,741.3456870553605,93.2205868900549
2026-09-02 16:00:00+00:00,PU034,71.83992406421608,71.83992406421608,9.641526054398222
2026-09-02 16:00:00+00:00,PU035,2.671205661749817,2.671205661749817,0.3781205007492669
2026-09-02 20:00:00+00:00,PU028,360.5574531796716,360.5574531796716,42.27350002731347
2026-09-02 20:00:00+00:00,PU035,4.225188119135632,4.225188119135632,0.5968115026134655
2026-09-02 20:00:00+00:00,PU033,623.3402355811407,623.3402355811407,73.76456902775689
2026-09-02 20:00:00+00:00,PU023,11.30888047644946,11.30888047644946,1.449345405768267
2026-09-02 20:00:00+00:00,PU044,108.07252476469118,108.07252476469118,14.8220960852934
2026-09-02 20:00:00+00:00,PU039,0.0,0.0,0.0
2026-09-02 20:00:00+00:00,PU026,0.0,0.0,0.0
2026-09-02 20:00:00+00:00,PU040,0.0,0.0,0.0
2026-09-02 20:00:00+00:00,PU034,33.73492892319184,33.73492892319184,4.545930790557269
2026-09-02 20:00:00+00:00,PU041,0.0,0.0,0.0
2026-09-02 20:00:00+00:00,PU031,12.789644042701523,12.789644042701523,1.7712129575366604
2026-09-02 20:00:00+00:00,PU025,49.7131603380922,49.7131603380922,6.3533689536262585
2026-09-02 20:00:00+00:00,PU027,373.84473205557214,373.84473205557214,42.13374864677069
2026-09-02 20:00:00+00:00,PU032,53.61599774669408,53.61599774669408,5.774117026256603
2026-09-02 20:00:00+00:00,PU037,0.0,0.0,0.0
2026-09-02 20:00:00+00:00,PU038,0.0,0.0,0.0
2026-09-02 20:00:00+00:00,PU036,70.18213741862212,70.18213741862212,8.98230236354426
2026-09-02 20:00:00+00:00,PU030,5.57980986989487,5.57980986989487,0.7625576169239741
2026-09-02 20:00:00+00:00,PU024,134.95828368958436,134.95828368958436,17.56168094253804
2026-09-02 20:00:00+00:00,PU043,0.0,0.0,0.0
2026-09-02 20:00:00+00:00,PU029,0.0,0.0,0.0
2026-09-02 20:00:00+00:00,PU042,0.0,0.0,0.0
2026-09-02 23:00:00+00:00,PU031,0.0,0.0,0.0
2026-09-02 23:00:00+00:00,PU040,0.0,0.0,0.0
2026-09-02 23:00:00+00:00,PU041,0.0,0.0,0.0
2026-09-02 23:00:00+00:00,PU036,214.24776218096764,214.24776218096764,23.57122255837114
2026-09-02 23:00:00+00:00,PU027,371.5780582874327,371.5780582874327,37.16658895295019
2026-09-02 23:00:00+00:00,PU034,34.96801239449389,34.96801239449389,4.628758101853878
2026-09-02 23:00:00+00:00,PU023,142.5565621178783,142.5565621178783,19.76440869999513
2026-09-02 23:00:00+00:00,PU033,151.3936097839253,151.3936097839253,18.81308695769396
2026-09-02 23:00:00+00:00,PU025,47.24477311306441,47.24477311306441,6.3998666059367695
2026-09-02 23:00:00+00:00,PU032,52.94773172044457,52.94773172044457,7.071131440984937
2026-09-02 23:00:00+00:00,PU042,0.0,0.0,0.0
2026-09-02 23:00:00+00:00,PU039,0.0,0.0,0.0
2026-09-02 23:00:00+00:00,PU026,0.715814847686155,0.715814847686155,0.0970410168688771
2026-09-02 23:00:00+00:00,PU029,0.0,0.0,0.0
2026-09-02 23:00:00+00:00,PU030,3.1307186233934683,3.1307186233934683,0.4105085342342622
2026-09-02 23:00:00+00:00,PU043,0.0,0.0,0.0
2026-09-02 23:00:00+00:00,PU028,359.5841581970796,359.5841581970796,38.01236107648519
2026-09-02 23:00:00+00:00,PU035,37.43391650703644,37.43391650703644,4.27102465640742
2026-09-02 23:00:00+00:00,PU038,0.0,0.0,0.0
2026-09-02 23:00:00+00:00,PU037,0.0,0.0,0.0
2026-09-02 23:00:00+00:00,PU024,107.60560635867856,107.60560635867856,12.556453683355922
2026-09-03 11:00:00+00:00,PU027,51.720157227264416,51.720157227264416,6.145158680549558
2026-09-03 11:00:00+00:00,PU042,0.0,0.0,0.0
2026-09-03 11:00:00+00:00,PU026,0.0,0.0,0.0
2026-09-03 11:00:00+00:00,PU038,0.0,0.0,0.0
2026-09-03 11:00:00+00:00,PU039,0.0,0.0,0.0
2026-09-03 11:00:00+00:00,PU028,298.3511153012505,298.3511153012505,29.46672667494896
2026-09-03 11:00:00+00:00,PU033,635.0315416389157,635.0315416389157,72.3155762230321
2026-09-03 11:00:00+00:00,PU036,1163.7225431041454,1163.7225431041454,123.55530636766396
2026-09-03 11:00:00+00:00,PU034,127.66957672671576,127.66957672671576,15.057136534126546
2026-09-03 11:00:00+00:00,PU040,0.0,0.0,0.0
2026-09-03 11:00:00+00:00,PU035,38.96039744986575,38.96039744986575,4.8869612125505535
2026-09-03 11:00:00+00:00,PU025,68.34851757688466,68.34851757688466,9.20562161267733
2026-09-03 11:00:00+00:00,PU032,15.62401976071429,15.62401976071429,1.7972735136591695
2026-09-03 11:00:00+00:00,PU030,0.0,0.0,0.0
2026-09-03 11:00:00+00:00,PU041,0.0,0.0,0.0
2026-09-03 11:00:00+00:00,PU024,14.930798861651358,14.930798861651358,1.875611203379893
2026-09-03 11:00:00+00:00,PU029,0.0,0.0,0.0
2026-09-03 11:00:00+00:00,PU043,0.0,0.0,0.0
2026-09-03 11:00:00+00:00,PU031,7.569887814778587,7.569887814778587,1.0574444652494146
2026-09-03 11:00:00+00:00,PU037,0.0,0.0,0.0
2026-09-03 11:00:00+00:00,PU044,80.79236350816456,80.79236350816456,11.261342697699984
2026-09-03 11:00:00+00:00,PU023,63.65052213718724,63.65052213718724,8.195796005697598
2026-09-03 16:00:00+00:00,PU035,28.83122286698375,28.83122286698375,3.275842161337452
2026-09-03 16:00:00+00:00,PU027,82.17630042873584,82.17630042873584,9.68560609465547
2026-09-03 16:00:00+00:00,PU026,0.0,0.0,0.0
2026-09-03 16:00:00+00:00,PU025,29.38143352671881,29.38143352671881,4.0944509139618415
2026-09-03 16:00:00+00:00,PU032,37.751466408271085,37.751466408271085,4.893279472789587
2026-09-03 16:00:00+00:00,PU028,325.8516686099806,325.8516686099806,30.570744833210085
2026-09-03 16:00:00+00:00,PU044,0.0,0.0,0.0
2026-09-03 16:00:00+00:00,PU031,1.589432572175251,1.589432572175251,0.224990927768702
2026-09-03 16:00:00+00:00,PU024,25.888409998213103,25.888409998213103,3.3844011362536754
2026-09-03 16:00:00+00:00,PU023,25.104830078325687,25.104830078325687,3.27530277839911
2026-09-03 16:00:00+00:00,PU037,0.0,0.0,0.0
2026-09-03 16:00:00+00:00,PU038,0.0,0.0,0.0
2026-09-03 16:00:00+00:00,PU036,763.9844643834006,763.9844643834006,81.80185703223681
2026-09-03 16:00:00+00:00,PU029,0.0,0.0,0.0
2026-09-03 16:00:00+00:00,PU039,0.0,0.0,0.0
2026-09-03 16:00:00+00:00,PU034,199.1027183299153,199.1027183299153,21.391428492097543
2026-09-03 16:00:00+00:00,PU030,0.0,0.0,0.0
2026-09-03 16:00:00+00:00,PU042,0.0,0.0,0.0
2026-09-03 16:00:00+00:00,PU041,0.0,0.0,0.0
2026-09-03 16:00:00+00:00,PU043,0.0,0.0,0.0
2026-09-03 16:00:00+00:00,PU040,0.0,0.0,0.0
2026-09-03 16:00:00+00:00,PU033,663.269080300352,663.269080300352,76.46934764823838
2026-09-03 20:00:00+00:00,PU028,199.96865774037963,199.96865774037963,20.955127355796805
2026-09-03 20:00:00+00:00,PU033,680.4040182255746,680.4040182255746,76.63232427061055
2026-09-03 20:00:00+00:00,PU035,12.757508514757331,12.757508514757331,1.7308270513368704
2026-09-03 20:00:00+00:00,PU029,0.0,0.0,0.0
2026-09-03 20:00:00+00:00,PU040,0.0,0.0,0.0
2026-09-03 20:00:00+00:00,PU034,174.49967702228403,174.49967702228403,19.21050924233494
2026-09-03 20:00:00+00:00,PU044,0.0,0.0,0.0
2026-09-03 20:00:00+00:00,PU041,0.0,0.0,0.0
2026-09-03 20:00:00+00:00,PU036,1162.6016191700462,1162.6016191700462,122.22188473695384
2026-09-03 20:00:00+00:00,PU042,0.0,0.0,0.0
2026-09-03 20:00:00+00:00,PU038,0.0,0.0,0.0
2026-09-03 20:00:00+00:00,PU037,0.0,0.0,0.0
2026-09-03 20:00:00+00:00,PU024,82.03084959438706,82.03084959438706,10.23011021450914
2026-09-03 20:00:00+00:00,PU030,0.0,0.0,0.0
2026-09-03 20:00:00+00:00,PU027,87.20241161585129,87.20241161585129,9.56199470718507
2026-09-03 20:00:00+00:00,PU032,66.30094387804488,66.30094387804488,8.423981694222514
2026-09-03 20:00:00+00:00,PU025,12.051968031933804,12.051968031933804,1.6523967782285385
2026-09-03 20:00:00+00:00,PU039,0.0,0.0,0.0
2026-09-03 20:00:00+00:00,PU026,0.0,0.0,0.0
2026-09-03 20:00:00+00:00,PU031,0.0,0.0,0.0
2026-09-03 20:00:00+00:00,PU023,18.32031411307949,18.32031411307949,2.394694479974221
2026-09-03 20:00:00+00:00,PU043,0.0,0.0,0.0
2026-09-03 23:00:00+00:00,PU025,5.369524931253216,5.369524931253216,0.7352238533046849
2026-09-03 23:00:00+00:00,PU043,0.0,0.0,0.0
2026-09-03 23:00:00+00:00,PU029,0.0,0.0,0.0
2026-09-03 23:00:00+00:00,PU024,83.62949207513184,83.62949207513184,10.705510512258703
2026-09-03 23:00:00+00:00,PU035,3.753801439720745,3.753801439720745,0.4613820715581702
2026-09-03 23:00:00+00:00,PU044,0.0,0.0,0.0
2026-09-03 23:00:00+00:00,PU026,0.0,0.0,0.0
2026-09-03 23:00:00+00:00,PU028,155.73041648011082,155.73041648011082,16.024613313632546
2026-09-03 23:00:00+00:00,PU038,0.0,0.0,0.0
2026-09-03 23:00:00+00:00,PU032,61.67648475733027,61.67648475733027,6.897072668769278
2026-09-03 23:00:00+00:00,PU042,0.0,0.0,0.0
2026-09-03 23:00:00+00:00,PU027,48.15866557888623,48.15866557888623,6.274562921803826
2026-09-03 23:00:00+00:00,PU041,0.0,0.0,0.0
2026-09-03 23:00:00+00:00,PU040,0.0,0.0,0.0
2026-09-03 23:00:00+00:00,PU039,0.0,0.0,0.0
2026-09-03 23:00:00+00:00,PU031,0.0,0.0,0.0
2026-09-03 23:00:00+00:00,PU036,1040.5405058082051,1040.5405058082051,107.08806574099836
2026-09-03 23:00:00+00:00,PU023,0.0,0.0,0.0
2026-09-03 23:00:00+00:00,PU030,2.5732053576977765,2.5732053576977765,0.3488853632150731
2026-09-03 23:00:00+00:00,PU033,757.8762059966035,757.8762059966035,86.61798573780217
2026-09-03 23:00:00+00:00,PU034,123.05029210677664,123.05029210677664,13.245873559174324
2026-09-03 23:00:00+00:00,PU037,0.0,0.0,0.0
2026-09-04 04:00:00+00:00,PU030,0.0,0.0,0.0
2026-09-04 04:00:00+00:00,PU026,0.0,0.0,0.0
2026-09-04 04:00:00+00:00,PU024,0.607536523393741,0.607536523393741,0.0799643060605804
2026-09-04 04:00:00+00:00,PU034,53.26444846007103,53.26444846007103,6.4611293272029
2026-09-04 04:00:00+00:00,PU037,0.0,0.0,0.0
2026-09-04 04:00:00+00:00,PU038,0.0,0.0,0.0
2026-09-04 04:00:00+00:00,PU027,30.77699953719287,30.77699953719287,3.343219006984425
2026-09-04 04:00:00+00:00,PU042,0.0,0.0,0.0
2026-09-04 04:00:00+00:00,PU023,0.0,0.0,0.0
2026-09-04 04:00:00+00:00,PU028,136.28619172293656,136.28619172293656,17.498662865944823
2026-09-04 04:00:00+00:00,PU040,0.0,0.0,0.0
2026-09-04 04:00:00+00:00,PU033,91.70261096148296,91.70261096148296,8.434074715727235
2026-09-04 04:00:00+00:00,PU039,0.0,0.0,0.0
2026-09-04 04:00:00+00:00,PU035,80.55946860362093,80.55946860362093,9.713349410745682
2026-09-04 04:00:00+00:00,PU036,411.020850675974,411.020850675974,45.390575944999966
2026-09-04 04:00:00+00:00,PU044,0.0,0.0,0.0
2026-09-04 04:00:00+00:00,PU025,1.9456319484215168,1.9456319484215168,0.246780291712153
2026-09-04 04:00:00+00:00,PU029,0.0,0.0,0.0
2026-09-04 04:00:00+00:00,PU031,0.0,0.0,0.0
2026-09-04 04:00:00+00:00,PU032,22.554338191612327,22.554338191612327,2.9798877179991097
2026-09-04 04:00:00+00:00,PU043,0.0,0.0,0.0
2026-09-04 04:00:00+00:00,PU041,0.0,0.0,0.0
2026-09-04 16:00:00+00:00,PU044,0.0,0.0,0.0
2026-09-04 16:00:00+00:00,PU023,0.0,0.0,0.0
2026-09-04 16:00:00+00:00,PU026,0.0,0.0,0.0
2026-09-04 16:00:00+00:00,PU032,3.82195540633533,3.82195540633533,0.537424358721038
2026-09-04 16:00:00+00:00,PU025,5.89190735047801,5.89190735047801,0.7576880722458055
2026-09-04 16:00:00+00:00,PU031,0.0,0.0,0.0
2026-09-04 16:00:00+00:00,PU043,0.0,0.0,0.0
2026-09-04 16:00:00+00:00,PU024,13.953249610294025,13.953249610294025,1.774071551252946
2026-09-04 16:00:00+00:00,PU027,60.86090994863367,60.86090994863367,8.20490286629947
2026-09-04 16:00:00+00:00,PU030,0.0,0.0,0.0
2026-09-04 16:00:00+00:00,PU041,0.0,0.0,0.0
2026-09-04 16:00:00+00:00,PU034,113.42506390898984,113.42506390898984,12.486337622314414
2026-09-04 16:00:00+00:00,PU029,0.0,0.0,0.0
2026-09-04 16:00:00+00:00,PU028,153.66540925406258,153.66540925406258,17.67491380780163
2026-09-04 16:00:00+00:00,PU035,22.737778747019785,22.737778747019785,2.684440816769521
2026-09-04 16:00:00+00:00,PU036,290.5027563988248,290.5027563988248,33.560541575776305
2026-09-04 16:00:00+00:00,PU042,0.0,0.0,0.0
2026-09-04 16:00:00+00:00,PU040,0.0,0.0,0.0
2026-09-04 16:00:00+00:00,PU038,0.0,0.0,0.0
2026-09-04 16:00:00+00:00,PU037,0.0,0.0,0.0
2026-09-04 16:00:00+00:00,PU039,0.0,0.0,0.0
2026-09-04 16:00:00+00:00,PU033,81.07469840566748,81.07469840566748,8.543016453450438
2026-09-04 20:00:00+00:00,PU034,93.32391948286735,93.32391948286735,9.801323498824088
2026-09-04 20:00:00+00:00,PU042,0.0,0.0,0.0
2026-09-04 20:00:00+00:00,PU035,26.614675750875204,26.614675750875204,3.3981471035901896
2026-09-04 20:00:00+00:00,PU025,2.48434937388082,2.48434937388082,0.3216170695109336
2026-09-04 20:00:00+00:00,PU024,23.7887941188838,23.7887941188838,3.3122058190966444
2026-09-04 20:00:00+00:00,PU039,0.0,0.0,0.0
2026-09-04 20:00:00+00:00,PU038,0.0,0.0,0.0
2026-09-04 20:00:00+00:00,PU037,0.0,0.0,0.0
2026-09-04 20:00:00+00:00,PU028,85.37942239481569,85.37942239481569,9.52353472563065
2026-09-04 20:00:00+00:00,PU041,0.0,0.0,0.0
2026-09-04 20:00:00+00:00,PU033,32.11550756552366,32.11550756552366,3.258482980474968
2026-09-04 20:00:00+00:00,PU027,62.7904357601431,62.7904357601431,8.216138888867354
2026-09-04 20:00:00+00:00,PU040,0.0,0.0,0.0
2026-09-04 20:00:00+00:00,PU023,0.0,0.0,0.0
2026-09-04 20:00:00+00:00,PU030,0.0193470397525892,0.0193470397525892,0.0026892211757551
2026-09-04 20:00:00+00:00,PU031,0.0,0.0,0.0
2026-09-04 20:00:00+00:00,PU043,0.0,0.0,0.0
2026-09-04 20:00:00+00:00,PU036,442.3145258207164,442.3145258207164,52.29032402492895
2026-09-04 20:00:00+00:00,PU044,0.0,0.0,0.0
2026-09-04 20:00:00+00:00,PU032,12.79423177604845,12.79423177604845,1.7710230175580448
2026-09-04 20:00:00+00:00,PU026,0.0,0.0,0.0
2026-09-04 20:00:00+00:00,PU029,0.0,0.0,0.0
2026-09-05 15:00:00+00:00,PU030,0.0,0.0,0.0
2026-09-05 15:00:00+00:00,PU042,0.0,0.0,0.0
2026-09-05 15:00:00+00:00,PU040,0.0,0.0,0.0
2026-09-05 15:00:00+00:00,PU027,368.66189102418366,368.66189102418366,43.64105438227549
2026-09-05 15:00:00+00:00,PU032,7.030185361816176,7.030185361816176,0.987737575901263
2026-09-05 15:00:00+00:00,PU031,0.0,0.0,0.0
2026-09-05 15:00:00+00:00,PU026,0.0,0.0,0.0
2026-09-05 15:00:00+00:00,PU025,99.07551389199732,99.07551389199732,10.74658424914667
2026-09-05 15:00:00+00:00,PU043,0.0,0.0,0.0
2026-09-05 15:00:00+00:00,PU024,159.88449880062825,159.88449880062825,19.54602730410062
2026-09-05 15:00:00+00:00,PU023,134.55387136774485,134.55387136774485,18.76168680045801
2026-09-05 15:00:00+00:00,PU033,160.29149587910487,160.29149587910487,18.704440137608707
2026-09-05 15:00:00+00:00,PU038,0.0,0.0,0.0
2026-09-05 15:00:00+00:00,PU035,0.0,0.0,0.0
2026-09-05 15:00:00+00:00,PU041,0.0,0.0,0.0
2026-09-05 15:00:00+00:00,PU039,0.0,0.0,0.0
2026-09-05 15:00:00+00:00,PU044,0.0,0.0,0.0
2026-09-05 15:00:00+00:00,PU034,59.73976357592874,59.73976357592874,7.982681732122972
2026-09-05 15:00:00+00:00,PU037,0.0,0.0,0.0
2026-09-05 15:00:00+00:00,PU028,167.38464323999443,167.38464323999443,17.304966560385072
2026-09-05 15:00:00+00:00,PU029,0.0,0.0,0.0
2026-09-05 15:00:00+00:00,PU036,618.6542138641454,618.6542138641454,81.14327519698237
2026-09-05 17:00:00+00:00,PU041,0.0,0.0,0.0
2026-09-05 17:00:00+00:00,PU036,639.3694375568081,639.3694375568081,82.99720322755675
2026-09-05 17:00:00+00:00,PU033,130.70706489313528,130.70706489313528,15.014556498678155
2026-09-05 17:00:00+00:00,PU042,0.0,0.0,0.0
2026-09-05 17:00:00+00:00,PU038,0.0,0.0,0.0
2026-09-05 17:00:00+00:00,PU028,252.49633594749017,252.49633594749017,28.479952118317776
2026-09-05 17:00:00+00:00,PU040,0.0,0.0,0.0
2026-09-05 17:00:00+00:00,PU025,64.23875000522453,64.23875000522453,6.566776284234903
2026-09-05 17:00:00+00:00,PU034,47.555392157415966,47.555392157415966,5.805256817372358
2026-09-05 17:00:00+00:00,PU037,0.0,0.0,0.0
2026-09-05 17:00:00+00:00,PU035,1.918074015899008,1.918074015899008,0.2696546404911249
2026-09-05 17:00:00+00:00,PU029,0.0,0.0,0.0
2026-09-05 17:00:00+00:00,PU044,0.0,0.0,0.0
2026-09-05 17:00:00+00:00,PU027,318.61506728988724,318.61506728988724,33.033988054826715
2026-09-05 17:00:00+00:00,PU043,0.0,0.0,0.0
2026-09-05 17:00:00+00:00,PU039,0.0,0.0,0.0
2026-09-05 17:00:00+00:00,PU024,170.6356899306592,170.6356899306592,21.148384110616284
2026-09-05 17:00:00+00:00,PU023,107.94971248069092,107.94971248069092,15.17330960259971
2026-09-05 17:00:00+00:00,PU030,0.0,0.0,0.0
2026-09-05 17:00:00+00:00,PU026,0.0,0.0,0.0
2026-09-05 17:00:00+00:00,PU031,0.0,0.0,0.0
2026-09-05 17:00:00+00:00,PU032,10.897651237144409,10.897651237144409,1.5201531050226635
2026-09-05 20:00:00+00:00,PU023,96.65599423434556,96.65599423434556,13.6057751379073
2026-09-05 20:00:00+00:00,PU038,0.0,0.0,0.0
2026-09-05 20:00:00+00:00,PU027,375.3528998027714,375.3528998027714,43.329015820617535
2026-09-05 20:00:00+00:00,PU025,150.96507897957423,150.96507897957423,17.99106585144724
2026-09-05 20:00:00+00:00,PU030,0.0,0.0,0.0
2026-09-05 20:00:00+00:00,PU039,0.0,0.0,0.0
2026-09-05 20:00:00+00:00,PU044,0.0,0.0,0.0
2026-09-05 20:00:00+00:00,PU034,43.40275604342359,43.40275604342359,5.176669427395666
2026-09-05 20:00:00+00:00,PU032,4.634424965743165,4.634424965743165,0.654622140397082
2026-09-05 20:00:00+00:00,PU031,0.0,0.0,0.0
2026-09-05 20:00:00+00:00,PU026,0.0,0.0,0.0
2026-09-05 20:00:00+00:00,PU029,0.0,0.0,0.0
2026-09-05 20:00:00+00:00,PU035,1.1040562758529742,1.1040562758529742,0.145051517166423
2026-09-05 20:00:00+00:00,PU043,0.0,0.0,0.0
2026-09-05 20:00:00+00:00,PU036,303.4042987682567,303.4042987682567,36.16937662700841
2026-09-05 20:00:00+00:00,PU037,0.0,0.0,0.0
2026-09-05 20:00:00+00:00,PU033,122.44363881311628,122.44363881311628,15.595581770495489
2026-09-05 20:00:00+00:00,PU028,241.1867954394767,241.1867954394767,24.49680988070632
2026-09-05 20:00:00+00:00,PU040,0.0,0.0,0.0
2026-09-05 20:00:00+00:00,PU024,174.32741720061173,174.32741720061173,22.256340783748094
2026-09-05 20:00:00+00:00,PU041,0.0,0.0,0.0
2026-09-05 20:00:00+00:00,PU042,0.0,0.0,0.0
2026-09-05 22:00:00+00:00,PU033,103.97870069460636,103.97870069460636,11.834226603367018
2026-09-05 22:00:00+00:00,PU035,1.5419680343425843,1.5419680343425843,0.2092467600689549
2026-09-05 22:00:00+00:00,PU034,43.34461911670445,43.34461911670445,5.299395600654031
2026-09-05 22:00:00+00:00,PU044,0.0,0.0,0.0
2026-09-05 22:00:00+00:00,PU028,185.86038387254337,185.86038387254337,19.715429142377577
2026-09-05 22:00:00+00:00,PU025,134.09821134705797,134.09821134705797,16.222456397548587
2026-09-05 22:00:00+00:00,PU041,0.0,0.0,0.0
2026-09-05 22:00:00+00:00,PU032,1.0295231954981607,1.0295231954981607,0.1338736698459184
2026-09-05 22:00:00+00:00,PU037,0.0,0.0,0.0
2026-09-05 22:00:00+00:00,PU038,0.0,0.0,0.0
2026-09-05 22:00:00+00:00,PU039,0.0,0.0,0.0
2026-09-05 22:00:00+00:00,PU027,399.14364238043976,399.14364238043976,44.76505921497478
2026-09-05 22:00:00+00:00,PU043,0.0,0.0,0.0
2026-09-05 22:00:00+00:00,PU026,0.0,0.0,0.0
2026-09-05 22:00:00+00:00,PU030,0.0,0.0,0.0
2026-09-05 22:00:00+00:00,PU036,80.72189686183519,80.72189686183519,9.562156727787931
2026-09-05 22:00:00+00:00,PU023,65.86098606551882,65.86098606551882,9.265768495491631
2026-09-05 22:00:00+00:00,PU042,0.0,0.0,0.0
2026-09-05 22:00:00+00:00,PU029,0.0,0.0,0.0
2026-09-05 22:00:00+00:00,PU040,0.0,0.0,0.0
2026-09-05 22:00:00+00:00,PU031,0.0,0.0,0.0
2026-09-05 22:00:00+00:00,PU024,193.67451427071728,193.67451427071728,24.34135349797184
2026-09-06 04:00:00+00:00,PU032,48.110787132455776,48.110787132455776,6.144751905600268
2026-09-06 04:00:00+00:00,PU043,0.0,0.0,0.0
2026-09-06 04:00:00+00:00,PU024,228.47965496408017,228.47965496408017,29.247361804738272
2026-09-06 04:00:00+00:00,PU026,0.0,0.0,0.0
2026-09-06 04:00:00+00:00,PU027,230.8911615538081,230.8911615538081,27.33155163297904
2026-09-06 04:00:00+00:00,PU029,0.0,0.0,0.0
2026-09-06 04:00:00+00:00,PU036,519.5821293838411,519.5821293838411,54.16965218502478
2026-09-06 04:00:00+00:00,PU030,0.0,0.0,0.0
2026-09-06 04:00:00+00:00,PU031,0.0,0.0,0.0
2026-09-06 04:00:00+00:00,PU023,52.504436771091775,52.504436771091775,7.402908430337272
2026-09-06 04:00:00+00:00,PU042,0.0,0.0,0.0
2026-09-06 04:00:00+00:00,PU040,0.0,0.0,0.0
2026-09-06 04:00:00+00:00,PU041,0.0,0.0,0.0
2026-09-06 04:00:00+00:00,PU034,109.59413234116424,109.59413234116424,12.91426520424309
2026-09-06 04:00:00+00:00,PU039,0.0,0.0,0.0
2026-09-06 04:00:00+00:00,PU025,135.7014762466579,135.7014762466579,16.58513318566786
2026-09-06 04:00:00+00:00,PU044,0.0,0.0,0.0
2026-09-06 04:00:00+00:00,PU033,438.9238205238176,438.9238205238176,49.40283467314261
2026-09-06 04:00:00+00:00,PU038,0.0,0.0,0.0
2026-09-06 04:00:00+00:00,PU028,272.4680982381961,272.4680982381961,29.75791220608236
2026-09-06 04:00:00+00:00,PU037,0.0,0.0,0.0
2026-09-06 04:00:00+00:00,PU035,2.661839104456892,2.661839104456892,0.3402242747737535
2026-09-06 10:00:00+00:00,PU037,0.0,0.0,0.0
2026-09-06 10:00:00+00:00,PU041,0.0,0.0,0.0
2026-09-06 10:00:00+00:00,PU027,321.1638681960912,321.1638681960912,37.84965717704375
2026-09-06 10:00:00+00:00,PU035,7.273914106075815,7.273914106075815,0.8618193726958312
2026-09-06 10:00:00+00:00,PU030,0.0,0.0,0.0
2026-09-06 10:00:00+00:00,PU036,526.9538359696885,526.9538359696885,54.7643189622028
2026-09-06 10:00:00+00:00,PU043,0.0,0.0,0.0
2026-09-06 10:00:00+00:00,PU034,11.998331889962946,11.998331889962946,1.6252933357949415
2026-09-06 10:00:00+00:00,PU033,608.4118863380955,608.4118863380955,65.74229050916422
2026-09-06 10:00:00+00:00,PU039,0.0,0.0,0.0
2026-09-06 10:00:00+00:00,PU040,0.0,0.0,0.0
2026-09-06 10:00:00+00:00,PU024,119.4453141146426,119.4453141146426,16.493782078503436
2026-09-06 10:00:00+00:00,PU023,101.7298361643131,101.7298361643131,14.345669658088218
2026-09-06 10:00:00+00:00,PU028,291.9942430378291,291.9942430378291,32.53581011693664
2026-09-06 10:00:00+00:00,PU032,31.381316689019947,31.381316689019947,4.252661349087905
2026-09-06 10:00:00+00:00,PU031,0.0,0.0,0.0
2026-09-06 10:00:00+00:00,PU044,0.0,0.0,0.0
2026-09-06 10:00:00+00:00,PU042,0.0,0.0,0.0
2026-09-06 10:00:00+00:00,PU029,0.0,0.0,0.0
2026-09-06 10:00:00+00:00,PU026,0.0,0.0,0.0
2026-09-06 10:00:00+00:00,PU038,0.0,0.0,0.0
2026-09-06 10:00:00+00:00,PU025,148.6789853406331,148.6789853406331,17.97200846605657
2026-09-06 15:00:00+00:00,PU026,0.0,0.0,0.0
2026-09-06 15:00:00+00:00,PU044,0.0,0.0,0.0
2026-09-06 15:00:00+00:00,PU034,163.4867442195862,163.4867442195862,19.07976420796816
2026-09-06 15:00:00+00:00,PU024,224.47328496888787,224.47328496888787,26.62496211343688
2026-09-06 15:00:00+00:00,PU040,0.0,0.0,0.0
2026-09-06 15:00:00+00:00,PU027,305.5777707569003,305.5777707569003,35.43592889991016
2026-09-06 15:00:00+00:00,PU043,0.0,0.0,0.0
2026-09-06 15:00:00+00:00,PU029,0.0,0.0,0.0
2026-09-06 15:00:00+00:00,PU023,205.5260147645513,205.5260147645513,27.88201650531829
2026-09-06 15:00:00+00:00,PU031,0.0,0.0,0.0
2026-09-06 15:00:00+00:00,PU025,79.8827969331081,79.8827969331081,8.541714863824513
2026-09-06 15:00:00+00:00,PU036,317.8568888913648,317.8568888913648,35.201593548028725
2026-09-06 15:00:00+00:00,PU030,0.0,0.0,0.0
2026-09-06 15:00:00+00:00,PU028,281.2353868532397,281.2353868532397,30.13777189900829
2026-09-06 15:00:00+00:00,PU033,322.2220730390479,322.2220730390479,39.13843619472139
2026-09-06 15:00:00+00:00,PU041,0.0,0.0,0.0
2026-09-06 15:00:00+00:00,PU042,0.0,0.0,0.0
2026-09-06 15:00:00+00:00,PU035,0.0,0.0,0.0
2026-09-06 15:00:00+00:00,PU037,0.0,0.0,0.0
2026-09-06 15:00:00+00:00,PU032,48.47086818493336,48.47086818493336,6.129224210916489
2026-09-06 15:00:00+00:00,PU038,0.0,0.0,0.0
2026-09-06 15:00:00+00:00,PU039,0.0,0.0,0.0
2026-09-06 20:00:00+00:00,PU027,305.3769082620783,305.3769082620783,37.52533976305744
2026-09-06 20:00:00+00:00,PU033,312.70831663391454,312.70831663391454,38.50519623672106
2026-09-06 20:00:00+00:00,PU035,2.6328902577459923,2.6328902577459923,0.3629365727096384
2026-09-06 20:00:00+00:00,PU028,212.52299253519507,212.52299253519507,22.59401468019969
2026-09-06 20:00:00+00:00,PU036,239.1154938961131,239.1154938961131,27.889588831219747
2026-09-06 20:00:00+00:00,PU042,0.0,0.0,0.0
2026-09-06 20:00:00+00:00,PU040,0.0,0.0,0.0
2026-09-06 20:00:00+00:00,PU039,0.0,0.0,0.0
2026-09-06 20:00:00+00:00,PU037,0.0,0.0,0.0
2026-09-06 20:00:00+00:00,PU034,95.13285028195264,95.13285028195264,11.09792190263099
2026-09-06 20:00:00+00:00,PU038,0.0,0.0,0.0
2026-09-06 20:00:00+00:00,PU025,86.91266866545297,86.91266866545297,10.039568206274964
2026-09-06 20:00:00+00:00,PU024,227.72915069037563,227.72915069037563,27.314356197007424
2026-09-06 20:00:00+00:00,PU023,126.46257211088005,126.46257211088005,16.769101198318644
2026-09-06 20:00:00+00:00,PU026,0.0,0.0,0.0
2026-09-06 20:00:00+00:00,PU032,15.288204347046117,15.288204347046117,1.7706901440289653
2026-09-06 20:00:00+00:00,PU043,0.0,0.0,0.0
2026-09-06 20:00:00+00:00,PU030,0.0,0.0,0.0
2026-09-06 20:00:00+00:00,PU029,0.0,0.0,0.0
2026-09-06 20:00:00+00:00,PU044,0.0,0.0,0.0
2026-09-06 20:00:00+00:00,PU031,0.0,0.0,0.0
2026-09-06 20:00:00+00:00,PU041,0.0,0.0,0.0
2026-09-06 22:00:00+00:00,PU030,0.0,0.0,0.0
2026-09-06 22:00:00+00:00,PU023,81.01655256616542,81.01655256616542,11.076627569791338
2026-09-06 22:00:00+00:00,PU031,0.0,0.0,0.0
2026-09-06 22:00:00+00:00,PU040,0.0,0.0,0.0
2026-09-06 22:00:00+00:00,PU029,0.0,0.0,0.0
2026-09-06 22:00:00+00:00,PU027,312.9832779005987,312.9832779005987,38.12770391187228
2026-09-06 22:00:00+00:00,PU026,0.0,0.0,0.0
2026-09-06 22:00:00+00:00,PU044,0.0,0.0,0.0
2026-09-06 22:00:00+00:00,PU043,0.0,0.0,0.0
2026-09-06 22:00:00+00:00,PU036,321.156539913869,321.156539913869,30.926608184279484
2026-09-06 22:00:00+00:00,PU025,132.77565587084462,132.77565587084462,16.140957513491294
2026-09-06 22:00:00+00:00,PU032,26.58820638356029,26.58820638356029,3.1104302378271096
2026-09-06 22:00:00+00:00,PU034,98.94077238253136,98.94077238253136,12.252777755417188
2026-09-06 22:00:00+00:00,PU028,236.91767092785005,236.91767092785005,23.60807610785874
2026-09-06 22:00:00+00:00,PU042,0.0,0.0,0.0
2026-09-06 22:00:00+00:00,PU037,0.0,0.0,0.0
2026-09-06 22:00:00+00:00,PU039,0.0,0.0,0.0
2026-09-06 22:00:00+00:00,PU033,326.6460714355852,326.6460714355852,39.83860161243992
2026-09-06 22:00:00+00:00,PU038,0.0,0.0,0.0
2026-09-06 22:00:00+00:00,PU035,4.17509162813794,4.17509162813794,0.567943195092742
2026-09-06 22:00:00+00:00,PU024,184.6926231316231,184.6926231316231,23.42284437876956
2026-09-06 22:00:00+00:00,PU041,0.0,0.0,0.0
2026-09-07 04:00:00+00:00,PU028,389.6830555661222,389.6830555661222,39.69405841842018
2026-09-07 04:00:00+00:00,PU039,0.0,0.0,0.0
2026-09-07 04:00:00+00:00,PU040,0.0,0.0,0.0
2026-09-07 04:00:00+00:00,PU038,0.0,0.0,0.0
2026-09-07 04:00:00+00:00,PU042,0.0,0.0,0.0
2026-09-07 04:00:00+00:00,PU041,0.0,0.0,0.0
2026-09-07 04:00:00+00:00,PU023,53.26291187873532,53.26291187873532,4.733292006537319
2026-09-07 04:00:00+00:00,PU037,0.0,0.0,0.0
2026-09-07 04:00:00+00:00,PU036,342.67160849596377,342.67160849596377,34.85750197921571
2026-09-07 04:00:00+00:00,PU033,176.4428410164027,176.4428410164027,20.81384173420259
2026-09-07 04:00:00+00:00,PU035,0.5992807734781457,0.5992807734781457,0.0779272548345057
2026-09-07 04:00:00+00:00,PU043,0.0,0.0,0.0
2026-09-07 04:00:00+00:00,PU044,0.0,0.0,0.0
2026-09-07 04:00:00+00:00,PU027,541.9869909542784,541.9869909542784,55.35500946049892
2026-09-07 04:00:00+00:00,PU032,2.6883019544979287,2.6883019544979287,0.3524976299926493
2026-09-07 04:00:00+00:00,PU030,0.0,0.0,0.0
2026-09-07 04:00:00+00:00,PU029,0.0,0.0,0.0
2026-09-07 04:00:00+00:00,PU026,0.0,0.0,0.0
2026-09-07 04:00:00+00:00,PU024,152.71905979156023,152.71905979156023,18.820790498247
2026-09-07 04:00:00+00:00,PU025,85.17769532584929,85.17769532584929,9.828694414444904
2026-09-07 04:00:00+00:00,PU034,82.76453121970253,82.76453121970253,10.38687293400709
2026-09-07 04:00:00+00:00,PU031,0.0,0.0,0.0
2026-09-07 12:00:00+00:00,PU043,0.0,0.0,0.0
2026-09-07 12:00:00+00:00,PU030,0.0,0.0,0.0
2026-09-07 12:00:00+00:00,PU027,518.7344738763773,518.7344738763773,54.337416460486224
2026-09-07 12:00:00+00:00,PU026,0.0,0.0,0.0
2026-09-07 12:00:00+00:00,PU025,135.63598878204957,135.63598878204957,14.336947134612824
2026-09-07 12:00:00+00:00,PU031,1.8496550785175128,1.8496550785175128,0.2583396003786219
2026-09-07 12:00:00+00:00,PU044,0.0,0.0,0.0
2026-09-07 12:00:00+00:00,PU029,0.0,0.0,0.0
2026-09-07 12:00:00+00:00,PU032,14.100320486409784,14.100320486409784,1.9267032623907745
2026-09-07 12:00:00+00:00,PU024,305.1048028234404,305.1048028234404,32.13718740323152
2026-09-07 12:00:00+00:00,PU023,62.888623281583,62.888623281583,8.185000665393087
2026-09-07 12:00:00+00:00,PU040,0.0,0.0,0.0
2026-09-07 12:00:00+00:00,PU036,540.6343272379484,540.6343272379484,63.65503452410087
2026-09-07 12:00:00+00:00,PU038,0.0,0.0,0.0
2026-09-07 12:00:00+00:00,PU042,0.0,0.0,0.0
2026-09-07 12:00:00+00:00,PU035,42.15469959422697,42.15469959422697,5.766245804178924
2026-09-07 12:00:00+00:00,PU041,0.0,0.0,0.0
2026-09-07 12:00:00+00:00,PU037,0.0,0.0,0.0
2026-09-07 12:00:00+00:00,PU028,514.4794200766702,514.4794200766702,52.86106920284335
2026-09-07 12:00:00+00:00,PU033,266.81778055394125,266.81778055394125,35.371659893166104
2026-09-07 12:00:00+00:00,PU039,0.0,0.0,0.0
2026-09-07 12:00:00+00:00,PU034,58.47199553196492,58.47199553196492,6.241238242980129
2026-09-07 19:00:00+00:00,PU034,1.602421299476754,1.602421299476754,0.213645182307173
2026-09-07 19:00:00+00:00,PU040,0.0,0.0,0.0
2026-09-07 19:00:00+00:00,PU038,0.0,0.0,0.0
2026-09-07 19:00:00+00:00,PU033,338.14751630175186,338.14751630175186,44.65896064476405
2026-09-07 19:00:00+00:00,PU039,0.0,0.0,0.0
2026-09-07 19:00:00+00:00,PU028,356.6650284742228,356.6650284742228,36.99136004482172
2026-09-07 19:00:00+00:00,PU037,0.0,0.0,0.0
2026-09-07 19:00:00+00:00,PU041,0.0,0.0,0.0
2026-09-07 19:00:00+00:00,PU042,0.0,0.0,0.0
2026-09-07 19:00:00+00:00,PU035,2.3398729081366554,2.3398729081366554,0.281647630504502
2026-09-07 19:00:00+00:00,PU036,544.1545862537878,544.1545862537878,64.89545894787587
2026-09-07 19:00:00+00:00,PU044,0.0,0.0,0.0
2026-09-07 19:00:00+00:00,PU025,165.3077623835865,165.3077623835865,19.59352740831691
2026-09-07 19:00:00+00:00,PU031,0.0,0.0,0.0
2026-09-07 19:00:00+00:00,PU043,0.0,0.0,0.0
2026-09-07 19:00:00+00:00,PU030,0.0,0.0,0.0
2026-09-07 19:00:00+00:00,PU023,34.99950191728961,34.99950191728961,4.088499907353717
2026-09-07 19:00:00+00:00,PU024,148.96237617645053,148.96237617645053,16.6160777645159
2026-09-07 19:00:00+00:00,PU027,446.03642491800383,446.03642491800383,47.67846302251311
2026-09-07 19:00:00+00:00,PU032,33.42745022129554,33.42745022129554,4.5703223738513525
2026-09-07 19:00:00+00:00,PU029,0.0,0.0,0.0
2026-09-07 19:00:00+00:00,PU026,0.0,0.0,0.0
2026-09-07 23:00:00+00:00,PU027,583.5023348018644,583.5023348018644,59.25094680002746
2026-09-07 23:00:00+00:00,PU044,0.0,0.0,0.0
2026-09-07 23:00:00+00:00,PU032,32.54569333649438,32.54569333649438,4.158277707208499
2026-09-07 23:00:00+00:00,PU026,0.0,0.0,0.0
2026-09-07 23:00:00+00:00,PU031,0.0,0.0,0.0
2026-09-07 23:00:00+00:00,PU023,127.16875583814785,127.16875583814785,13.472178855716104
2026-09-07 23:00:00+00:00,PU030,0.6923437742151404,0.6923437742151404,0.0938591090836533
2026-09-07 23:00:00+00:00,PU024,222.3984513398977,222.3984513398977,20.91648128763712
2026-09-07 23:00:00+00:00,PU043,0.0,0.0,0.0
2026-09-07 23:00:00+00:00,PU025,110.17222837145516,110.17222837145516,11.582296042828087
2026-09-07 23:00:00+00:00,PU029,0.0,0.0,0.0
2026-09-07 23:00:00+00:00,PU036,486.89550865859167,486.89550865859167,53.0408119320403
2026-09-07 23:00:00+00:00,PU039,0.0,0.0,0.0
2026-09-07 23:00:00+00:00,PU035,20.54375029612137,20.54375029612137,2.712666681552477
2026-09-07 23:00:00+00:00,PU028,329.9637267170351,329.9637267170351,34.47442463466645
2026-09-07 23:00:00+00:00,PU038,0.0,0.0,0.0
2026-09-07 23:00:00+00:00,PU042,0.0,0.0,0.0
2026-09-07 23:00:00+00:00,PU041,0.0,0.0,0.0
2026-09-07 23:00:00+00:00,PU040,0.0,0.0,0.0
2026-09-07 23:00:00+00:00,PU034,21.827999192734268,21.827999192734268,2.4763413692958607
2026-09-07 23:00:00+00:00,PU037,0.0,0.0,0.0
2026-09-07 23:00:00+00:00,PU033,398.6914627120877,398.6914627120877,47.94129071246267
2026-09-08 04:00:00+00:00,PU038,0.0,0.0,0.0
2026-09-08 04:00:00+00:00,PU041,0.0,0.0,0.0
2026-09-08 04:00:00+00:00,PU028,296.49032895809023,296.49032895809023,28.146206882397905
2026-09-08 04:00:00+00:00,PU039,0.0,0.0,0.0
2026-09-08 04:00:00+00:00,PU034,45.08416774688519,45.08416774688519,5.804337801658335
2026-09-08 04:00:00+00:00,PU042,0.0,0.0,0.0
2026-09-08 04:00:00+00:00,PU040,0.0,0.0,0.0
2026-09-08 04:00:00+00:00,PU033,473.0703323856963,473.0703323856963,58.040175880762646
2026-09-08 04:00:00+00:00,PU036,474.8645195097437,474.8645195097437,53.608687541256494
2026-09-08 04:00:00+00:00,PU035,16.14530969923116,16.14530969923116,2.077558298267022
2026-09-08 04:00:00+00:00,PU029,0.0,0.0,0.0
2026-09-08 04:00:00+00:00,PU027,667.1372962051462,667.1372962051462,69.16508486732269
2026-09-08 04:00:00+00:00,PU026,0.0,0.0,0.0
2026-09-08 04:00:00+00:00,PU044,0.0,0.0,0.0
2026-09-08 04:00:00+00:00,PU025,102.53153923659768,102.53153923659768,11.189855859092408
2026-09-08 04:00:00+00:00,PU023,151.7040765149917,151.7040765149917,14.707515837954832
2026-09-08 04:00:00+00:00,PU037,0.0,0.0,0.0
2026-09-08 04:00:00+00:00,PU043,0.0,0.0,0.0
2026-09-08 04:00:00+00:00,PU031,0.0,0.0,0.0
2026-09-08 04:00:00+00:00,PU030,0.0,0.0,0.0
2026-09-08 04:00:00+00:00,PU024,236.2676651029373,236.2676651029373,21.367434235589656
2026-09-08 04:00:00+00:00,PU032,2.1007743516025914,2.1007743516025914,0.2827833356083153
2026-09-08 11:00:00+00:00,PU033,335.5677834152945,335.5677834152945,41.96319656739233
2026-09-08 11:00:00+00:00,PU043,0.0,0.0,0.0
2026-09-08 11:00:00+00:00,PU029,0.0,0.0,0.0
2026-09-08 11:00:00+00:00,PU042,0.0,0.0,0.0
2026-09-08 11:00:00+00:00,PU032,27.853065579759107,27.853065579759107,3.926612427022312
2026-09-08 11:00:00+00:00,PU024,193.47505494287088,193.47505494287088,18.31587990928137
2026-09-08 11:00:00+00:00,PU026,0.0,0.0,0.0
2026-09-08 11:00:00+00:00,PU030,0.0,0.0,0.0
2026-09-08 11:00:00+00:00,PU023,248.1350214621041,248.1350214621041,27.80867242259427
2026-09-08 11:00:00+00:00,PU044,6.769217000537535,6.769217000537535,0.9245136020727924
2026-09-08 11:00:00+00:00,PU034,75.28428432918174,75.28428432918174,10.086029841909014
2026-09-08 11:00:00+00:00,PU031,0.0,0.0,0.0
2026-09-08 11:00:00+00:00,PU035,9.707606680676824,9.707606680676824,1.3349276546572857
2026-09-08 11:00:00+00:00,PU027,567.0819282645396,567.0819282645396,62.15008745075547
2026-09-08 11:00:00+00:00,PU028,374.1070437584901,374.1070437584901,36.52068983743738
2026-09-08 11:00:00+00:00,PU041,0.0,0.0,0.0
2026-09-08 11:00:00+00:00,PU036,423.0581954131248,423.0581954131248,46.75945470895624
2026-09-08 11:00:00+00:00,PU038,0.0,0.0,0.0
2026-09-08 11:00:00+00:00,PU040,0.0,0.0,0.0
2026-09-08 11:00:00+00:00,PU039,0.0,0.0,0.0
2026-09-08 11:00:00+00:00,PU025,82.35482258888355,82.35482258888355,8.958817976230183
2026-09-08 11:00:00+00:00,PU037,0.0,0.0,0.0
2026-09-08 16:00:00+00:00,PU030,0.0,0.0,0.0
2026-09-08 16:00:00+00:00,PU036,455.97051435654777,455.97051435654777,52.83860288208634
2026-09-08 16:00:00+00:00,PU041,0.0,0.0,0.0
2026-09-08 16:00:00+00:00,PU035,20.84544087857538,20.84544087857538,2.725142109351409
2026-09-08 16:00:00+00:00,PU037,0.0,0.0,0.0
2026-09-08 16:00:00+00:00,PU040,0.0,0.0,0.0
2026-09-08 16:00:00+00:00,PU028,288.9306867469549,288.9306867469549,29.81265290024096
2026-09-08 16:00:00+00:00,PU034,112.27983779412568,112.27983779412568,13.725716842089486
2026-09-08 16:00:00+00:00,PU039,0.0,0.0,0.0
2026-09-08 16:00:00+00:00,PU038,0.0,0.0,0.0
2026-09-08 16:00:00+00:00,PU033,289.11248888276293,289.11248888276293,37.4400548708086
2026-09-08 16:00:00+00:00,PU031,0.0,0.0,0.0
2026-09-08 16:00:00+00:00,PU024,156.3440553758921,156.3440553758921,16.652286264792284
2026-09-08 16:00:00+00:00,PU042,0.0,0.0,0.0
2026-09-08 16:00:00+00:00,PU032,74.42904667297083,74.42904667297083,9.7661657296977
2026-09-08 16:00:00+00:00,PU023,246.50424242050173,246.50424242050173,28.90670417981272
2026-09-08 16:00:00+00:00,PU043,0.0,0.0,0.0
2026-09-08 16:00:00+00:00,PU026,0.0,0.0,0.0
2026-09-08 16:00:00+00:00,PU029,0.0,0.0,0.0
2026-09-08 16:00:00+00:00,PU044,0.0,0.0,0.0
2026-09-08 16:00:00+00:00,PU025,106.35790979802992,106.35790979802992,11.660072539062591
2026-09-08 16:00:00+00:00,PU027,581.1810253735488,581.1810253735488,57.20714698274014
2026-09-08 21:00:00+00:00,PU027,388.8415862983047,388.8415862983047,42.87834521905312
2026-09-08 21:00:00+00:00,PU032,29.8884518546506,29.8884518546506,3.997300692828572
2026-09-08 21:00:00+00:00,PU044,0.0,0.0,0.0
2026-09-08 21:00:00+00:00,PU029,0.0,0.0,0.0
2026-09-08 21:00:00+00:00,PU023,145.39981589189165,145.39981589189165,14.885491007411114
2026-09-08 21:00:00+00:00,PU028,351.62521762051625,351.62521762051625,36.56917809264586
2026-09-08 21:00:00+00:00,PU043,0.0,0.0,0.0
2026-09-08 21:00:00+00:00,PU025,93.9908724418588,93.9908724418588,9.602684309587904
2026-09-08 21:00:00+00:00,PU026,0.0,0.0,0.0
2026-09-08 21:00:00+00:00,PU030,0.0,0.0,0.0
2026-09-08 21:00:00+00:00,PU024,241.5731381778028,241.5731381778028,23.135861356394827
2026-09-08 21:00:00+00:00,PU039,0.0,0.0,0.0
2026-09-08 21:00:00+00:00,PU042,0.0,0.0,0.0
2026-09-08 21:00:00+00:00,PU041,0.0,0.0,0.0
2026-09-08 21:00:00+00:00,PU037,0.0,0.0,0.0
2026-09-08 21:00:00+00:00,PU038,0.0,0.0,0.0
2026-09-08 21:00:00+00:00,PU036,375.6218048011715,375.6218048011715,43.518029491540815
2026-09-08 21:00:00+00:00,PU040,0.0,0.0,0.0
2026-09-08 21:00:00+00:00,PU035,42.00773326811221,42.00773326811221,5.387403507863543
2026-09-08 21:00:00+00:00,PU034,91.1790609166307,91.1790609166307,10.471412244476262
2026-09-08 21:00:00+00:00,PU033,330.52380865456576,330.52380865456576,42.28306787904761
2026-09-08 21:00:00+00:00,PU031,0.0,0.0,0.0
2026-09-08 23:00:00+00:00,PU043,0.0,0.0,0.0
2026-09-08 23:00:00+00:00,PU035,9.769664119417264,9.769664119417264,1.2992687740898587
2026-09-08 23:00:00+00:00,PU039,0.0,0.0,0.0
2026-09-08 23:00:00+00:00,PU037,0.0,0.0,0.0
2026-09-08 23:00:00+00:00,PU040,0.0,0.0,0.0
2026-09-08 23:00:00+00:00,PU038,0.0,0.0,0.0
2026-09-08 23:00:00+00:00,PU033,98.54277063822008,98.54277063822008,12.08711713342025
2026-09-08 23:00:00+00:00,PU034,23.579106315545364,23.579106315545364,2.9970590087559525
2026-09-08 23:00:00+00:00,PU029,0.0,0.0,0.0
2026-09-08 23:00:00+00:00,PU041,0.0,0.0,0.0
2026-09-08 23:00:00+00:00,PU023,92.63376916695968,92.63376916695968,8.568478752364566
2026-09-08 23:00:00+00:00,PU025,92.95280457635606,92.95280457635606,11.007257179072123
2026-09-08 23:00:00+00:00,PU024,230.71195482443497,230.71195482443497,29.34992047786203
2026-09-08 23:00:00+00:00,PU028,198.6513214197528,198.6513214197528,21.29894328563523
2026-09-08 23:00:00+00:00,PU031,0.0,0.0,0.0
2026-09-08 23:00:00+00:00,PU036,312.80319118650584,312.80319118650584,38.74544945818138
2026-09-08 23:00:00+00:00,PU032,0.0,0.0,0.0
2026-09-08 23:00:00+00:00,PU026,0.0,0.0,0.0
2026-09-08 23:00:00+00:00,PU030,0.0,0.0,0.0
2026-09-08 23:00:00+00:00,PU044,0.0,0.0,0.0
2026-09-08 23:00:00+00:00,PU042,0.0,0.0,0.0
2026-09-08 23:00:00+00:00,PU027,361.6134205970913,361.6134205970913,39.85437206852557
2026-09-09 04:00:00+00:00,PU044,0.0,0.0,0.0
2026-09-09 04:00:00+00:00,PU031,0.0,0.0,0.0
2026-09-09 04:00:00+00:00,PU024,413.04772902382825,413.04772902382825,40.21124206664575
2026-09-09 04:00:00+00:00,PU023,171.00706918469322,171.00706918469322,16.18730018024441
2026-09-09 04:00:00+00:00,PU032,17.247201406967534,17.247201406967534,2.082572287440642
2026-09-09 04:00:00+00:00,PU026,0.0,0.0,0.0
2026-09-09 04:00:00+00:00,PU027,159.68253007073238,159.68253007073238,16.952066400474955
2026-09-09 04:00:00+00:00,PU025,142.39613185126257,142.39613185126257,16.208714429340386
2026-09-09 04:00:00+00:00,PU043,0.0,0.0,0.0
2026-09-09 04:00:00+00:00,PU034,132.5805823295239,132.5805823295239,15.898530958248111
2026-09-09 04:00:00+00:00,PU030,1.3913264893159023,1.3913264893159023,0.1793771221003517
2026-09-09 04:00:00+00:00,PU036,113.6824522891356,113.6824522891356,13.90203198209951
2026-09-09 04:00:00+00:00,PU037,0.0,0.0,0.0
2026-09-09 04:00:00+00:00,PU039,0.0,0.0,0.0
2026-09-09 04:00:00+00:00,PU029,0.0,0.0,0.0
2026-09-09 04:00:00+00:00,PU035,19.77836627922185,19.77836627922185,2.523994163118757
2026-09-09 04:00:00+00:00,PU028,432.7726690174968,432.7726690174968,47.71806654870076
2026-09-09 04:00:00+00:00,PU033,59.42637617636412,59.42637617636412,6.942256023220949
2026-09-09 04:00:00+00:00,PU040,0.0,0.0,0.0
2026-09-09 04:00:00+00:00,PU041,0.0,0.0,0.0
2026-09-09 04:00:00+00:00,PU038,0.0,0.0,0.0
2026-09-09 04:00:00+00:00,PU042,0.0,0.0,0.0
2026-09-09 11:00:00+00:00,PU029,0.0,0.0,0.0
2026-09-09 11:00:00+00:00,PU028,368.59165066970417,368.59165066970417,42.27968838928256
2026-09-09 11:00:00+00:00,PU037,0.0,0.0,0.0
2026-09-09 11:00:00+00:00,PU040,0.0,0.0,0.0
2026-09-09 11:00:00+00:00,PU039,0.0,0.0,0.0
2026-09-09 11:00:00+00:00,PU038,0.0,0.0,0.0
2026-09-09 11:00:00+00:00,PU044,0.0,0.0,0.0
2026-09-09 11:00:00+00:00,PU035,6.699771244327043,6.699771244327043,0.917144347336691
2026-09-09 11:00:00+00:00,PU041,0.0,0.0,0.0
2026-09-09 11:00:00+00:00,PU033,86.89685527431982,86.89685527431982,10.160689432818629
2026-09-09 11:00:00+00:00,PU036,250.40823659140915,250.40823659140915,32.01178540515094
2026-09-09 11:00:00+00:00,PU024,402.4278286083696,402.4278286083696,41.86699296387241
2026-09-09 11:00:00+00:00,PU026,0.0,0.0,0.0
2026-09-09 11:00:00+00:00,PU034,142.81125945313886,142.81125945313886,17.833846794478756
2026-09-09 11:00:00+00:00,PU032,7.857095241655813,7.857095241655813,1.0805055660169751
2026-09-09 11:00:00+00:00,PU043,0.0,0.0,0.0
2026-09-09 11:00:00+00:00,PU042,0.0,0.0,0.0
2026-09-09 11:00:00+00:00,PU023,164.3321968171903,164.3321968171903,18.748706340875053
2026-09-09 11:00:00+00:00,PU030,0.0,0.0,0.0
2026-09-09 11:00:00+00:00,PU031,0.0,0.0,0.0
2026-09-09 11:00:00+00:00,PU025,88.57764640990032,88.57764640990032,9.773848146052464
2026-09-09 11:00:00+00:00,PU027,290.1117541337174,290.1117541337174,33.66452387205317
2026-09-09 16:00:00+00:00,PU031,0.0,0.0,0.0
2026-09-09 16:00:00+00:00,PU027,332.89118309050343,332.89118309050343,31.498602727820185
2026-09-09 16:00:00+00:00,PU032,32.929453378423844,32.929453378423844,4.245986777411172
2026-09-09 16:00:00+00:00,PU030,25.084889667994947,25.084889667994947,3.308120514126955
2026-09-09 16:00:00+00:00,PU044,0.0,0.0,0.0
2026-09-09 16:00:00+00:00,PU043,0.0,0.0,0.0
2026-09-09 16:00:00+00:00,PU023,1173.7552046042006,1173.7552046042006,123.34087997499478
2026-09-09 16:00:00+00:00,PU025,100.9380095043168,100.9380095043168,12.543566331872196
2026-09-09 16:00:00+00:00,PU028,422.30467788165583,422.30467788165583,43.46969774421357
2026-09-09 16:00:00+00:00,PU033,419.75409842581377,419.75409842581377,51.08235496985898
2026-09-09 16:00:00+00:00,PU042,0.0,0.0,0.0
2026-09-09 16:00:00+00:00,PU024,256.3250105030052,256.3250105030052,28.77954586794336
2026-09-09 16:00:00+00:00,PU038,0.0,0.0,0.0
2026-09-09 16:00:00+00:00,PU034,112.74090238018354,112.74090238018354,12.861188587843335
2026-09-09 16:00:00+00:00,PU040,0.0,0.0,0.0
2026-09-09 16:00:00+00:00,PU041,0.0,0.0,0.0
2026-09-09 16:00:00+00:00,PU039,0.0,0.0,0.0
2026-09-09 16:00:00+00:00,PU036,212.62054609958776,212.62054609958776,25.041313367978866
2026-09-09 16:00:00+00:00,PU037,0.0,0.0,0.0
2026-09-09 16:00:00+00:00,PU035,10.741693825334597,10.741693825334597,1.511435241557757
2026-09-09 16:00:00+00:00,PU029,0.0,0.0,0.0
2026-09-09 16:00:00+00:00,PU026,0.0,0.0,0.0
2026-09-09 20:00:00+00:00,PU034,111.22383607857618,111.22383607857618,12.583139071915198
2026-09-09 20:00:00+00:00,PU028,353.64221438300785,353.64221438300785,37.24655532029602
2026-09-09 20:00:00+00:00,PU038,0.0,0.0,0.0
2026-09-09 20:00:00+00:00,PU036,226.173052467175,226.173052467175,26.40689077868551
2026-09-09 20:00:00+00:00,PU042,0.0,0.0,0.0
2026-09-09 20:00:00+00:00,PU040,0.0,0.0,0.0
2026-09-09 20:00:00+00:00,PU037,0.0,0.0,0.0
2026-09-09 20:00:00+00:00,PU033,217.1627722336609,217.1627722336609,24.62236877846912
2026-09-09 20:00:00+00:00,PU041,0.0,0.0,0.0
2026-09-09 20:00:00+00:00,PU027,306.3878838627297,306.3878838627297,30.21864850965853
2026-09-09 20:00:00+00:00,PU039,0.0,0.0,0.0
2026-09-09 20:00:00+00:00,PU035,1.732760497499436,1.732760497499436,0.2378261830928306
2026-09-09 20:00:00+00:00,PU023,847.9153182566259,847.9153182566259,91.01302732262616
2026-09-09 20:00:00+00:00,PU029,0.0,0.0,0.0
2026-09-09 20:00:00+00:00,PU030,1.6618627645266697,1.6618627645266697,0.2317907318124668
2026-09-09 20:00:00+00:00,PU025,93.84285718944508,93.84285718944508,10.827897812614074
2026-09-09 20:00:00+00:00,PU026,0.0,0.0,0.0
2026-09-09 20:00:00+00:00,PU031,10.526958255019723,10.526958255019723,1.4408309094860503
2026-09-09 20:00:00+00:00,PU044,0.0,0.0,0.0
2026-09-09 20:00:00+00:00,PU024,468.7496419318928,468.7496419318928,48.217953275142825
2026-09-09 20:00:00+00:00,PU032,28.034134271891567,28.034134271891567,3.326634406965108
2026-09-09 20:00:00+00:00,PU043,0.0,0.0,0.0
2026-09-09 23:00:00+00:00,PU026,0.0,0.0,0.0
2026-09-09 23:00:00+00:00,PU032,17.16457303225449,17.16457303225449,2.2967142115960684
2026-09-09 23:00:00+00:00,PU031,0.0,0.0,0.0
2026-09-09 23:00:00+00:00,PU044,0.0,0.0,0.0
2026-09-09 23:00:00+00:00,PU025,76.58180628572484,76.58180628572484,7.858030921414735
2026-09-09 23:00:00+00:00,PU027,445.1506771777773,445.1506771777773,52.93143127047026
2026-09-09 23:00:00+00:00,PU024,136.43409168462696,136.43409168462696,15.752914493827944
2026-09-09 23:00:00+00:00,PU023,731.0215970488443,731.0215970488443,64.98815475916227
2026-09-09 23:00:00+00:00,PU043,0.0,0.0,0.0
2026-09-09 23:00:00+00:00,PU029,0.0,0.0,0.0
2026-09-09 23:00:00+00:00,PU030,0.0072110957328901,0.0072110957328901,0.0009614299703772
2026-09-09 23:00:00+00:00,PU034,4.202841373406876,4.202841373406876,0.5526354230992764
2026-09-09 23:00:00+00:00,PU039,0.0,0.0,0.0
2026-09-09 23:00:00+00:00,PU035,5.189439915940966,5.189439915940966,0.6947795442507867
2026-09-09 23:00:00+00:00,PU037,0.0,0.0,0.0
2026-09-09 23:00:00+00:00,PU040,0.0,0.0,0.0
2026-09-09 23:00:00+00:00,PU036,178.44229100466418,178.44229100466418,20.205716934065773
2026-09-09 23:00:00+00:00,PU042,0.0,0.0,0.0
2026-09-09 23:00:00+00:00,PU033,48.60618066267634,48.60618066267634,5.708763517086614
2026-09-09 23:00:00+00:00,PU041,0.0,0.0,0.0
2026-09-09 23:00:00+00:00,PU028,478.9811232697024,478.9811232697024,49.81612150381101
2026-09-09 23:00:00+00:00,PU038,0.0,0.0,0.0
2026-09-10 04:00:00+00:00,PU041,0.0,0.0,0.0
2026-09-10 04:00:00+00:00,PU042,0.0,0.0,0.0
2026-09-10 04:00:00+00:00,PU034,12.34948639368823,12.34948639368823,1.6257978984425048
2026-09-10 04:00:00+00:00,PU035,0.0,0.0,0.0
2026-09-10 04:00:00+00:00,PU025,139.81466666792542,139.81466666792542,17.28288249774235
2026-09-10 04:00:00+00:00,PU038,0.0,0.0,0.0
2026-09-10 04:00:00+00:00,PU036,299.25140548367546,299.25140548367546,31.771288279001304
2026-09-10 04:00:00+00:00,PU033,137.1424976555897,137.1424976555897,17.665717496513835
2026-09-10 04:00:00+00:00,PU040,0.0,0.0,0.0
2026-09-10 04:00:00+00:00,PU039,0.0,0.0,0.0
2026-09-10 04:00:00+00:00,PU028,346.8639285988519,346.8639285988519,35.23404506325103
2026-09-10 04:00:00+00:00,PU043,0.0,0.0,0.0
2026-09-10 04:00:00+00:00,PU027,631.1923597745046,631.1923597745046,69.58242601919957
2026-09-10 04:00:00+00:00,PU030,0.0,0.0,0.0
2026-09-10 04:00:00+00:00,PU026,0.0,0.0,0.0
2026-09-10 04:00:00+00:00,PU037,0.0,0.0,0.0
2026-09-10 04:00:00+00:00,PU024,176.78338753543358,176.78338753543358,19.90426837034504
2026-09-10 04:00:00+00:00,PU029,0.0,0.0,0.0
2026-09-10 04:00:00+00:00,PU031,0.0,0.0,0.0
2026-09-10 04:00:00+00:00,PU023,186.98259677139075,186.98259677139075,19.442303032031703
2026-09-10 04:00:00+00:00,PU032,28.44661352584533,28.44661352584533,3.1558196818208204
2026-09-10 04:00:00+00:00,PU044,0.0,0.0,0.0
2026-09-10 11:00:00+00:00,PU027,596.2024324282241,596.2024324282241,63.25821958212693
2026-09-10 11:00:00+00:00,PU023,162.354687110458,162.354687110458,16.6223774801803
2026-09-10 11:00:00+00:00,PU031,0.0,0.0,0.0
2026-09-10 11:00:00+00:00,PU030,0.0,0.0,0.0
2026-09-10 11:00:00+00:00,PU024,272.3276914525181,272.3276914525181,33.71207770427228
2026-09-10 11:00:00+00:00,PU044,0.0,0.0,0.0
2026-09-10 11:00:00+00:00,PU043,0.0,0.0,0.0
2026-09-10 11:00:00+00:00,PU025,168.18613909789374,168.18613909789374,20.149945349232105
2026-09-10 11:00:00+00:00,PU032,14.968942740713034,14.968942740713034,2.0263439963136016
2026-09-10 11:00:00+00:00,PU029,0.0,0.0,0.0
2026-09-10 11:00:00+00:00,PU026,0.0,0.0,0.0
2026-09-10 11:00:00+00:00,PU038,0.0,0.0,0.0
2026-09-10 11:00:00+00:00,PU028,427.1691130773282,427.1691130773282,43.661237967648006
2026-09-10 11:00:00+00:00,PU035,0.0,0.0,0.0
2026-09-10 11:00:00+00:00,PU039,0.0,0.0,0.0
2026-09-10 11:00:00+00:00,PU040,0.0,0.0,0.0
2026-09-10 11:00:00+00:00,PU034,0.4644281920027182,0.4644281920027182,0.0657059982324161
2026-09-10 11:00:00+00:00,PU042,0.0,0.0,0.0
2026-09-10 11:00:00+00:00,PU036,251.4188470887269,251.4188470887269,25.74267287941312
2026-09-10 11:00:00+00:00,PU041,0.0,0.0,0.0
2026-09-10 11:00:00+00:00,PU037,0.0,0.0,0.0
2026-09-10 11:00:00+00:00,PU033,128.5638775123943,128.5638775123943,17.650187461017104
2026-09-10 16:00:00+00:00,PU037,0.0,0.0,0.0
2026-09-10 16:00:00+00:00,PU038,0.0,0.0,0.0
2026-09-10 16:00:00+00:00,PU028,517.3259829415746,517.3259829415746,53.62680760518022
2026-09-10 16:00:00+00:00,PU034,17.414252007800638,17.414252007800638,2.4404534545243792
2026-09-10 16:00:00+00:00,PU029,0.0,0.0,0.0
2026-09-10 16:00:00+00:00,PU041,0.0,0.0,0.0
2026-09-10 16:00:00+00:00,PU039,0.0,0.0,0.0
2026-09-10 16:00:00+00:00,PU035,22.575732047531904,22.575732047531904,3.195560560731488
2026-09-10 16:00:00+00:00,PU040,0.0,0.0,0.0
2026-09-10 16:00:00+00:00,PU042,0.0,0.0,0.0
2026-09-10 16:00:00+00:00,PU033,267.5142342159783,267.5142342159783,29.955555579610984
2026-09-10 16:00:00+00:00,PU043,0.0,0.0,0.0
2026-09-10 16:00:00+00:00,PU024,123.65971399053586,123.65971399053586,15.060802435795903
2026-09-10 16:00:00+00:00,PU023,243.618083104204,243.618083104204,24.329794142922232
2026-09-10 16:00:00+00:00,PU030,0.0,0.0,0.0
2026-09-10 16:00:00+00:00,PU025,215.6235893050616,215.6235893050616,25.042968024590373
2026-09-10 16:00:00+00:00,PU036,144.71001932634482,144.71001932634482,13.51479348505302
2026-09-10 16:00:00+00:00,PU027,457.6528003466846,457.6528003466846,45.61616336030578
2026-09-10 16:00:00+00:00,PU032,1.0801258285683224,1.0801258285683224,0.1522939773774597
2026-09-10 16:00:00+00:00,PU044,0.0,0.0,0.0
2026-09-10 16:00:00+00:00,PU031,0.0,0.0,0.0
2026-09-10 16:00:00+00:00,PU026,14.39454915522066,14.39454915522066,2.034047742241968
2026-09-10 20:00:00+00:00,PU023,86.56848877732374,86.56848877732374,9.996105735134815
2026-09-10 20:00:00+00:00,PU035,16.12076042493282,16.12076042493282,2.226801298418932
2026-09-10 20:00:00+00:00,PU031,2.9942771315556853,2.9942771315556853,0.4142479588295716
2026-09-10 20:00:00+00:00,PU044,0.0,0.0,0.0
2026-09-10 20:00:00+00:00,PU029,0.0,0.0,0.0
2026-09-10 20:00:00+00:00,PU041,0.0,0.0,0.0
2026-09-10 20:00:00+00:00,PU027,508.16051479502136,508.16051479502136,56.32627892479311
2026-09-10 20:00:00+00:00,PU026,0.0,0.0,0.0
2026-09-10 20:00:00+00:00,PU030,1.6060142433209634,1.6060142433209634,0.2195447971990813
2026-09-10 20:00:00+00:00,PU043,0.0,0.0,0.0
2026-09-10 20:00:00+00:00,PU039,0.0,0.0,0.0
2026-09-10 20:00:00+00:00,PU028,265.8303696905531,265.8303696905531,25.38843967624503
2026-09-10 20:00:00+00:00,PU034,99.53767518693728,99.53767518693728,13.755930299313158
2026-09-10 20:00:00+00:00,PU040,0.0,0.0,0.0
2026-09-10 20:00:00+00:00,PU038,0.0,0.0,0.0
2026-09-10 20:00:00+00:00,PU036,185.2017417081425,185.2017417081425,22.284298688237083
2026-09-10 20:00:00+00:00,PU024,86.19898463607434,86.19898463607434,9.769166102554376
2026-09-10 20:00:00+00:00,PU037,0.0,0.0,0.0
2026-09-10 20:00:00+00:00,PU025,222.95405436598816,222.95405436598816,26.877186063096183
2026-09-10 20:00:00+00:00,PU042,0.0,0.0,0.0
2026-09-10 20:00:00+00:00,PU033,99.0764262504716,99.0764262504716,11.89796963646187
2026-09-10 20:00:00+00:00,PU032,17.968774078059145,17.968774078059145,2.4304855303226915
2026-09-10 23:00:00+00:00,PU034,59.43972682086168,59.43972682086168,8.076178772550467
2026-09-10 23:00:00+00:00,PU037,0.0,0.0,0.0
2026-09-10 23:00:00+00:00,PU039,0.0,0.0,0.0
2026-09-10 23:00:00+00:00,PU033,95.67859765492148,95.67859765492148,11.229606097028732
2026-09-10 23:00:00+00:00,PU030,0.0,0.0,0.0
2026-09-10 23:00:00+00:00,PU035,18.651667207374643,18.651667207374643,2.5129062727649503
2026-09-10 23:00:00+00:00,PU036,296.5857841151408,296.5857841151408,32.29144411239684
2026-09-10 23:00:00+00:00,PU023,100.60314410929682,100.60314410929682,9.23710435682574
2026-09-10 23:00:00+00:00,PU040,0.0,0.0,0.0
2026-09-10 23:00:00+00:00,PU028,275.104514510153,275.104514510153,26.30402256045747
2026-09-10 23:00:00+00:00,PU027,624.9409879613175,624.9409879613175,72.0602821150986
2026-09-10 23:00:00+00:00,PU044,0.0,0.0,0.0
2026-09-10 23:00:00+00:00,PU042,0.0,0.0,0.0
2026-09-10 23:00:00+00:00,PU031,0.0,0.0,0.0
2026-09-10 23:00:00+00:00,PU043,0.0,0.0,0.0
2026-09-10 23:00:00+00:00,PU026,0.0,0.0,0.0
2026-09-10 23:00:00+00:00,PU025,172.08549801970096,172.08549801970096,20.82502831134841
2026-09-10 23:00:00+00:00,PU032,26.492436438082706,26.492436438082706,3.561521951534599
2026-09-10 23:00:00+00:00,PU024,74.4519230208826,74.4519230208826,7.93890518104798
2026-09-10 23:00:00+00:00,PU038,0.0,0.0,0.0
2026-09-10 23:00:00+00:00,PU041,0.0,0.0,0.0
2026-09-10 23:00:00+00:00,PU029,0.0,0.0,0.0
2026-09-11 04:00:00+00:00,PU043,0.0,0.0,0.0
2026-09-11 04:00:00+00:00,PU040,0.0,0.0,0.0
2026-09-11 04:00:00+00:00,PU023,172.63554615246528,172.63554615246528,16.17553832874478
2026-09-11 04:00:00+00:00,PU026,0.0,0.0,0.0
2026-09-11 04:00:00+00:00,PU030,0.0,0.0,0.0
2026-09-11 04:00:00+00:00,PU025,149.7063965722025,149.7063965722025,18.334685274125786
2026-09-11 04:00:00+00:00,PU029,0.0,0.0,0.0
2026-09-11 04:00:00+00:00,PU032,0.0,0.0,0.0
2026-09-11 04:00:00+00:00,PU031,0.0,0.0,0.0
2026-09-11 04:00:00+00:00,PU024,62.706823089342215,62.706823089342215,7.400662416108849
2026-09-11 04:00:00+00:00,PU044,14.627892783786049,14.627892783786049,1.9169958360330448
2026-09-11 04:00:00+00:00,PU033,23.531814980377984,23.531814980377984,3.20053888508782
2026-09-11 04:00:00+00:00,PU027,590.3519795186816,590.3519795186816,64.15335916681947
2026-09-11 04:00:00+00:00,PU034,25.712805515806256,25.712805515806256,3.344481496766781
2026-09-11 04:00:00+00:00,PU042,0.0,0.0,0.0
2026-09-11 04:00:00+00:00,PU037,0.0,0.0,0.0
2026-09-11 04:00:00+00:00,PU035,0.0,0.0,0.0
2026-09-11 04:00:00+00:00,PU039,0.0,0.0,0.0
2026-09-11 04:00:00+00:00,PU041,0.0,0.0,0.0
2026-09-11 04:00:00+00:00,PU038,0.0,0.0,0.0
2026-09-11 04:00:00+00:00,PU036,210.6477157378893,210.6477157378893,26.61437489547072
2026-09-11 04:00:00+00:00,PU028,192.15904524037083,192.15904524037083,18.67220518504749
2026-09-11 11:00:00+00:00,PU034,61.498303653580045,61.498303653580045,8.543362727084203
2026-09-11 11:00:00+00:00,PU040,0.0,0.0,0.0
2026-09-11 11:00:00+00:00,PU038,0.0,0.0,0.0
2026-09-11 11:00:00+00:00,PU037,0.0,0.0,0.0
2026-09-11 11:00:00+00:00,PU033,8.092835211209021,8.092835211209021,1.1412039178061228
2026-09-11 11:00:00+00:00,PU036,236.0565727263996,236.0565727263996,29.954450175496504
2026-09-11 11:00:00+00:00,PU042,0.0,0.0,0.0
2026-09-11 11:00:00+00:00,PU023,111.76845289103083,111.76845289103083,10.94971986182014
2026-09-11 11:00:00+00:00,PU032,0.0,0.0,0.0
2026-09-11 11:00:00+00:00,PU041,0.0,0.0,0.0
2026-09-11 11:00:00+00:00,PU028,450.53830074377936,450.53830074377936,46.56290044062941
2026-09-11 11:00:00+00:00,PU031,0.0,0.0,0.0
2026-09-11 11:00:00+00:00,PU035,0.0,0.0,0.0
2026-09-11 11:00:00+00:00,PU024,76.274795880613,76.274795880613,9.566640958580948
2026-09-11 11:00:00+00:00,PU030,0.0,0.0,0.0
2026-09-11 11:00:00+00:00,PU039,0.0,0.0,0.0
2026-09-11 11:00:00+00:00,PU025,176.43259707585537,176.43259707585537,19.396634985541407
2026-09-11 11:00:00+00:00,PU027,749.2288166829239,749.2288166829239,80.73760172020698
2026-09-11 11:00:00+00:00,PU026,0.0,0.0,0.0
2026-09-11 11:00:00+00:00,PU044,6.255021587767334,6.255021587767334,0.8096272423140171
2026-09-11 11:00:00+00:00,PU043,0.0,0.0,0.0
2026-09-11 11:00:00+00:00,PU029,0.0,0.0,0.0
2026-09-11 16:00:00+00:00,PU031,0.0,0.0,0.0
2026-09-11 16:00:00+00:00,PU027,557.6624729406873,557.6624729406873,62.24395686959368
2026-09-11 16:00:00+00:00,PU042,0.0,0.0,0.0
2026-09-11 16:00:00+00:00,PU044,26.70179292448572,26.70179292448572,3.772206837526845
2026-09-11 16:00:00+00:00,PU030,0.0,0.0,0.0
2026-09-11 16:00:00+00:00,PU032,0.0,0.0,0.0
2026-09-11 16:00:00+00:00,PU024,74.62612241577898,74.62612241577898,9.499945841324774
2026-09-11 16:00:00+00:00,PU034,116.30965539144908,116.30965539144908,15.729362964107718
2026-09-11 16:00:00+00:00,PU029,0.0,0.0,0.0
2026-09-11 16:00:00+00:00,PU043,0.0,0.0,0.0
2026-09-11 16:00:00+00:00,PU023,172.81566426179432,172.81566426179432,19.16680034126069
2026-09-11 16:00:00+00:00,PU025,187.85282106940303,187.85282106940303,21.74647326163157
2026-09-11 16:00:00+00:00,PU039,0.0,0.0,0.0
2026-09-11 16:00:00+00:00,PU038,0.0,0.0,0.0
2026-09-11 16:00:00+00:00,PU040,0.0,0.0,0.0
2026-09-11 16:00:00+00:00,PU026,0.0,0.0,0.0
2026-09-11 16:00:00+00:00,PU036,17.849500033602723,17.849500033602723,1.8019526032187243
2026-09-11 16:00:00+00:00,PU028,438.0736522842385,438.0736522842385,46.142244412083016
2026-09-11 16:00:00+00:00,PU035,5.362514493670232,5.362514493670232,0.7537335594700394
2026-09-11 16:00:00+00:00,PU041,0.0,0.0,0.0
2026-09-11 16:00:00+00:00,PU037,0.0,0.0,0.0
2026-09-11 16:00:00+00:00,PU033,15.83095366955732,15.83095366955732,2.2323877700219503
2026-09-11 20:00:00+00:00,PU040,0.0,0.0,0.0
2026-09-11 20:00:00+00:00,PU036,114.53115762439585,114.53115762439585,14.84552114251124
2026-09-11 20:00:00+00:00,PU038,0.0,0.0,0.0
2026-09-11 20:00:00+00:00,PU033,0.0,0.0,0.0
2026-09-11 20:00:00+00:00,PU039,0.0,0.0,0.0
2026-09-11 20:00:00+00:00,PU035,5.244290181658107,5.244290181658107,0.7229022760485854
2026-09-11 20:00:00+00:00,PU042,0.0,0.0,0.0
2026-09-11 20:00:00+00:00,PU028,415.246343821326,415.246343821326,43.49036155560194
2026-09-11 20:00:00+00:00,PU034,74.09274244378959,74.09274244378959,9.77196692790892
2026-09-11 20:00:00+00:00,PU041,0.0,0.0,0.0
2026-09-11 20:00:00+00:00,PU027,646.1755210820795,646.1755210820795,74.04167149618038
2026-09-11 20:00:00+00:00,PU024,80.50518777613642,80.50518777613642,8.950779726859787
2026-09-11 20:00:00+00:00,PU032,0.0,0.0,0.0
2026-09-11 20:00:00+00:00,PU044,0.0,0.0,0.0
2026-09-11 20:00:00+00:00,PU029,0.0,0.0,0.0
2026-09-11 20:00:00+00:00,PU030,0.0,0.0,0.0
2026-09-11 20:00:00+00:00,PU025,94.96193105948176,94.96193105948176,11.769961727066946
2026-09-11 20:00:00+00:00,PU023,152.38975210826695,152.38975210826695,14.2086538926096
2026-09-11 20:00:00+00:00,PU026,0.0,0.0,0.0
2026-09-11 20:00:00+00:00,PU031,0.0,0.0,0.0
2026-09-11 20:00:00+00:00,PU043,0.0,0.0,0.0
2026-09-11 20:00:00+00:00,PU037,0.0,0.0,0.0
2026-09-11 23:00:00+00:00,PU027,257.4454553641201,257.4454553641201,30.64938710596606
2026-09-11 23:00:00+00:00,PU025,60.24006111146624,60.24006111146624,6.208775566038527
2026-09-11 23:00:00+00:00,PU043,0.0,0.0,0.0
2026-09-11 23:00:00+00:00,PU029,0.0,0.0,0.0
2026-09-11 23:00:00+00:00,PU030,0.0,0.0,0.0
2026-09-11 23:00:00+00:00,PU033,115.12331691730525,115.12331691730525,14.796015807645311
2026-09-11 23:00:00+00:00,PU024,69.53286625964618,69.53286625964618,8.901510170835229
2026-09-11 23:00:00+00:00,PU032,0.3822768612451754,0.3822768612451754,0.0526951796148458
2026-09-11 23:00:00+00:00,PU026,0.0,0.0,0.0
2026-09-11 23:00:00+00:00,PU044,0.0,0.0,0.0
2026-09-11 23:00:00+00:00,PU023,93.96344334167182,93.96344334167182,11.073373969137856
2026-09-11 23:00:00+00:00,PU031,0.0,0.0,0.0
2026-09-11 23:00:00+00:00,PU034,1.0358553730859832,1.0358553730859832,0.1386852800124097
2026-09-11 23:00:00+00:00,PU036,212.4842830845729,212.4842830845729,26.1718391424995
2026-09-11 23:00:00+00:00,PU038,0.0,0.0,0.0
2026-09-11 23:00:00+00:00,PU028,250.06331802394183,250.06331802394183,26.33723408383987
2026-09-11 23:00:00+00:00,PU041,0.0,0.0,0.0
2026-09-11 23:00:00+00:00,PU039,0.0,0.0,0.0
2026-09-11 23:00:00+00:00,PU037,0.0,0.0,0.0
2026-09-11 23:00:00+00:00,PU035,0.0,0.0,0.0
2026-09-11 23:00:00+00:00,PU040,0.0,0.0,0.0
2026-09-11 23:00:00+00:00,PU042,0.0,0.0,0.0
2026-09-12 04:00:00+00:00,PU036,144.6601653523644,144.6601653523644,17.833700505629157
2026-09-12 04:00:00+00:00,PU037,0.0,0.0,0.0
2026-09-12 04:00:00+00:00,PU031,0.0,0.0,0.0
2026-09-12 04:00:00+00:00,PU040,0.0,0.0,0.0
2026-09-12 04:00:00+00:00,PU028,87.92591050390017,87.92591050390017,9.785947011920555
2026-09-12 04:00:00+00:00,PU038,0.0,0.0,0.0
2026-09-12 04:00:00+00:00,PU042,0.0,0.0,0.0
2026-09-12 04:00:00+00:00,PU041,0.0,0.0,0.0
2026-09-12 04:00:00+00:00,PU034,5.320686337082774,5.320686337082774,0.6732455446800418
2026-09-12 04:00:00+00:00,PU039,0.0,0.0,0.0
2026-09-12 04:00:00+00:00,PU033,88.02311392086274,88.02311392086274,10.11129736874573
2026-09-12 04:00:00+00:00,PU044,0.0,0.0,0.0
2026-09-12 04:00:00+00:00,PU027,326.52817210902685,326.52817210902685,30.78164673598484
2026-09-12 04:00:00+00:00,PU030,0.0,0.0,0.0
2026-09-12 04:00:00+00:00,PU025,20.92311092464925,20.92311092464925,2.338037924416432
2026-09-12 04:00:00+00:00,PU032,5.802662349473029,5.802662349473029,0.641237666458851
2026-09-12 04:00:00+00:00,PU035,0.0,0.0,0.0
2026-09-12 04:00:00+00:00,PU023,0.8599357029570248,0.8599357029570248,0.1123662215016252
2026-09-12 04:00:00+00:00,PU024,13.64079847951282,13.64079847951282,1.5133473803196436
2026-09-12 04:00:00+00:00,PU026,0.0,0.0,0.0
2026-09-12 04:00:00+00:00,PU043,0.0,0.0,0.0
2026-09-12 04:00:00+00:00,PU029,0.0,0.0,0.0
2026-09-12 10:00:00+00:00,PU026,0.0,0.0,0.0
2026-09-12 10:00:00+00:00,PU032,4.685534220219149,4.685534220219149,0.6440648665286922
2026-09-12 10:00:00+00:00,PU031,0.0,0.0,0.0
2026-09-12 10:00:00+00:00,PU029,0.0,0.0,0.0
2026-09-12 10:00:00+00:00,PU023,4.858948826115194,4.858948826115194,0.6349134167368735
2026-09-12 10:00:00+00:00,PU039,0.0,0.0,0.0
2026-09-12 10:00:00+00:00,PU044,0.0,0.0,0.0
2026-09-12 10:00:00+00:00,PU025,56.77796509063901,56.77796509063901,6.596602965454261
2026-09-12 10:00:00+00:00,PU027,288.00338844632006,288.00338844632006,27.42044431205644
2026-09-12 10:00:00+00:00,PU030,0.0,0.0,0.0
2026-09-12 10:00:00+00:00,PU034,6.456279442452722,6.456279442452722,0.8663782798686934
2026-09-12 10:00:00+00:00,PU036,96.85140977226554,96.85140977226554,12.601704791162977
2026-09-12 10:00:00+00:00,PU024,63.81622953334556,63.81622953334556,7.18006850524276
2026-09-12 10:00:00+00:00,PU040,0.0,0.0,0.0
2026-09-12 10:00:00+00:00,PU037,0.0,0.0,0.0
2026-09-12 10:00:00+00:00,PU043,0.0,0.0,0.0
2026-09-12 10:00:00+00:00,PU035,0.9562421144669035,0.9562421144669035,0.1333261213038225
2026-09-12 10:00:00+00:00,PU028,146.3624337382847,146.3624337382847,15.694626131338174
2026-09-12 10:00:00+00:00,PU042,0.0,0.0,0.0
2026-09-12 10:00:00+00:00,PU033,124.45985269589649,124.45985269589649,14.853351624171957
2026-09-12 10:00:00+00:00,PU041,0.0,0.0,0.0
2026-09-12 10:00:00+00:00,PU038,0.0,0.0,0.0
2026-09-12 15:00:00+00:00,PU039,0.0,0.0,0.0
2026-09-12 15:00:00+00:00,PU038,0.0,0.0,0.0
2026-09-12 15:00:00+00:00,PU024,52.39558011860744,52.39558011860744,6.00700696016981
2026-09-12 15:00:00+00:00,PU036,129.8344192617417,129.8344192617417,15.538033949173323
2026-09-12 15:00:00+00:00,PU033,93.38460276434954,93.38460276434954,11.465446866905229
2026-09-12 15:00:00+00:00,PU044,0.0,0.0,0.0
2026-09-12 15:00:00+00:00,PU035,9.089609420739007,9.089609420739007,1.1833124260976149
2026-09-12 15:00:00+00:00,PU041,0.0,0.0,0.0
2026-09-12 15:00:00+00:00,PU040,0.0,0.0,0.0
2026-09-12 15:00:00+00:00,PU034,19.10537088123141,19.10537088123141,2.3511694047980507
2026-09-12 15:00:00+00:00,PU042,0.0,0.0,0.0
2026-09-12 15:00:00+00:00,PU023,29.223153439643443,29.223153439643443,3.868034113136503
2026-09-12 15:00:00+00:00,PU030,0.0,0.0,0.0
2026-09-12 15:00:00+00:00,PU043,0.0,0.0,0.0
2026-09-12 15:00:00+00:00,PU032,12.17872190085602,12.17872190085602,1.3958878426407315
2026-09-12 15:00:00+00:00,PU026,0.0,0.0,0.0
2026-09-12 15:00:00+00:00,PU031,0.0,0.0,0.0
2026-09-12 15:00:00+00:00,PU037,0.0,0.0,0.0
2026-09-12 15:00:00+00:00,PU028,207.2003953239392,207.2003953239392,22.73610867253164
2026-09-12 15:00:00+00:00,PU029,0.0,0.0,0.0
2026-09-12 15:00:00+00:00,PU025,98.57674134546671,98.57674134546671,10.18085954523599
2026-09-12 15:00:00+00:00,PU027,209.83144507514336,209.83144507514336,20.92846279472528
2026-09-12 20:00:00+00:00,PU030,0.0,0.0,0.0
2026-09-12 20:00:00+00:00,PU024,25.282166078759182,25.282166078759182,2.649498656993977
2026-09-12 20:00:00+00:00,PU023,3.4415231159871844,3.4415231159871844,0.4528990338355253
2026-09-12 20:00:00+00:00,PU044,0.0,0.0,0.0
2026-09-12 20:00:00+00:00,PU025,85.03351421032372,85.03351421032372,8.074673600989668
2026-09-12 20:00:00+00:00,PU029,0.0,0.0,0.0
2026-09-12 20:00:00+00:00,PU032,9.338575940540467,9.338575940540467,1.2077510508623577
2026-09-12 20:00:00+00:00,PU031,0.0,0.0,0.0
2026-09-12 20:00:00+00:00,PU043,0.0,0.0,0.0
2026-09-12 20:00:00+00:00,PU027,305.1978936023792,305.1978936023792,29.460832670802365
2026-09-12 20:00:00+00:00,PU041,0.0,0.0,0.0
2026-09-12 20:00:00+00:00,PU035,7.350580503832543,7.350580503832543,1.0204292454431854
2026-09-12 20:00:00+00:00,PU038,0.0,0.0,0.0
2026-09-12 20:00:00+00:00,PU037,0.0,0.0,0.0
2026-09-12 20:00:00+00:00,PU033,46.3930375782297,46.3930375782297,5.380767316435113
2026-09-12 20:00:00+00:00,PU028,175.89466114810494,175.89466114810494,18.586601971863228
2026-09-12 20:00:00+00:00,PU036,99.23489038019903,99.23489038019903,12.22188045555464
2026-09-12 20:00:00+00:00,PU040,0.0,0.0,0.0
2026-09-12 20:00:00+00:00,PU042,0.0,0.0,0.0
2026-09-12 20:00:00+00:00,PU034,14.624895792056405,14.624895792056405,1.803652043172351
2026-09-12 20:00:00+00:00,PU026,0.0,0.0,0.0
2026-09-12 20:00:00+00:00,PU039,0.0,0.0,0.0
2026-09-12 23:00:00+00:00,PU028,146.46708095342754,146.46708095342754,15.742991583105374
2026-09-12 23:00:00+00:00,PU039,0.0,0.0,0.0
2026-09-12 23:00:00+00:00,PU034,12.98945992116502,12.98945992116502,1.6411209728919238
2026-09-12 23:00:00+00:00,PU038,0.0,0.0,0.0
2026-09-12 23:00:00+00:00,PU033,34.88633949565702,34.88633949565702,3.603005168838923
2026-09-12 23:00:00+00:00,PU029,0.0,0.0,0.0
2026-09-12 23:00:00+00:00,PU041,0.0,0.0,0.0
2026-09-12 23:00:00+00:00,PU042,0.0,0.0,0.0
2026-09-12 23:00:00+00:00,PU037,0.0,0.0,0.0
2026-09-12 23:00:00+00:00,PU040,0.0,0.0,0.0
2026-09-12 23:00:00+00:00,PU035,8.060254891095083,8.060254891095083,1.0682328637390135
2026-09-12 23:00:00+00:00,PU031,0.0,0.0,0.0
2026-09-12 23:00:00+00:00,PU043,0.0,0.0,0.0
2026-09-12 23:00:00+00:00,PU023,0.1646966612718035,0.1646966612718035,0.0233510741800895
2026-09-12 23:00:00+00:00,PU044,0.0,0.0,0.0
2026-09-12 23:00:00+00:00,PU026,0.0,0.0,0.0
2026-09-12 23:00:00+00:00,PU032,11.1783420540098,11.1783420540098,1.3884690224783858
2026-09-12 23:00:00+00:00,PU027,337.43563891924265,337.43563891924265,31.374578688354944
2026-09-12 23:00:00+00:00,PU024,4.841938667279096,4.841938667279096,0.5746369535258781
2026-09-12 23:00:00+00:00,PU036,70.39052666744298,70.39052666744298,9.188619829902413
2026-09-12 23:00:00+00:00,PU025,51.59185743271109,51.59185743271109,5.015004459077372
2026-09-12 23:00:00+00:00,PU030,0.0,0.0,0.0
2026-09-13 04:00:00+00:00,PU032,1.713198644938523,1.713198644938523,0.2284147352171427
2026-09-13 04:00:00+00:00,PU030,0.0,0.0,0.0
2026-09-13 04:00:00+00:00,PU029,0.0,0.0,0.0
2026-09-13 04:00:00+00:00,PU031,4.574689183938315,4.574689183938315,0.5848154919883297
2026-09-13 04:00:00+00:00,PU025,79.07010243568071,79.07010243568071,9.084598604141526
2026-09-13 04:00:00+00:00,PU023,92.24822281298322,92.24822281298322,9.6032534312881
2026-09-13 04:00:00+00:00,PU028,177.55345447948034,177.55345447948034,17.548950251126723
2026-09-13 04:00:00+00:00,PU043,0.0,0.0,0.0
2026-09-13 04:00:00+00:00,PU026,0.0,0.0,0.0
2026-09-13 04:00:00+00:00,PU024,38.2325210238112,38.2325210238112,4.265832564647459
2026-09-13 04:00:00+00:00,PU036,220.7705978188444,220.7705978188444,27.65145879172431
2026-09-13 04:00:00+00:00,PU033,54.66015406945896,54.66015406945896,7.11995838881753
2026-09-13 04:00:00+00:00,PU041,0.0,0.0,0.0
2026-09-13 04:00:00+00:00,PU034,32.47762276106792,32.47762276106792,4.256490135045475
2026-09-13 04:00:00+00:00,PU035,10.53695109954398,10.53695109954398,1.3666114609531863
2026-09-13 04:00:00+00:00,PU039,0.0,0.0,0.0
2026-09-13 04:00:00+00:00,PU042,0.0,0.0,0.0
2026-09-13 04:00:00+00:00,PU038,0.0,0.0,0.0
2026-09-13 04:00:00+00:00,PU040,0.0,0.0,0.0
2026-09-13 04:00:00+00:00,PU027,373.2233609660685,373.2233609660685,36.85179358511096
2026-09-13 04:00:00+00:00,PU037,0.0,0.0,0.0
2026-09-13 04:00:00+00:00,PU044,0.0,0.0,0.0
2026-09-13 11:00:00+00:00,PU036,154.98647258854177,154.98647258854177,20.12717277517116
2026-09-13 11:00:00+00:00,PU028,255.0134540544378,255.0134540544378,25.313612626445813
2026-09-13 11:00:00+00:00,PU033,115.79084289013608,115.79084289013608,14.160916145876929
2026-09-13 11:00:00+00:00,PU038,0.0,0.0,0.0
2026-09-13 11:00:00+00:00,PU042,0.0,0.0,0.0
2026-09-13 11:00:00+00:00,PU035,7.871684812295055,7.871684812295055,1.0802324139406196
2026-09-13 11:00:00+00:00,PU040,0.0,0.0,0.0
2026-09-13 11:00:00+00:00,PU039,0.0,0.0,0.0
2026-09-13 11:00:00+00:00,PU041,0.0,0.0,0.0
2026-09-13 11:00:00+00:00,PU034,59.17055539940719,59.17055539940719,7.712968756389602
2026-09-13 11:00:00+00:00,PU037,0.0,0.0,0.0
2026-09-13 11:00:00+00:00,PU043,0.0,0.0,0.0
2026-09-13 11:00:00+00:00,PU025,69.47117899839103,69.47117899839103,6.898091761395821
2026-09-13 11:00:00+00:00,PU023,94.94165145688628,94.94165145688628,9.850170761371457
2026-09-13 11:00:00+00:00,PU026,0.0,0.0,0.0
2026-09-13 11:00:00+00:00,PU032,11.842011596160775,11.842011596160775,1.6099563182620282
2026-09-13 11:00:00+00:00,PU024,126.2506332798816,126.2506332798816,14.592195823417134
2026-09-13 11:00:00+00:00,PU044,0.0,0.0,0.0
2026-09-13 11:00:00+00:00,PU027,389.1648194294412,389.1648194294412,37.96042217773611
2026-09-13 11:00:00+00:00,PU031,0.0,0.0,0.0
2026-09-13 11:00:00+00:00,PU029,0.0,0.0,0.0
2026-09-13 11:00:00+00:00,PU030,7.156910227909879,7.156910227909879,0.9774822368779644
2026-09-13 16:00:00+00:00,PU044,4.851470214880389,4.851470214880389,0.6855164121951887
2026-09-13 16:00:00+00:00,PU031,0.0,0.0,0.0
2026-09-13 16:00:00+00:00,PU026,0.0,0.0,0.0
2026-09-13 16:00:00+00:00,PU030,0.0,0.0,0.0
2026-09-13 16:00:00+00:00,PU025,119.66695302953995,119.66695302953995,11.94099123832584
2026-09-13 16:00:00+00:00,PU043,0.0,0.0,0.0
2026-09-13 16:00:00+00:00,PU029,0.0,0.0,0.0
2026-09-13 16:00:00+00:00,PU024,110.84041021764236,110.84041021764236,14.165661653607913
2026-09-13 16:00:00+00:00,PU023,73.90949316142337,73.90949316142337,7.873360404678536
2026-09-13 16:00:00+00:00,PU032,26.355969377619296,26.355969377619296,3.707405546897435
2026-09-13 16:00:00+00:00,PU027,386.18034913657823,386.18034913657823,38.7685001544525
2026-09-13 16:00:00+00:00,PU033,109.425582602571,109.425582602571,13.568231469371996
2026-09-13 16:00:00+00:00,PU042,0.0,0.0,0.0
2026-09-13 16:00:00+00:00,PU038,0.0,0.0,0.0
2026-09-13 16:00:00+00:00,PU034,79.43942923168508,79.43942923168508,10.608731296781306
2026-09-13 16:00:00+00:00,PU037,0.0,0.0,0.0
2026-09-13 16:00:00+00:00,PU036,203.51287329150253,203.51287329150253,26.424351293477184
2026-09-13 16:00:00+00:00,PU039,0.0,0.0,0.0
2026-09-13 16:00:00+00:00,PU028,279.18760025014507,279.18760025014507,29.17552893466721
2026-09-13 16:00:00+00:00,PU040,0.0,0.0,0.0
2026-09-13 16:00:00+00:00,PU035,9.379922531100988,9.379922531100988,1.3273181060551198
2026-09-13 16:00:00+00:00,PU041,0.0,0.0,0.0
2026-09-13 20:00:00+00:00,PU035,35.85889616550493,35.85889616550493,4.902735764677149
2026-09-13 20:00:00+00:00,PU033,59.32644493837978,59.32644493837978,7.530014259333051
2026-09-13 20:00:00+00:00,PU036,173.1454518423444,173.1454518423444,22.63026456601047
2026-09-13 20:00:00+00:00,PU037,0.0,0.0,0.0
2026-09-13 20:00:00+00:00,PU041,0.0,0.0,0.0
2026-09-13 20:00:00+00:00,PU040,0.0,0.0,0.0
2026-09-13 20:00:00+00:00,PU034,14.459424199741276,14.459424199741276,1.9685405387919623
2026-09-13 20:00:00+00:00,PU042,0.0,0.0,0.0
2026-09-13 20:00:00+00:00,PU028,187.85870926249527,187.85870926249527,17.40562651028109
2026-09-13 20:00:00+00:00,PU043,0.0,0.0,0.0
2026-09-13 20:00:00+00:00,PU039,0.0,0.0,0.0
2026-09-13 20:00:00+00:00,PU044,0.0,0.0,0.0
2026-09-13 20:00:00+00:00,PU027,370.2729103668165,370.2729103668165,38.79905809652466
2026-09-13 20:00:00+00:00,PU031,3.2348541163927167,3.2348541163927167,0.4441576064280607
2026-09-13 20:00:00+00:00,PU023,91.5540605496576,91.5540605496576,9.365671041796023
2026-09-13 20:00:00+00:00,PU025,74.1213352533341,74.1213352533341,7.94874850211554
2026-09-13 20:00:00+00:00,PU026,0.0,0.0,0.0
2026-09-13 20:00:00+00:00,PU024,29.385940080830363,29.385940080830363,3.4621454789764137
2026-09-13 20:00:00+00:00,PU038,0.0,0.0,0.0
2026-09-13 20:00:00+00:00,PU029,0.0,0.0,0.0
2026-09-13 20:00:00+00:00,PU032,42.745100754411645,42.745100754411645,5.620238303599463
2026-09-13 20:00:00+00:00,PU030,0.0,0.0,0.0
2026-09-13 23:00:00+00:00,PU029,0.0,0.0,0.0
2026-09-13 23:00:00+00:00,PU044,0.0,0.0,0.0
2026-09-13 23:00:00+00:00,PU037,0.0,0.0,0.0
2026-09-13 23:00:00+00:00,PU038,0.0,0.0,0.0
2026-09-13 23:00:00+00:00,PU043,0.0,0.0,0.0
2026-09-13 23:00:00+00:00,PU025,52.486298006168255,52.486298006168255,5.113726175048631
2026-09-13 23:00:00+00:00,PU031,0.0,0.0,0.0
2026-09-13 23:00:00+00:00,PU026,0.0,0.0,0.0
2026-09-13 23:00:00+00:00,PU030,0.0,0.0,0.0
2026-09-13 23:00:00+00:00,PU027,327.31464993268463,327.31464993268463,34.7899956693678
2026-09-13 23:00:00+00:00,PU023,88.67057096911904,88.67057096911904,9.232848445027836
2026-09-13 23:00:00+00:00,PU039,0.0,0.0,0.0
2026-09-13 23:00:00+00:00,PU041,0.0,0.0,0.0
2026-09-13 23:00:00+00:00,PU034,3.2536655819963314,3.2536655819963314,0.4477910698114463
2026-09-13 23:00:00+00:00,PU036,251.02788514674623,251.02788514674623,33.32123759835643
2026-09-13 23:00:00+00:00,PU035,41.42794598462973,41.42794598462973,5.5662804952144365
2026-09-13 23:00:00+00:00,PU032,29.40334433895317,29.40334433895317,3.585507956366018
2026-09-13 23:00:00+00:00,PU028,164.53527098892465,164.53527098892465,15.987065128579582
2026-09-13 23:00:00+00:00,PU042,0.0,0.0,0.0
2026-09-13 23:00:00+00:00,PU040,0.0,0.0,0.0
2026-09-13 23:00:00+00:00,PU024,32.186947938069245,32.186947938069245,3.908641077775089
2026-09-13 23:00:00+00:00,PU033,90.62321933532004,90.62321933532004,11.84054705116936
2026-09-14 04:00:00+00:00,PU041,0.0,0.0,0.0
2026-09-14 04:00:00+00:00,PU035,1.3873907982100984,1.3873907982100984,0.1804088518636739
2026-09-14 04:00:00+00:00,PU028,15.189733792771897,15.189733792771897,2.04106065811234
2026-09-14 04:00:00+00:00,PU033,84.65860621070983,84.65860621070983,11.020575785919542
2026-09-14 04:00:00+00:00,PU038,0.0,0.0,0.0
2026-09-14 04:00:00+00:00,PU036,38.83764421908475,38.83764421908475,5.070930171042866
2026-09-14 04:00:00+00:00,PU039,0.0,0.0,0.0
2026-09-14 04:00:00+00:00,PU037,0.0,0.0,0.0
2026-09-14 04:00:00+00:00,PU040,0.0,0.0,0.0
2026-09-14 04:00:00+00:00,PU034,6.519999604400067,6.519999604400067,0.8172129546108187
2026-09-14 04:00:00+00:00,PU025,0.0,0.0,0.0
2026-09-14 04:00:00+00:00,PU043,0.0,0.0,0.0
2026-09-14 04:00:00+00:00,PU023,0.0,0.0,0.0
2026-09-14 04:00:00+00:00,PU029,0.0,0.0,0.0
2026-09-14 04:00:00+00:00,PU031,0.0,0.0,0.0
2026-09-14 04:00:00+00:00,PU027,0.0,0.0,0.0
2026-09-14 04:00:00+00:00,PU030,0.0,0.0,0.0
2026-09-14 04:00:00+00:00,PU026,0.0,0.0,0.0
2026-09-14 04:00:00+00:00,PU032,0.0,0.0,0.0
2026-09-14 04:00:00+00:00,PU024,0.0,0.0,0.0
2026-09-14 04:00:00+00:00,PU044,12.206495188720972,12.206495188720972,1.5909847148758662
2026-09-14 04:00:00+00:00,PU042,0.0,0.0,0.0
2026-09-14 12:00:00+00:00,PU031,0.0,0.0,0.0
2026-09-14 12:00:00+00:00,PU026,0.0,0.0,0.0
2026-09-14 12:00:00+00:00,PU027,0.0,0.0,0.0
2026-09-14 12:00:00+00:00,PU032,2.578339513596898,2.578339513596898,0.3584022279981274
2026-09-14 12:00:00+00:00,PU030,0.0,0.0,0.0
2026-09-14 12:00:00+00:00,PU044,5.166718234717709,5.166718234717709,0.7310279826773532
2026-09-14 12:00:00+00:00,PU025,0.0,0.0,0.0
2026-09-14 12:00:00+00:00,PU024,0.0,0.0,0.0
2026-09-14 12:00:00+00:00,PU029,0.0,0.0,0.0
2026-09-14 12:00:00+00:00,PU023,0.0,0.0,0.0
2026-09-14 12:00:00+00:00,PU043,0.0,0.0,0.0
2026-09-14 12:00:00+00:00,PU036,12.855303005726942,12.855303005726942,1.6996187651565038
2026-09-14 12:00:00+00:00,PU040,0.0,0.0,0.0
2026-09-14 12:00:00+00:00,PU034,48.05980604364077,48.05980604364077,6.18885229047596
2026-09-14 12:00:00+00:00,PU038,0.0,0.0,0.0
2026-09-14 12:00:00+00:00,PU042,0.0,0.0,0.0
2026-09-14 12:00:00+00:00,PU028,22.60762815044383,22.60762815044383,3.154680034399101
2026-09-14 12:00:00+00:00,PU037,0.0,0.0,0.0
2026-09-14 12:00:00+00:00,PU035,6.593120144371134,6.593120144371134,0.8713873601109625
2026-09-14 12:00:00+00:00,PU039,0.0,0.0,0.0
2026-09-14 12:00:00+00:00,PU041,0.0,0.0,0.0
2026-09-14 12:00:00+00:00,PU033,14.84835337503482,14.84835337503482,1.9889108017502888
2026-09-14 19:00:00+00:00,PU033,6.323201044934995,6.323201044934995,0.8358231374663063
2026-09-14 19:00:00+00:00,PU041,0.0,0.0,0.0
2026-09-14 19:00:00+00:00,PU038,0.0,0.0,0.0
2026-09-14 19:00:00+00:00,PU035,5.313531329190425,5.313531329190425,0.735638720719441
2026-09-14 19:00:00+00:00,PU042,0.0,0.0,0.0
2026-09-14 19:00:00+00:00,PU028,32.85195737728924,32.85195737728924,4.58278294973667
2026-09-14 19:00:00+00:00,PU039,0.0,0.0,0.0
2026-09-14 19:00:00+00:00,PU040,0.0,0.0,0.0
2026-09-14 19:00:00+00:00,PU031,0.0,0.0,0.0
2026-09-14 19:00:00+00:00,PU043,0.0,0.0,0.0
2026-09-14 19:00:00+00:00,PU034,30.831184921723725,30.831184921723725,4.027923004207361
2026-09-14 19:00:00+00:00,PU032,0.0,0.0,0.0
2026-09-14 19:00:00+00:00,PU026,0.0,0.0,0.0
2026-09-14 19:00:00+00:00,PU027,0.0,0.0,0.0
2026-09-14 19:00:00+00:00,PU023,0.0,0.0,0.0
2026-09-14 19:00:00+00:00,PU044,0.0,0.0,0.0
2026-09-14 19:00:00+00:00,PU037,0.0,0.0,0.0
2026-09-14 19:00:00+00:00,PU036,5.516894217511927,5.516894217511927,0.7046726086938685
2026-09-14 19:00:00+00:00,PU030,0.0,0.0,0.0
2026-09-14 19:00:00+00:00,PU025,0.0,0.0,0.0
2026-09-14 19:00:00+00:00,PU029,0.0,0.0,0.0
2026-09-14 19:00:00+00:00,PU024,0.0,0.0,0.0
2026-09-14 23:00:00+00:00,PU025,0.0,0.0,0.0
2026-09-14 23:00:00+00:00,PU026,0.0,0.0,0.0
2026-09-14 23:00:00+00:00,PU044,0.0,0.0,0.0
2026-09-14 23:00:00+00:00,PU027,47.19769757265663,47.19769757265663,6.101223768890224
2026-09-14 23:00:00+00:00,PU043,0.0,0.0,0.0
2026-09-14 23:00:00+00:00,PU024,87.2993773255141,87.2993773255141,11.320848426190707
2026-09-14 23:00:00+00:00,PU032,0.926876686324233,0.926876686324233,0.120871820223573
2026-09-14 23:00:00+00:00,PU038,0.0,0.0,0.0
2026-09-14 23:00:00+00:00,PU023,0.0,0.0,0.0
2026-09-14 23:00:00+00:00,PU031,0.0,0.0,0.0
2026-09-14 23:00:00+00:00,PU030,0.0,0.0,0.0
2026-09-14 23:00:00+00:00,PU034,45.33944700056424,45.33944700056424,5.635628291641352
2026-09-14 23:00:00+00:00,PU029,0.0,0.0,0.0
2026-09-14 23:00:00+00:00,PU033,16.255852392329018,16.255852392329018,2.1030841471715664
2026-09-14 23:00:00+00:00,PU042,0.0,0.0,0.0
2026-09-14 23:00:00+00:00,PU028,18.26175453220127,18.26175453220127,2.385469210535839
2026-09-14 23:00:00+00:00,PU040,0.0,0.0,0.0
2026-09-14 23:00:00+00:00,PU041,0.0,0.0,0.0
2026-09-14 23:00:00+00:00,PU037,0.0,0.0,0.0
2026-09-14 23:00:00+00:00,PU036,343.1295939416364,343.1295939416364,40.93473149904342
2026-09-14 23:00:00+00:00,PU035,37.58464722064711,37.58464722064711,4.522728773265706
2026-09-14 23:00:00+00:00,PU039,0.0,0.0,0.0
2026-09-15 04:00:00+00:00,PU039,0.0,0.0,0.0
2026-09-15 04:00:00+00:00,PU037,0.0,0.0,0.0
2026-09-15 04:00:00+00:00,PU035,22.590374938800657,22.590374938800657,2.724058676996578
2026-09-15 04:00:00+00:00,PU034,14.512381812297836,14.512381812297836,1.8687882664298088
2026-09-15 04:00:00+00:00,PU028,39.626825089909474,39.626825089909474,4.060074190637276
2026-09-15 04:00:00+00:00,PU033,97.19610001887878,97.19610001887878,10.701629768704606
2026-09-15 04:00:00+00:00,PU042,0.0,0.0,0.0
2026-09-15 04:00:00+00:00,PU040,0.0,0.0,0.0
2026-09-15 04:00:00+00:00,PU038,0.0,0.0,0.0
2026-09-15 04:00:00+00:00,PU041,0.0,0.0,0.0
2026-09-15 04:00:00+00:00,PU036,223.19383116562017,223.19383116562017,26.57719973695409
2026-09-15 04:00:00+00:00,PU043,9.371109957008136,9.371109957008136,1.2390485049758435
2026-09-15 04:00:00+00:00,PU029,0.0,0.0,0.0
2026-09-15 04:00:00+00:00,PU023,0.0,0.0,0.0
2026-09-15 04:00:00+00:00,PU044,0.0,0.0,0.0
2026-09-15 04:00:00+00:00,PU026,0.0,0.0,0.0
2026-09-15 04:00:00+00:00,PU032,8.92632441449947,8.92632441449947,1.1637927423382806
2026-09-15 04:00:00+00:00,PU024,0.0,0.0,0.0
2026-09-15 04:00:00+00:00,PU027,105.92319140988718,105.92319140988718,13.640134424840628
2026-09-15 04:00:00+00:00,PU031,0.0,0.0,0.0
2026-09-15 04:00:00+00:00,PU025,0.0,0.0,0.0
2026-09-15 04:00:00+00:00,PU030,0.0,0.0,0.0
2026-09-15 11:00:00+00:00,PU032,0.7952250417371902,0.7952250417371902,0.1071849190709023
2026-09-15 11:00:00+00:00,PU040,0.0,0.0,0.0
2026-09-15 11:00:00+00:00,PU023,0.0,0.0,0.0
2026-09-15 11:00:00+00:00,PU029,0.0,0.0,0.0
2026-09-15 11:00:00+00:00,PU024,0.0,0.0,0.0
2026-09-15 11:00:00+00:00,PU031,6.2173595911321575,6.2173595911321575,0.8532380355100964
2026-09-15 11:00:00+00:00,PU026,0.0,0.0,0.0
2026-09-15 11:00:00+00:00,PU044,4.913828507817679,4.913828507817679,0.6614460115565893
2026-09-15 11:00:00+00:00,PU030,0.0,0.0,0.0
2026-09-15 11:00:00+00:00,PU027,100.422723485532,100.422723485532,13.927186215958503
2026-09-15 11:00:00+00:00,PU028,31.218315275478584,31.218315275478584,2.993830474357922
2026-09-15 11:00:00+00:00,PU042,0.0,0.0,0.0
2026-09-15 11:00:00+00:00,PU043,26.09568628474332,26.09568628474332,3.6185697961993615
2026-09-15 11:00:00+00:00,PU038,0.0,0.0,0.0
2026-09-15 11:00:00+00:00,PU039,0.0,0.0,0.0
2026-09-15 11:00:00+00:00,PU036,418.5465730774877,418.5465730774877,46.07751393251938
2026-09-15 11:00:00+00:00,PU033,85.17023213828693,85.17023213828693,8.829067001971222
2026-09-15 11:00:00+00:00,PU035,65.73512930613454,65.73512930613454,8.293490638506743
2026-09-15 11:00:00+00:00,PU034,57.22662119968707,57.22662119968707,6.097458498193098
2026-09-15 11:00:00+00:00,PU037,0.0,0.0,0.0
2026-09-15 11:00:00+00:00,PU025,18.62734903346118,18.62734903346118,2.6105018203596786
2026-09-15 11:00:00+00:00,PU041,0.0,0.0,0.0
2026-09-15 16:00:00+00:00,PU040,0.0,0.0,0.0
2026-09-15 16:00:00+00:00,PU035,26.13689203268127,26.13689203268127,3.466555061858327
2026-09-15 16:00:00+00:00,PU041,0.0,0.0,0.0
2026-09-15 16:00:00+00:00,PU039,0.0,0.0,0.0
2026-09-15 16:00:00+00:00,PU036,369.10929778428033,369.10929778428033,43.76562852939298
2026-09-15 16:00:00+00:00,PU044,12.859577368660958,12.859577368660958,1.704044837635965
2026-09-15 16:00:00+00:00,PU037,0.0,0.0,0.0
2026-09-15 16:00:00+00:00,PU033,49.04073472482023,49.04073472482023,5.270671511266964
2026-09-15 16:00:00+00:00,PU034,49.960759990040586,49.960759990040586,4.915780463658706
2026-09-15 16:00:00+00:00,PU042,0.0,0.0,0.0
2026-09-15 16:00:00+00:00,PU038,0.0,0.0,0.0
2026-09-15 16:00:00+00:00,PU026,0.0,0.0,0.0
2026-09-15 16:00:00+00:00,PU028,24.57178684128983,24.57178684128983,3.0745729060825604
2026-09-15 16:00:00+00:00,PU025,48.94027478167216,48.94027478167216,6.878649699888936
2026-09-15 16:00:00+00:00,PU030,0.0,0.0,0.0
2026-09-15 16:00:00+00:00,PU032,0.0,0.0,0.0
2026-09-15 16:00:00+00:00,PU027,77.99132705033787,77.99132705033787,10.829485464151436
2026-09-15 16:00:00+00:00,PU043,0.0,0.0,0.0
2026-09-15 16:00:00+00:00,PU029,0.0,0.0,0.0
2026-09-15 16:00:00+00:00,PU031,7.431324114067125,7.431324114067125,1.0525249961062102
2026-09-15 16:00:00+00:00,PU024,0.0,0.0,0.0
2026-09-15 16:00:00+00:00,PU023,0.0,0.0,0.0
2026-09-15 21:00:00+00:00,PU043,0.0,0.0,0.0
2026-09-15 21:00:00+00:00,PU038,0.0,0.0,0.0
2026-09-15 21:00:00+00:00,PU023,0.0,0.0,0.0
2026-09-15 21:00:00+00:00,PU024,0.0,0.0,0.0
2026-09-15 21:00:00+00:00,PU032,1.490779349963282,1.490779349963282,0.1971109007678951
2026-09-15 21:00:00+00:00,PU044,0.0,0.0,0.0
2026-09-15 21:00:00+00:00,PU031,0.0,0.0,0.0
2026-09-15 21:00:00+00:00,PU030,0.0,0.0,0.0
2026-09-15 21:00:00+00:00,PU039,0.0,0.0,0.0
2026-09-15 21:00:00+00:00,PU027,230.8712483815045,230.8712483815045,29.60840577061843
2026-09-15 21:00:00+00:00,PU025,19.22826253431541,19.22826253431541,2.649738144969947
2026-09-15 21:00:00+00:00,PU029,0.0,0.0,0.0
2026-09-15 21:00:00+00:00,PU041,0.0,0.0,0.0
2026-09-15 21:00:00+00:00,PU042,0.0,0.0,0.0
2026-09-15 21:00:00+00:00,PU037,0.0,0.0,0.0
2026-09-15 21:00:00+00:00,PU036,300.8961630126697,300.8961630126697,35.209822764408415
2026-09-15 21:00:00+00:00,PU040,0.0,0.0,0.0
2026-09-15 21:00:00+00:00,PU026,0.0,0.0,0.0
2026-09-15 21:00:00+00:00,PU028,76.85416669459329,76.85416669459329,9.0957542402377
2026-09-15 21:00:00+00:00,PU035,1.9057473020463755,1.9057473020463755,0.2232204030850146
2026-09-15 21:00:00+00:00,PU033,48.76165850855372,48.76165850855372,6.063338543538116
2026-09-15 21:00:00+00:00,PU034,31.312549572901283,31.312549572901283,3.4741106695366737
2026-09-16 04:00:00+00:00,PU036,133.52894481693934,133.52894481693934,15.048378632854964
2026-09-16 04:00:00+00:00,PU037,0.0,0.0,0.0
2026-09-16 04:00:00+00:00,PU038,0.0,0.0,0.0
2026-09-16 04:00:00+00:00,PU028,22.570526946842783,22.570526946842783,2.950634917525821
2026-09-16 04:00:00+00:00,PU034,24.453937871379537,24.453937871379537,3.091509925773132
2026-09-16 04:00:00+00:00,PU029,0.0,0.0,0.0
2026-09-16 04:00:00+00:00,PU035,9.517513551473863,9.517513551473863,1.2113578804367249
2026-09-16 04:00:00+00:00,PU041,0.0,0.0,0.0
2026-09-16 04:00:00+00:00,PU042,0.0,0.0,0.0
2026-09-16 04:00:00+00:00,PU032,8.66039019552776,8.66039019552776,1.1168050572112245
2026-09-16 04:00:00+00:00,PU040,0.0,0.0,0.0
2026-09-16 04:00:00+00:00,PU024,51.30694269581637,51.30694269581637,6.179096094991787
2026-09-16 04:00:00+00:00,PU023,56.81537909180639,56.81537909180639,6.583242671084003
2026-09-16 04:00:00+00:00,PU030,0.0,0.0,0.0
2026-09-16 04:00:00+00:00,PU025,48.12997300126261,48.12997300126261,6.145247736020187
2026-09-16 04:00:00+00:00,PU039,0.0,0.0,0.0
2026-09-16 04:00:00+00:00,PU043,0.0,0.0,0.0
2026-09-16 04:00:00+00:00,PU044,0.0,0.0,0.0
2026-09-16 04:00:00+00:00,PU031,0.0,0.0,0.0
2026-09-16 04:00:00+00:00,PU027,56.34484689671132,56.34484689671132,7.452601712677162
2026-09-16 04:00:00+00:00,PU026,0.0,0.0,0.0
2026-09-16 04:00:00+00:00,PU033,265.95842445208456,265.95842445208456,33.819045062774045
2026-09-16 11:00:00+00:00,PU029,0.0,0.0,0.0
2026-09-16 11:00:00+00:00,PU026,0.0,0.0,0.0
2026-09-16 11:00:00+00:00,PU031,0.0,0.0,0.0
2026-09-16 11:00:00+00:00,PU024,55.97897736708455,55.97897736708455,6.417885953776119
2026-09-16 11:00:00+00:00,PU043,0.0,0.0,0.0
2026-09-16 11:00:00+00:00,PU027,78.82845894155561,78.82845894155561,10.462444329341576
2026-09-16 11:00:00+00:00,PU041,0.0,0.0,0.0
2026-09-16 11:00:00+00:00,PU044,8.790165079511638,8.790165079511638,1.220827154973677
2026-09-16 11:00:00+00:00,PU032,14.1917257508457,14.1917257508457,1.8961539610594884
2026-09-16 11:00:00+00:00,PU030,0.0,0.0,0.0
2026-09-16 11:00:00+00:00,PU034,53.75336936704542,53.75336936704542,6.266000773534357
2026-09-16 11:00:00+00:00,PU035,14.198809701342586,14.198809701342586,1.65907896592722
2026-09-16 11:00:00+00:00,PU023,63.29666600155839,63.29666600155839,6.691418439400801
2026-09-16 11:00:00+00:00,PU042,0.0,0.0,0.0
2026-09-16 11:00:00+00:00,PU025,49.61479172534213,49.61479172534213,6.939843599861826
2026-09-16 11:00:00+00:00,PU040,0.0,0.0,0.0
2026-09-16 11:00:00+00:00,PU037,0.0,0.0,0.0
2026-09-16 11:00:00+00:00,PU028,8.182046961421817,8.182046961421817,1.0585496018732126
2026-09-16 11:00:00+00:00,PU033,295.7698512951088,295.7698512951088,38.59587336959795
2026-09-16 11:00:00+00:00,PU038,0.0,0.0,0.0
2026-09-16 11:00:00+00:00,PU036,37.30021308816305,37.30021308816305,5.021250336714042
2026-09-16 11:00:00+00:00,PU039,0.0,0.0,0.0
2026-09-16 16:00:00+00:00,PU041,0.0,0.0,0.0
2026-09-16 16:00:00+00:00,PU042,0.0,0.0,0.0
2026-09-16 16:00:00+00:00,PU029,0.0,0.0,0.0
2026-09-16 16:00:00+00:00,PU038,0.0,0.0,0.0
2026-09-16 16:00:00+00:00,PU033,8.035110958664424,8.035110958664424,1.0536466607974329
2026-09-16 16:00:00+00:00,PU039,0.0,0.0,0.0
2026-09-16 16:00:00+00:00,PU036,629.5455334342654,629.5455334342654,68.43812546388531
2026-09-16 16:00:00+00:00,PU028,158.8665344609145,158.8665344609145,21.02167043536024
2026-09-16 16:00:00+00:00,PU037,0.0,0.0,0.0
2026-09-16 16:00:00+00:00,PU035,6.2054056106688105,6.2054056106688105,0.7864672210504761
2026-09-16 16:00:00+00:00,PU040,0.0,0.0,0.0
2026-09-16 16:00:00+00:00,PU043,3.825253522789836,3.825253522789836,0.5405112171227762
2026-09-16 16:00:00+00:00,PU034,64.07921520141669,64.07921520141669,7.783522747522281
2026-09-16 16:00:00+00:00,PU032,0.0,0.0,0.0
2026-09-16 16:00:00+00:00,PU025,98.10145632794976,98.10145632794976,11.393646573936948
2026-09-16 16:00:00+00:00,PU031,0.0,0.0,0.0
2026-09-16 16:00:00+00:00,PU027,152.02726391832408,152.02726391832408,19.62503922428271
2026-09-16 16:00:00+00:00,PU023,0.0,0.0,0.0
2026-09-16 16:00:00+00:00,PU044,0.0,0.0,0.0
2026-09-16 16:00:00+00:00,PU026,0.0,0.0,0.0
2026-09-16 16:00:00+00:00,PU030,0.0,0.0,0.0
2026-09-16 16:00:00+00:00,PU024,107.38337415997567,107.38337415997567,13.644812765662945
2026-09-16 21:00:00+00:00,PU043,0.0,0.0,0.0
2026-09-16 21:00:00+00:00,PU032,0.0,0.0,0.0
2026-09-16 21:00:00+00:00,PU027,162.0817514022756,162.0817514022756,21.472120479077088
2026-09-16 21:00:00+00:00,PU029,0.0,0.0,0.0
2026-09-16 21:00:00+00:00,PU026,0.0,0.0,0.0
2026-09-16 21:00:00+00:00,PU030,0.0,0.0,0.0
2026-09-16 21:00:00+00:00,PU044,0.0,0.0,0.0
2026-09-16 21:00:00+00:00,PU025,72.21012056243801,72.21012056243801,8.609756847768514
2026-09-16 21:00:00+00:00,PU023,0.0,0.0,0.0
2026-09-16 21:00:00+00:00,PU031,0.0,0.0,0.0
2026-09-16 21:00:00+00:00,PU024,118.25718287729056,118.25718287729056,14.086644390614538
2026-09-16 21:00:00+00:00,PU041,0.0,0.0,0.0
2026-09-16 21:00:00+00:00,PU036,422.619338491403,422.619338491403,47.03404613719657
2026-09-16 21:00:00+00:00,PU039,0.0,0.0,0.0
2026-09-16 21:00:00+00:00,PU034,121.49637566201656,121.49637566201656,15.05643820991287
2026-09-16 21:00:00+00:00,PU042,0.0,0.0,0.0
2026-09-16 21:00:00+00:00,PU038,0.0,0.0,0.0
2026-09-16 21:00:00+00:00,PU028,90.24296284831912,90.24296284831912,11.46574503063068
2026-09-16 21:00:00+00:00,PU037,0.0,0.0,0.0
2026-09-16 21:00:00+00:00,PU035,24.226254853469595,24.226254853469595,3.1487406868773107
2026-09-16 21:00:00+00:00,PU033,4.1745429457452685,4.1745429457452685,0.5354312312690317
2026-09-16 21:00:00+00:00,PU040,0.0,0.0,0.0
2026-09-16 23:00:00+00:00,PU033,2.885630204743269,2.885630204743269,0.3743503144510642
2026-09-16 23:00:00+00:00,PU028,130.10252114034188,130.10252114034188,16.561938136275042
2026-09-16 23:00:00+00:00,PU035,22.95284465891568,22.95284465891568,2.501723341845549
2026-09-16 23:00:00+00:00,PU037,0.0,0.0,0.0
2026-09-16 23:00:00+00:00,PU041,0.0,0.0,0.0
2026-09-16 23:00:00+00:00,PU038,0.0,0.0,0.0
2026-09-16 23:00:00+00:00,PU039,0.0,0.0,0.0
2026-09-16 23:00:00+00:00,PU034,128.44002174556704,128.44002174556704,16.117064270941135
2026-09-16 23:00:00+00:00,PU036,302.48540919384004,302.48540919384004,34.286126367300454
2026-09-16 23:00:00+00:00,PU040,0.0,0.0,0.0
2026-09-16 23:00:00+00:00,PU042,0.0,0.0,0.0
2026-09-16 23:00:00+00:00,PU024,97.96862241180428,97.96862241180428,11.703317835660927
2026-09-16 23:00:00+00:00,PU032,0.0,0.0,0.0
2026-09-16 23:00:00+00:00,PU043,0.0,0.0,0.0
2026-09-16 23:00:00+00:00,PU030,0.0,0.0,0.0
2026-09-16 23:00:00+00:00,PU029,0.0,0.0,0.0
2026-09-16 23:00:00+00:00,PU044,0.0,0.0,0.0
2026-09-16 23:00:00+00:00,PU025,58.51725685102667,58.51725685102667,7.354307426621986
2026-09-16 23:00:00+00:00,PU026,0.0,0.0,0.0
2026-09-16 23:00:00+00:00,PU023,0.0,0.0,0.0
2026-09-16 23:00:00+00:00,PU031,0.0,0.0,0.0
2026-09-16 23:00:00+00:00,PU027,120.2259838424938,120.2259838424938,15.459295707767144
2026-09-17 04:00:00+00:00,PU023,33.534160156645534,33.534160156645534,4.307541571093379
2026-09-17 04:00:00+00:00,PU029,0.0,0.0,0.0
2026-09-17 04:00:00+00:00,PU043,0.0,0.0,0.0
2026-09-17 04:00:00+00:00,PU030,0.0,0.0,0.0
2026-09-17 04:00:00+00:00,PU025,13.312903375293647,13.312903375293647,1.7372955177738567
2026-09-17 04:00:00+00:00,PU026,0.0,0.0,0.0
2026-09-17 04:00:00+00:00,PU039,0.0,0.0,0.0
2026-09-17 04:00:00+00:00,PU044,0.0,0.0,0.0
2026-09-17 04:00:00+00:00,PU024,14.556418276977585,14.556418276977585,1.888513902004905
2026-09-17 04:00:00+00:00,PU027,98.01093730970392,98.01093730970392,11.986581882636752
2026-09-17 04:00:00+00:00,PU031,0.0,0.0,0.0
2026-09-17 04:00:00+00:00,PU034,40.79133656763311,40.79133656763311,4.954538801342043
2026-09-17 04:00:00+00:00,PU041,0.0,0.0,0.0
2026-09-17 04:00:00+00:00,PU032,24.07386568125549,24.07386568125549,3.1030217240764806
2026-09-17 04:00:00+00:00,PU040,0.0,0.0,0.0
2026-09-17 04:00:00+00:00,PU028,27.88563511979197,27.88563511979197,3.2803597137025484
2026-09-17 04:00:00+00:00,PU038,0.0,0.0,0.0
2026-09-17 04:00:00+00:00,PU037,0.0,0.0,0.0
2026-09-17 04:00:00+00:00,PU042,0.0,0.0,0.0
2026-09-17 04:00:00+00:00,PU036,353.2061564875911,353.2061564875911,36.75752842760012
2026-09-17 04:00:00+00:00,PU035,27.85743479597461,27.85743479597461,3.166499279748112
2026-09-17 04:00:00+00:00,PU033,327.165220728421,327.165220728421,38.76520501744777
2026-09-17 11:00:00+00:00,PU028,20.236002424129914,20.236002424129914,2.4359651320051703
2026-09-17 11:00:00+00:00,PU033,328.19334882987494,328.19334882987494,38.232432201346775
2026-09-17 11:00:00+00:00,PU042,0.0,0.0,0.0
2026-09-17 11:00:00+00:00,PU034,62.8241361490384,62.8241361490384,7.2587808206965665
2026-09-17 11:00:00+00:00,PU041,0.0,0.0,0.0
2026-09-17 11:00:00+00:00,PU032,21.850826224707777,21.850826224707777,3.003475323979962
2026-09-17 11:00:00+00:00,PU037,0.0,0.0,0.0
2026-09-17 11:00:00+00:00,PU036,460.62823437588673,460.62823437588673,49.49100264757533
2026-09-17 11:00:00+00:00,PU039,0.0,0.0,0.0
2026-09-17 11:00:00+00:00,PU035,15.513606115786772,15.513606115786772,1.7334091290107558
2026-09-17 11:00:00+00:00,PU038,0.0,0.0,0.0
2026-09-17 11:00:00+00:00,PU023,58.97157246191874,58.97157246191874,6.348262546903422
2026-09-17 11:00:00+00:00,PU040,0.0,0.0,0.0
2026-09-17 11:00:00+00:00,PU029,0.0,0.0,0.0
2026-09-17 11:00:00+00:00,PU027,84.3584193419686,84.3584193419686,10.882201931349124
2026-09-17 11:00:00+00:00,PU026,0.0,0.0,0.0
2026-09-17 11:00:00+00:00,PU025,2.8413874799460896,2.8413874799460896,0.3824765990321171
2026-09-17 11:00:00+00:00,PU044,0.0,0.0,0.0
2026-09-17 11:00:00+00:00,PU043,0.0,0.0,0.0
2026-09-17 11:00:00+00:00,PU031,0.0,0.0,0.0
2026-09-17 11:00:00+00:00,PU030,0.0,0.0,0.0
2026-09-17 11:00:00+00:00,PU024,26.30286610176242,26.30286610176242,3.662400724398657
2026-09-17 16:00:00+00:00,PU026,0.0,0.0,0.0
2026-09-17 16:00:00+00:00,PU032,0.0,0.0,0.0
2026-09-17 16:00:00+00:00,PU043,0.0,0.0,0.0
2026-09-17 16:00:00+00:00,PU025,2.572867488961741,2.572867488961741,0.3606189447856321
2026-09-17 16:00:00+00:00,PU044,0.0,0.0,0.0
2026-09-17 16:00:00+00:00,PU027,81.96499983904033,81.96499983904033,10.25191217315255
2026-09-17 16:00:00+00:00,PU031,0.0,0.0,0.0
2026-09-17 16:00:00+00:00,PU023,16.812441758909483,16.812441758909483,2.325417617228104
2026-09-17 16:00:00+00:00,PU029,0.0,0.0,0.0
2026-09-17 16:00:00+00:00,PU024,50.56477113578883,50.56477113578883,6.36955566709848
2026-09-17 16:00:00+00:00,PU030,0.0,0.0,0.0
2026-09-17 16:00:00+00:00,PU038,0.0,0.0,0.0
2026-09-17 16:00:00+00:00,PU037,0.0,0.0,0.0
2026-09-17 16:00:00+00:00,PU042,0.0,0.0,0.0
2026-09-17 16:00:00+00:00,PU036,248.929189235142,248.929189235142,23.354008204217884
2026-09-17 16:00:00+00:00,PU041,0.0,0.0,0.0
2026-09-17 16:00:00+00:00,PU039,0.0,0.0,0.0
2026-09-17 16:00:00+00:00,PU035,15.181668500860914,15.181668500860914,1.8244551632702053
2026-09-17 16:00:00+00:00,PU034,62.28886045443923,62.28886045443923,6.997251390653611
2026-09-17 16:00:00+00:00,PU033,262.3597427037441,262.3597427037441,30.330267396099902
2026-09-17 16:00:00+00:00,PU040,0.0,0.0,0.0
2026-09-17 16:00:00+00:00,PU028,25.22146136779894,25.22146136779894,3.210646787002868
2026-09-17 21:00:00+00:00,PU038,0.0,0.0,0.0
2026-09-17 21:00:00+00:00,PU033,119.6227908997783,119.6227908997783,13.9245423703304
2026-09-17 21:00:00+00:00,PU035,32.35064858722993,32.35064858722993,4.167063789667656
2026-09-17 21:00:00+00:00,PU042,0.0,0.0,0.0
2026-09-17 21:00:00+00:00,PU034,53.88387840477475,53.88387840477475,6.742420540895218
2026-09-17 21:00:00+00:00,PU041,0.0,0.0,0.0
2026-09-17 21:00:00+00:00,PU024,17.37491005939452,17.37491005939452,2.28555631980208
2026-09-17 21:00:00+00:00,PU037,0.0,0.0,0.0
2026-09-17 21:00:00+00:00,PU040,0.0,0.0,0.0
2026-09-17 21:00:00+00:00,PU036,331.6896311630288,331.6896311630288,35.26253650301719
2026-09-17 21:00:00+00:00,PU030,0.0,0.0,0.0
2026-09-17 21:00:00+00:00,PU027,26.326211802295585,26.326211802295585,3.552615752305526
2026-09-17 21:00:00+00:00,PU023,4.59411110662395,4.59411110662395,0.6332779576183742
2026-09-17 21:00:00+00:00,PU032,0.0,0.0,0.0
2026-09-17 21:00:00+00:00,PU028,28.36843976147076,28.36843976147076,3.631744862648992
2026-09-17 21:00:00+00:00,PU031,0.0,0.0,0.0
2026-09-17 21:00:00+00:00,PU029,0.0,0.0,0.0
2026-09-17 21:00:00+00:00,PU025,0.0,0.0,0.0
2026-09-17 21:00:00+00:00,PU026,0.0,0.0,0.0
2026-09-17 21:00:00+00:00,PU044,0.0,0.0,0.0
2026-09-17 21:00:00+00:00,PU043,0.0,0.0,0.0
2026-09-17 21:00:00+00:00,PU039,0.0,0.0,0.0
2026-09-18 04:00:00+00:00,PU032,2.427523419130273,2.427523419130273,0.315662114439909
2026-09-18 04:00:00+00:00,PU031,0.0,0.0,0.0
2026-09-18 04:00:00+00:00,PU023,15.274851532911862,15.274851532911862,2.114413345152005
2026-09-18 04:00:00+00:00,PU044,0.0,0.0,0.0
2026-09-18 04:00:00+00:00,PU043,0.0,0.0,0.0
2026-09-18 04:00:00+00:00,PU029,0.0,0.0,0.0
2026-09-18 04:00:00+00:00,PU026,0.0,0.0,0.0
2026-09-18 04:00:00+00:00,PU030,0.0,0.0,0.0
2026-09-18 04:00:00+00:00,PU027,48.399211569381855,48.399211569381855,6.658901880702056
2026-09-18 04:00:00+00:00,PU037,0.0,0.0,0.0
2026-09-18 04:00:00+00:00,PU024,33.257885260661865,33.257885260661865,4.292006770295856
2026-09-18 04:00:00+00:00,PU040,0.0,0.0,0.0
2026-09-18 04:00:00+00:00,PU036,255.72279126789607,255.72279126789607,27.74220617404956
2026-09-18 04:00:00+00:00,PU033,337.7775863215808,337.7775863215808,37.21840076270878
2026-09-18 04:00:00+00:00,PU039,0.0,0.0,0.0
2026-09-18 04:00:00+00:00,PU034,13.399357169243832,13.399357169243832,1.7212509814913737
2026-09-18 04:00:00+00:00,PU041,0.0,0.0,0.0
2026-09-18 04:00:00+00:00,PU035,25.59135173763126,25.59135173763126,2.8708469295284123
2026-09-18 04:00:00+00:00,PU038,0.0,0.0,0.0
2026-09-18 04:00:00+00:00,PU042,0.0,0.0,0.0
2026-09-18 04:00:00+00:00,PU025,0.0,0.0,0.0
2026-09-18 04:00:00+00:00,PU028,11.676159316415756,11.676159316415756,1.5074129639305114
2026-09-18 11:00:00+00:00,PU028,46.96560655885838,46.96560655885838,5.637822499635699
2026-09-18 11:00:00+00:00,PU036,287.65720108233137,287.65720108233137,29.842598864831096
2026-09-18 11:00:00+00:00,PU039,0.0,0.0,0.0
2026-09-18 11:00:00+00:00,PU040,0.0,0.0,0.0
2026-09-18 11:00:00+00:00,PU038,0.0,0.0,0.0
2026-09-18 11:00:00+00:00,PU033,130.8421977540096,130.8421977540096,16.589449211526976
2026-09-18 11:00:00+00:00,PU029,0.0,0.0,0.0
2026-09-18 11:00:00+00:00,PU041,0.0,0.0,0.0
2026-09-18 11:00:00+00:00,PU034,76.41533389190798,76.41533389190798,9.652526916096754
2026-09-18 11:00:00+00:00,PU027,27.430198408510115,27.430198408510115,3.476591490975815
2026-09-18 11:00:00+00:00,PU037,0.0,0.0,0.0
2026-09-18 11:00:00+00:00,PU032,20.15368494602128,20.15368494602128,2.703754838314857
2026-09-18 11:00:00+00:00,PU026,0.0,0.0,0.0
2026-09-18 11:00:00+00:00,PU030,0.0,0.0,0.0
2026-09-18 11:00:00+00:00,PU025,10.373955094622351,10.373955094622351,1.465584471944597
2026-09-18 11:00:00+00:00,PU042,0.0,0.0,0.0
2026-09-18 11:00:00+00:00,PU043,0.0,0.0,0.0
2026-09-18 11:00:00+00:00,PU031,0.0,0.0,0.0
2026-09-18 11:00:00+00:00,PU044,0.0,0.0,0.0
2026-09-18 11:00:00+00:00,PU023,18.5014177185712,18.5014177185712,2.3341415016174665
2026-09-18 11:00:00+00:00,PU024,33.2553967474536,33.2553967474536,4.129453068799998
2026-09-18 11:00:00+00:00,PU035,39.66717231958214,39.66717231958214,4.528170165354132
2026-09-18 16:00:00+00:00,PU032,48.49855495082547,48.49855495082547,6.508342762296766
2026-09-18 16:00:00+00:00,PU026,0.0,0.0,0.0
2026-09-18 16:00:00+00:00,PU029,0.0,0.0,0.0
2026-09-18 16:00:00+00:00,PU027,83.19964705280319,83.19964705280319,10.718001347539284
2026-09-18 16:00:00+00:00,PU025,5.951157132179258,5.951157132179258,0.8368201823485275
2026-09-18 16:00:00+00:00,PU043,0.0,0.0,0.0
2026-09-18 16:00:00+00:00,PU024,0.0,0.0,0.0
2026-09-18 16:00:00+00:00,PU023,76.7612312751208,76.7612312751208,9.937479950099192
2026-09-18 16:00:00+00:00,PU042,0.0,0.0,0.0
2026-09-18 16:00:00+00:00,PU028,8.250599020305929,8.250599020305929,0.9964915885501238
2026-09-18 16:00:00+00:00,PU031,3.5904235992141547,3.5904235992141547,0.5014730268750159
2026-09-18 16:00:00+00:00,PU030,0.0,0.0,0.0
2026-09-18 16:00:00+00:00,PU039,0.0,0.0,0.0
2026-09-18 16:00:00+00:00,PU033,224.9607045405305,224.9607045405305,28.373188737342453
2026-09-18 16:00:00+00:00,PU038,0.0,0.0,0.0
2026-09-18 16:00:00+00:00,PU035,17.114010812993726,17.114010812993726,2.06754648143308
2026-09-18 16:00:00+00:00,PU041,0.0,0.0,0.0
2026-09-18 16:00:00+00:00,PU040,0.0,0.0,0.0
2026-09-18 16:00:00+00:00,PU034,36.08649267602185,36.08649267602185,4.406637249062367
2026-09-18 16:00:00+00:00,PU036,215.10740773964565,215.10740773964565,24.431896632189016
2026-09-18 16:00:00+00:00,PU037,0.0,0.0,0.0
2026-09-18 16:00:00+00:00,PU044,0.0,0.0,0.0
2026-09-18 20:00:00+00:00,PU026,0.0,0.0,0.0
2026-09-18 20:00:00+00:00,PU038,0.0,0.0,0.0
2026-09-18 20:00:00+00:00,PU040,0.0,0.0,0.0
2026-09-18 20:00:00+00:00,PU033,239.2302895727487,239.2302895727487,30.147041508487007
2026-09-18 20:00:00+00:00,PU035,24.360137916770245,24.360137916770245,2.790214825275316
2026-09-18 20:00:00+00:00,PU042,0.0,0.0,0.0
2026-09-18 20:00:00+00:00,PU039,0.0,0.0,0.0
2026-09-18 20:00:00+00:00,PU041,0.0,0.0,0.0
2026-09-18 20:00:00+00:00,PU028,10.887702419310092,10.887702419310092,1.3771238754104305
2026-09-18 20:00:00+00:00,PU034,43.60263600480204,43.60263600480204,5.395382221086474
2026-09-18 20:00:00+00:00,PU037,0.0,0.0,0.0
2026-09-18 20:00:00+00:00,PU036,212.50418806824936,212.50418806824936,27.1764563219675
2026-09-18 20:00:00+00:00,PU031,10.803329358521582,10.803329358521582,1.481675918058444
2026-09-18 20:00:00+00:00,PU044,60.09893788515938,60.09893788515938,8.037309810345429
2026-09-18 20:00:00+00:00,PU023,74.8309124997211,74.8309124997211,9.39869902053054
2026-09-18 20:00:00+00:00,PU024,0.0,0.0,0.0
2026-09-18 20:00:00+00:00,PU032,10.432176471988772,10.432176471988772,1.4260957381995514
2026-09-18 20:00:00+00:00,PU029,0.0,0.0,0.0
2026-09-18 20:00:00+00:00,PU030,0.0,0.0,0.0
2026-09-18 20:00:00+00:00,PU025,1.4933018563271885,1.4933018563271885,0.211723796651921
2026-09-18 20:00:00+00:00,PU027,55.28723478730728,55.28723478730728,6.958917194099625
2026-09-18 20:00:00+00:00,PU043,0.0,0.0,0.0
2026-09-18 23:00:00+00:00,PU027,54.27234389760062,54.27234389760062,6.703304676750278
2026-09-18 23:00:00+00:00,PU030,0.0,0.0,0.0
2026-09-18 23:00:00+00:00,PU025,25.034361555633183,25.034361555633183,3.319409049375686
2026-09-18 23:00:00+00:00,PU029,0.0,0.0,0.0
2026-09-18 23:00:00+00:00,PU026,0.0,0.0,0.0
2026-09-18 23:00:00+00:00,PU035,36.51703873283705,36.51703873283705,4.340994550090629
2026-09-18 23:00:00+00:00,PU024,162.64377671193012,162.64377671193012,20.335773989958817
2026-09-18 23:00:00+00:00,PU023,0.0,0.0,0.0
2026-09-18 23:00:00+00:00,PU043,14.66078869881662,14.66078869881662,2.011860307524468
2026-09-18 23:00:00+00:00,PU044,0.0,0.0,0.0
2026-09-18 23:00:00+00:00,PU031,0.0,0.0,0.0
2026-09-18 23:00:00+00:00,PU039,0.0,0.0,0.0
2026-09-18 23:00:00+00:00,PU037,0.0,0.0,0.0
2026-09-18 23:00:00+00:00,PU034,66.81305425111482,66.81305425111482,7.810251393707642
2026-09-18 23:00:00+00:00,PU033,186.03015865412647,186.03015865412647,22.77840729985513
2026-09-18 23:00:00+00:00,PU041,0.0,0.0,0.0
2026-09-18 23:00:00+00:00,PU040,0.0,0.0,0.0
2026-09-18 23:00:00+00:00,PU036,376.3537889781736,376.3537889781736,39.76586478937802
2026-09-18 23:00:00+00:00,PU038,0.0,0.0,0.0
2026-09-18 23:00:00+00:00,PU028,17.987317351697733,17.987317351697733,2.3488705718418563
2026-09-18 23:00:00+00:00,PU042,0.0,0.0,0.0
2026-09-18 23:00:00+00:00,PU032,0.0,0.0,0.0
2026-09-19 04:00:00+00:00,PU029,0.0,0.0,0.0
2026-09-19 04:00:00+00:00,PU035,9.169695461216223,9.169695461216223,1.159040945018389
2026-09-19 04:00:00+00:00,PU036,589.7224673420333,589.7224673420333,62.87523551991562
2026-09-19 04:00:00+00:00,PU040,0.0,0.0,0.0
2026-09-19 04:00:00+00:00,PU033,48.90186429207729,48.90186429207729,5.663903620539244
2026-09-19 04:00:00+00:00,PU037,0.0,0.0,0.0
2026-09-19 04:00:00+00:00,PU042,0.0,0.0,0.0
2026-09-19 04:00:00+00:00,PU039,0.0,0.0,0.0
2026-09-19 04:00:00+00:00,PU028,21.986543632060272,21.986543632060272,2.865501688853181
2026-09-19 04:00:00+00:00,PU041,0.0,0.0,0.0
2026-09-19 04:00:00+00:00,PU038,0.0,0.0,0.0
2026-09-19 04:00:00+00:00,PU023,79.09820501131632,79.09820501131632,9.288808785042708
2026-09-19 04:00:00+00:00,PU034,23.009866764248283,23.009866764248283,2.585932639528356
2026-09-19 04:00:00+00:00,PU025,23.720025719199217,23.720025719199217,3.0510674447408617
2026-09-19 04:00:00+00:00,PU032,18.63928588628671,18.63928588628671,2.378910195936954
2026-09-19 04:00:00+00:00,PU030,0.0,0.0,0.0
2026-09-19 04:00:00+00:00,PU043,0.0,0.0,0.0
2026-09-19 04:00:00+00:00,PU024,0.5183820884739744,0.5183820884739744,0.068540498903184
2026-09-19 04:00:00+00:00,PU044,46.12650933636947,46.12650933636947,5.907162810292473
2026-09-19 04:00:00+00:00,PU026,0.0,0.0,0.0
2026-09-19 04:00:00+00:00,PU027,90.18279747658056,90.18279747658056,11.78297430089498
2026-09-19 04:00:00+00:00,PU031,0.0,0.0,0.0
2026-09-19 10:00:00+00:00,PU029,0.0,0.0,0.0
2026-09-19 10:00:00+00:00,PU031,0.0,0.0,0.0
2026-09-19 10:00:00+00:00,PU027,75.64437632131414,75.64437632131414,9.826473587728085
2026-09-19 10:00:00+00:00,PU026,0.0,0.0,0.0
2026-09-19 10:00:00+00:00,PU044,46.673475797458224,46.673475797458224,6.489415488495984
2026-09-19 10:00:00+00:00,PU043,0.0,0.0,0.0
2026-09-19 10:00:00+00:00,PU025,37.5010062002244,37.5010062002244,5.115117338100451
2026-09-19 10:00:00+00:00,PU030,0.0,0.0,0.0
2026-09-19 10:00:00+00:00,PU024,32.11482851128851,32.11482851128851,4.00233330647903
2026-09-19 10:00:00+00:00,PU032,21.53054208128302,21.53054208128302,2.9856855400145035
2026-09-19 10:00:00+00:00,PU038,0.0,0.0,0.0
2026-09-19 10:00:00+00:00,PU034,27.787188159292644,27.787188159292644,3.108674181346937
2026-09-19 10:00:00+00:00,PU042,0.0,0.0,0.0
2026-09-19 10:00:00+00:00,PU040,0.0,0.0,0.0
2026-09-19 10:00:00+00:00,PU041,0.0,0.0,0.0
2026-09-19 10:00:00+00:00,PU028,26.86912771486696,26.86912771486696,3.4363846520779773
2026-09-19 10:00:00+00:00,PU033,76.63831027134711,76.63831027134711,9.47194893581971
2026-09-19 10:00:00+00:00,PU036,509.4903133443486,509.4903133443486,55.1350342314071
2026-09-19 10:00:00+00:00,PU037,0.0,0.0,0.0
2026-09-19 10:00:00+00:00,PU023,61.88198313565648,61.88198313565648,7.965118558182017
2026-09-19 10:00:00+00:00,PU035,44.0310291704154,44.0310291704154,5.535307087429463
2026-09-19 10:00:00+00:00,PU039,0.0,0.0,0.0
2026-09-19 15:00:00+00:00,PU028,20.14971506601289,20.14971506601289,2.574910500133828
2026-09-19 15:00:00+00:00,PU041,0.0,0.0,0.0
2026-09-19 15:00:00+00:00,PU033,51.065970453095005,51.065970453095005,6.047710605810534
2026-09-19 15:00:00+00:00,PU042,0.0,0.0,0.0
2026-09-19 15:00:00+00:00,PU039,0.0,0.0,0.0
2026-09-19 15:00:00+00:00,PU038,0.0,0.0,0.0
2026-09-19 15:00:00+00:00,PU037,0.0,0.0,0.0
2026-09-19 15:00:00+00:00,PU040,0.0,0.0,0.0
2026-09-19 15:00:00+00:00,PU035,70.45525530729535,70.45525530729535,8.607136869604949
2026-09-19 15:00:00+00:00,PU036,425.0433925445005,425.0433925445005,49.35367238046738
2026-09-19 15:00:00+00:00,PU034,36.37331228433064,36.37331228433064,4.622151517327277
2026-09-19 15:00:00+00:00,PU030,0.0,0.0,0.0
2026-09-19 15:00:00+00:00,PU032,25.82725824996372,25.82725824996372,3.267272566533725
2026-09-19 15:00:00+00:00,PU043,0.0,0.0,0.0
2026-09-19 15:00:00+00:00,PU023,8.240803009802669,8.240803009802669,1.1253578274098968
2026-09-19 15:00:00+00:00,PU024,22.263387625416648,22.263387625416648,3.101341285386429
2026-09-19 15:00:00+00:00,PU025,74.57086495246232,74.57086495246232,10.265555441258282
2026-09-19 15:00:00+00:00,PU044,23.42684429478384,23.42684429478384,3.318395969349595
2026-09-19 15:00:00+00:00,PU026,0.0,0.0,0.0
2026-09-19 15:00:00+00:00,PU027,16.563021100413195,16.563021100413195,2.1985505690968474
2026-09-19 15:00:00+00:00,PU031,10.671425589858323,10.671425589858323,1.5034899043115462
2026-09-19 15:00:00+00:00,PU029,0.0,0.0,0.0
2026-09-19 20:00:00+00:00,PU031,0.0,0.0,0.0
2026-09-19 20:00:00+00:00,PU029,0.0,0.0,0.0
2026-09-19 20:00:00+00:00,PU032,54.816839470455164,54.816839470455164,6.641604531352672
2026-09-19 20:00:00+00:00,PU030,0.0,0.0,0.0
2026-09-19 20:00:00+00:00,PU026,0.0,0.0,0.0
2026-09-19 20:00:00+00:00,PU024,8.664798108474448,8.664798108474448,1.07967654822092
2026-09-19 20:00:00+00:00,PU023,49.5797490790055,49.5797490790055,6.687708800464731
2026-09-19 20:00:00+00:00,PU025,28.136769120006583,28.136769120006583,3.88068154353788
2026-09-19 20:00:00+00:00,PU044,0.0,0.0,0.0
2026-09-19 20:00:00+00:00,PU027,38.47009471202696,38.47009471202696,5.1885609828315085
2026-09-19 20:00:00+00:00,PU028,19.70480186079843,19.70480186079843,2.580657903714635
2026-09-19 20:00:00+00:00,PU033,36.540204003015866,36.540204003015866,4.460932091631835
2026-09-19 20:00:00+00:00,PU036,409.7321137138538,409.7321137138538,43.165414854576014
2026-09-19 20:00:00+00:00,PU043,0.0,0.0,0.0
2026-09-19 20:00:00+00:00,PU037,0.0,0.0,0.0
2026-09-19 20:00:00+00:00,PU040,0.0,0.0,0.0
2026-09-19 20:00:00+00:00,PU039,0.0,0.0,0.0
2026-09-19 20:00:00+00:00,PU038,0.0,0.0,0.0
2026-09-19 20:00:00+00:00,PU041,0.0,0.0,0.0
2026-09-19 20:00:00+00:00,PU034,26.880804832925023,26.880804832925023,2.9382511190016016
2026-09-19 20:00:00+00:00,PU035,46.014019052743855,46.014019052743855,5.454695932178362
2026-09-19 20:00:00+00:00,PU042,0.0,0.0,0.0
2026-09-19 22:00:00+00:00,PU040,0.0,0.0,0.0
2026-09-19 22:00:00+00:00,PU027,89.01727006606262,89.01727006606262,11.504107244883624
2026-09-19 22:00:00+00:00,PU039,0.0,0.0,0.0
2026-09-19 22:00:00+00:00,PU036,511.7748533837824,511.7748533837824,54.374990729046296
2026-09-19 22:00:00+00:00,PU038,0.0,0.0,0.0
2026-09-19 22:00:00+00:00,PU034,13.5866308734575,13.5866308734575,1.7561276794194327
2026-09-19 22:00:00+00:00,PU042,0.0,0.0,0.0
2026-09-19 22:00:00+00:00,PU041,0.0,0.0,0.0
2026-09-19 22:00:00+00:00,PU037,0.0,0.0,0.0
2026-09-19 22:00:00+00:00,PU035,32.917722842839964,32.917722842839964,4.08745760704524
2026-09-19 22:00:00+00:00,PU028,17.581097336011023,17.581097336011023,2.332200218076041
2026-09-19 22:00:00+00:00,PU032,31.078844275074555,31.078844275074555,3.685959127386174
2026-09-19 22:00:00+00:00,PU025,14.806553205965349,14.806553205965349,2.0616750119376315
2026-09-19 22:00:00+00:00,PU031,0.0,0.0,0.0
2026-09-19 22:00:00+00:00,PU024,0.0,0.0,0.0
2026-09-19 22:00:00+00:00,PU043,0.0,0.0,0.0
2026-09-19 22:00:00+00:00,PU023,52.78696165964254,52.78696165964254,6.2095255364165896
2026-09-19 22:00:00+00:00,PU030,0.0,0.0,0.0
2026-09-19 22:00:00+00:00,PU029,0.0,0.0,0.0
2026-09-19 22:00:00+00:00,PU044,0.0,0.0,0.0
2026-09-19 22:00:00+00:00,PU026,0.0,0.0,0.0
2026-09-19 22:00:00+00:00,PU033,55.89818929866215,55.89818929866215,7.357203883794168
2026-09-20 04:00:00+00:00,PU026,0.0,0.0,0.0
2026-09-20 04:00:00+00:00,PU024,143.63046045276909,143.63046045276909,17.599181287508696
2026-09-20 04:00:00+00:00,PU032,0.0,0.0,0.0
2026-09-20 04:00:00+00:00,PU031,0.0,0.0,0.0
2026-09-20 04:00:00+00:00,PU030,0.0,0.0,0.0
2026-09-20 04:00:00+00:00,PU027,1102.4560046009465,1102.4560046009465,116.66559598212253
2026-09-20 04:00:00+00:00,PU043,0.0,0.0,0.0
2026-09-20 04:00:00+00:00,PU025,117.80068708547704,117.80068708547704,13.055282806772391
2026-09-20 04:00:00+00:00,PU023,166.80351291828475,166.80351291828475,19.20610128425329
2026-09-20 04:00:00+00:00,PU029,0.0,0.0,0.0
2026-09-20 04:00:00+00:00,PU044,5.992233408532096,5.992233408532096,0.7857183123853455
2026-09-20 04:00:00+00:00,PU033,174.58414988760308,174.58414988760308,18.23476975186789
2026-09-20 04:00:00+00:00,PU036,736.400044060324,736.400044060324,82.64799008514862
2026-09-20 04:00:00+00:00,PU039,0.0,0.0,0.0
2026-09-20 04:00:00+00:00,PU035,30.28829934847831,30.28829934847831,3.1262976795022306
2026-09-20 04:00:00+00:00,PU042,0.0,0.0,0.0
2026-09-20 04:00:00+00:00,PU028,414.0207424005412,414.0207424005412,41.834917251675726
2026-09-20 04:00:00+00:00,PU041,0.0,0.0,0.0
2026-09-20 04:00:00+00:00,PU037,0.0,0.0,0.0
2026-09-20 04:00:00+00:00,PU038,0.0,0.0,0.0
2026-09-20 04:00:00+00:00,PU034,47.14393088557215,47.14393088557215,5.88129359569335
2026-09-20 04:00:00+00:00,PU040,0.0,0.0,0.0
2026-09-20 11:00:00+00:00,PU036,863.8483791276684,863.8483791276684,99.63697671774568
2026-09-20 11:00:00+00:00,PU038,0.0,0.0,0.0
2026-09-20 11:00:00+00:00,PU028,674.7266855635138,674.7266855635138,67.53704821369828
2026-09-20 11:00:00+00:00,PU035,68.99944384605321,68.99944384605321,7.542340938162776
2026-09-20 11:00:00+00:00,PU037,0.0,0.0,0.0
2026-09-20 11:00:00+00:00,PU039,0.0,0.0,0.0
2026-09-20 11:00:00+00:00,PU041,0.0,0.0,0.0
2026-09-20 11:00:00+00:00,PU033,164.9488020094011,164.9488020094011,17.013884213675972
2026-09-20 11:00:00+00:00,PU042,0.0,0.0,0.0
2026-09-20 11:00:00+00:00,PU034,49.35480805283678,49.35480805283678,6.143687247562645
2026-09-20 11:00:00+00:00,PU040,0.0,0.0,0.0
2026-09-20 11:00:00+00:00,PU044,0.0,0.0,0.0
2026-09-20 11:00:00+00:00,PU027,712.5161428564925,712.5161428564925,78.43416499826287
2026-09-20 11:00:00+00:00,PU026,4.522631146307169,4.522631146307169,0.625156306415636
2026-09-20 11:00:00+00:00,PU032,4.353934383445418,4.353934383445418,0.5824755392104665
2026-09-20 11:00:00+00:00,PU030,0.0,0.0,0.0
2026-09-20 11:00:00+00:00,PU029,0.0,0.0,0.0
2026-09-20 11:00:00+00:00,PU024,286.78568376166544,286.78568376166544,34.63096872877674
2026-09-20 11:00:00+00:00,PU043,0.0,0.0,0.0
2026-09-20 11:00:00+00:00,PU031,0.0,0.0,0.0
2026-09-20 11:00:00+00:00,PU023,136.908954616174,136.908954616174,14.98493932897152
2026-09-20 11:00:00+00:00,PU025,246.38130177342444,246.38130177342444,26.20414987234154
2026-09-20 16:00:00+00:00,PU043,0.0,0.0,0.0
2026-09-20 16:00:00+00:00,PU031,0.0,0.0,0.0
2026-09-20 16:00:00+00:00,PU024,247.9130941705727,247.9130941705727,30.40004867593796
2026-09-20 16:00:00+00:00,PU032,22.39970567689504,22.39970567689504,3.13763473496235
2026-09-20 16:00:00+00:00,PU029,0.0,0.0,0.0
2026-09-20 16:00:00+00:00,PU026,9.50357473952032,9.50357473952032,1.3463688871816006
2026-09-20 16:00:00+00:00,PU025,253.59943955240013,253.59943955240013,29.22836287585694
2026-09-20 16:00:00+00:00,PU030,0.0,0.0,0.0
2026-09-20 16:00:00+00:00,PU044,0.0,0.0,0.0
2026-09-20 16:00:00+00:00,PU023,187.6524247974467,187.6524247974467,19.543575890465444
2026-09-20 16:00:00+00:00,PU027,852.6275763228208,852.6275763228208,86.18871391295144
2026-09-20 16:00:00+00:00,PU034,58.14084389330253,58.14084389330253,8.178322129410343
2026-09-20 16:00:00+00:00,PU035,53.604447532265375,53.604447532265375,6.8215635250794575
2026-09-20 16:00:00+00:00,PU033,180.2287621165153,180.2287621165153,18.89491750464565
2026-09-20 16:00:00+00:00,PU037,0.0,0.0,0.0
2026-09-20 16:00:00+00:00,PU041,0.0,0.0,0.0
2026-09-20 16:00:00+00:00,PU039,0.0,0.0,0.0
2026-09-20 16:00:00+00:00,PU036,668.5449960048594,668.5449960048594,76.88986994942555
2026-09-20 16:00:00+00:00,PU042,0.0,0.0,0.0
2026-09-20 16:00:00+00:00,PU028,514.5612460181469,514.5612460181469,55.45976728204612
2026-09-20 16:00:00+00:00,PU040,0.0,0.0,0.0
2026-09-20 16:00:00+00:00,PU038,0.0,0.0,0.0
2026-09-20 20:00:00+00:00,PU042,0.0,0.0,0.0
2026-09-20 20:00:00+00:00,PU036,663.3968110229958,663.3968110229958,76.88371441488738
2026-09-20 20:00:00+00:00,PU040,0.0,0.0,0.0
2026-09-20 20:00:00+00:00,PU028,426.271133268828,426.271133268828,42.16132130606728
2026-09-20 20:00:00+00:00,PU035,76.72404457341469,76.72404457341469,8.556723584531142
2026-09-20 20:00:00+00:00,PU034,60.22371170875662,60.22371170875662,7.784323586006769
2026-09-20 20:00:00+00:00,PU031,0.0,0.0,0.0
2026-09-20 20:00:00+00:00,PU039,0.0,0.0,0.0
2026-09-20 20:00:00+00:00,PU041,0.0,0.0,0.0
2026-09-20 20:00:00+00:00,PU038,0.0,0.0,0.0
2026-09-20 20:00:00+00:00,PU033,141.69863404314597,141.69863404314597,14.7384355108328
2026-09-20 20:00:00+00:00,PU024,145.80864144846998,145.80864144846998,17.188109900980947
2026-09-20 20:00:00+00:00,PU037,0.0,0.0,0.0
2026-09-20 20:00:00+00:00,PU025,180.5399796282412,180.5399796282412,21.138665863299344
2026-09-20 20:00:00+00:00,PU027,604.3889754808529,604.3889754808529,64.22822619337842
2026-09-20 20:00:00+00:00,PU044,0.0,0.0,0.0
2026-09-20 20:00:00+00:00,PU030,0.0,0.0,0.0
2026-09-20 20:00:00+00:00,PU029,0.0,0.0,0.0
2026-09-20 20:00:00+00:00,PU032,8.8584067000088,8.8584067000088,1.2411154590623463
2026-09-20 20:00:00+00:00,PU023,147.09455488034732,147.09455488034732,18.18257675764885
2026-09-20 20:00:00+00:00,PU043,0.0,0.0,0.0
2026-09-20 20:00:00+00:00,PU026,0.0,0.0,0.0
2026-09-20 23:00:00+00:00,PU027,623.8376023377758,623.8376023377758,66.40108086283092
2026-09-20 23:00:00+00:00,PU030,0.0,0.0,0.0
2026-09-20 23:00:00+00:00,PU029,0.0,0.0,0.0
2026-09-20 23:00:00+00:00,PU025,148.89760317202638,148.89760317202638,17.352414819104574
2026-09-20 23:00:00+00:00,PU031,0.0,0.0,0.0
2026-09-20 23:00:00+00:00,PU043,0.0,0.0,0.0
2026-09-20 23:00:00+00:00,PU024,87.83764354370591,87.83764354370591,10.99010365652899
2026-09-20 23:00:00+00:00,PU023,123.86212838666538,123.86212838666538,14.601415360401491
2026-09-20 23:00:00+00:00,PU026,0.0,0.0,0.0
2026-09-20 23:00:00+00:00,PU038,0.0,0.0,0.0
2026-09-20 23:00:00+00:00,PU044,0.0,0.0,0.0
2026-09-20 23:00:00+00:00,PU037,0.0,0.0,0.0
2026-09-20 23:00:00+00:00,PU041,0.0,0.0,0.0
2026-09-20 23:00:00+00:00,PU040,0.0,0.0,0.0
2026-09-20 23:00:00+00:00,PU036,774.8263276616742,774.8263276616742,89.31341612649146
2026-09-20 23:00:00+00:00,PU042,0.0,0.0,0.0
2026-09-20 23:00:00+00:00,PU034,54.42312260608701,54.42312260608701,6.910581505287164
2026-09-20 23:00:00+00:00,PU039,0.0,0.0,0.0
2026-09-20 23:00:00+00:00,PU033,127.43061681732851,127.43061681732851,12.535766815336908
2026-09-20 23:00:00+00:00,PU035,58.12693538205391,58.12693538205391,6.629834703993507
2026-09-20 23:00:00+00:00,PU032,0.0,0.0,0.0
2026-09-20 23:00:00+00:00,PU028,486.7644295739945,486.7644295739945,49.771787467065074
2026-09-21 04:00:00+00:00,PU033,248.0815590683647,248.0815590683647,26.535737549169387
2026-09-21 04:00:00+00:00,PU028,446.4638904602161,446.4638904602161,48.71881250631255
2026-09-21 04:00:00+00:00,PU035,21.65505875081669,21.65505875081669,2.292243595280406
2026-09-21 04:00:00+00:00,PU042,0.0,0.0,0.0
2026-09-21 04:00:00+00:00,PU040,0.0,0.0,0.0
2026-09-21 04:00:00+00:00,PU041,0.0,0.0,0.0
2026-09-21 04:00:00+00:00,PU034,105.56399170816492,105.56399170816492,13.028627258476403
2026-09-21 04:00:00+00:00,PU037,0.0,0.0,0.0
2026-09-21 04:00:00+00:00,PU039,0.0,0.0,0.0
2026-09-21 04:00:00+00:00,PU032,0.0,0.0,0.0
2026-09-21 04:00:00+00:00,PU038,0.0,0.0,0.0
2026-09-21 04:00:00+00:00,PU043,0.0,0.0,0.0
2026-09-21 04:00:00+00:00,PU029,0.0,0.0,0.0
2026-09-21 04:00:00+00:00,PU024,531.0983053701046,531.0983053701046,56.68338419475116
2026-09-21 04:00:00+00:00,PU036,278.27496649882414,278.27496649882414,32.09267582455292
2026-09-21 04:00:00+00:00,PU030,0.0,0.0,0.0
2026-09-21 04:00:00+00:00,PU026,0.0,0.0,0.0
2026-09-21 04:00:00+00:00,PU023,16.76816188833267,16.76816188833267,2.0626621788740422
2026-09-21 04:00:00+00:00,PU031,0.0,0.0,0.0
2026-09-21 04:00:00+00:00,PU025,387.5826524507139,387.5826524507139,44.6346590887181
2026-09-21 04:00:00+00:00,PU027,258.5076946403884,258.5076946403884,25.583381643035693
2026-09-21 04:00:00+00:00,PU044,0.0,0.0,0.0
2026-09-21 12:00:00+00:00,PU031,0.0,0.0,0.0
2026-09-21 12:00:00+00:00,PU026,12.27319634235124,12.27319634235124,1.3823413674268945
2026-09-21 12:00:00+00:00,PU030,0.0,0.0,0.0
2026-09-21 12:00:00+00:00,PU027,646.0290304881648,646.0290304881648,74.99447220943043
2026-09-21 12:00:00+00:00,PU024,880.7135273297242,880.7135273297242,88.35358912181098
2026-09-21 12:00:00+00:00,PU035,49.87125474394779,49.87125474394779,5.593202323481032
2026-09-21 12:00:00+00:00,PU043,0.0,0.0,0.0
2026-09-21 12:00:00+00:00,PU029,0.0,0.0,0.0
2026-09-21 12:00:00+00:00,PU023,48.34357541566762,48.34357541566762,6.247115926104916
2026-09-21 12:00:00+00:00,PU025,449.8938496198602,449.8938496198602,48.277253862701485
2026-09-21 12:00:00+00:00,PU032,50.614696759155095,50.614696759155095,7.080729873247231
2026-09-21 12:00:00+00:00,PU028,579.9654885801278,579.9654885801278,63.35436178165492
2026-09-21 12:00:00+00:00,PU044,0.0,0.0,0.0
2026-09-21 12:00:00+00:00,PU036,391.27467511735455,391.27467511735455,43.148207779835005
2026-09-21 12:00:00+00:00,PU038,0.0,0.0,0.0
2026-09-21 12:00:00+00:00,PU034,82.64822180143194,82.64822180143194,8.429816094655141
2026-09-21 12:00:00+00:00,PU037,0.0,0.0,0.0
2026-09-21 12:00:00+00:00,PU039,0.0,0.0,0.0
2026-09-21 12:00:00+00:00,PU042,0.0,0.0,0.0
2026-09-21 12:00:00+00:00,PU040,0.0,0.0,0.0
2026-09-21 12:00:00+00:00,PU033,319.1340151314808,319.1340151314808,30.282763894116293
2026-09-21 12:00:00+00:00,PU041,0.0,0.0,0.0
2026-09-21 19:00:00+00:00,PU029,0.0,0.0,0.0
2026-09-21 19:00:00+00:00,PU030,2.1362634518447785,2.1362634518447785,0.2994235323402743
2026-09-21 19:00:00+00:00,PU037,0.0,0.0,0.0
2026-09-21 19:00:00+00:00,PU038,0.0,0.0,0.0
2026-09-21 19:00:00+00:00,PU028,507.6147196710432,507.6147196710432,58.442835590585695
2026-09-21 19:00:00+00:00,PU040,0.0,0.0,0.0
2026-09-21 19:00:00+00:00,PU034,185.9080810740536,185.9080810740536,21.894804081246978
2026-09-21 19:00:00+00:00,PU039,0.0,0.0,0.0
2026-09-21 19:00:00+00:00,PU041,0.0,0.0,0.0
2026-09-21 19:00:00+00:00,PU033,264.495265042278,264.495265042278,30.549740026426
2026-09-21 19:00:00+00:00,PU036,377.7242473525206,377.7242473525206,41.17243802593945
2026-09-21 19:00:00+00:00,PU035,29.177752335826803,29.177752335826803,3.145315116054964
2026-09-21 19:00:00+00:00,PU031,0.0,0.0,0.0
2026-09-21 19:00:00+00:00,PU023,66.26243729320292,66.26243729320292,6.464559990446128
2026-09-21 19:00:00+00:00,PU043,0.0,0.0,0.0
2026-09-21 19:00:00+00:00,PU042,0.0,0.0,0.0
2026-09-21 19:00:00+00:00,PU032,13.09895034427336,13.09895034427336,1.474706232381498
2026-09-21 19:00:00+00:00,PU026,0.0,0.0,0.0
2026-09-21 19:00:00+00:00,PU024,805.3735899231644,805.3735899231644,83.82321543637306
2026-09-21 19:00:00+00:00,PU027,382.85081736064825,382.85081736064825,43.8275765155969
2026-09-21 19:00:00+00:00,PU025,357.6041610375903,357.6041610375903,42.27385480325264
2026-09-21 19:00:00+00:00,PU044,0.0,0.0,0.0
2026-09-22 00:00:00+00:00,PU044,0.0,0.0,0.0
2026-09-22 00:00:00+00:00,PU025,88.24424920870887,88.24424920870887,10.885327818792115
2026-09-22 00:00:00+00:00,PU027,1172.62831848092,1172.62831848092,125.04996556647738
2026-09-22 00:00:00+00:00,PU024,323.0522891316252,323.0522891316252,40.07777882064308
2026-09-22 00:00:00+00:00,PU026,0.0,0.0,0.0
2026-09-22 00:00:00+00:00,PU023,1041.6712486063868,1041.6712486063868,104.43108169134176
2026-09-22 00:00:00+00:00,PU042,0.0,0.0,0.0
2026-09-22 00:00:00+00:00,PU032,37.89207217168431,37.89207217168431,4.339583978653448
2026-09-22 00:00:00+00:00,PU043,0.0,0.0,0.0
2026-09-22 00:00:00+00:00,PU031,2.2774739120144947,2.2774739120144947,0.3036475671479465
2026-09-22 00:00:00+00:00,PU035,9.822904653106947,9.822904653106947,1.191199272962634
2026-09-22 00:00:00+00:00,PU036,48.49388773952865,48.49388773952865,5.751144738825928
2026-09-22 00:00:00+00:00,PU029,0.0,0.0,0.0
2026-09-22 00:00:00+00:00,PU033,415.8766756684644,415.8766756684644,47.754019538521575
2026-09-22 00:00:00+00:00,PU041,0.0,0.0,0.0
2026-09-22 00:00:00+00:00,PU039,0.0,0.0,0.0
2026-09-22 00:00:00+00:00,PU034,47.68755967972188,47.68755967972188,5.605017692790854
2026-09-22 00:00:00+00:00,PU040,0.0,0.0,0.0
2026-09-22 00:00:00+00:00,PU028,344.5882195376144,344.5882195376144,33.920577209333906
2026-09-22 00:00:00+00:00,PU038,0.0,0.0,0.0
2026-09-22 00:00:00+00:00,PU037,0.0,0.0,0.0
2026-09-22 00:00:00+00:00,PU030,47.135268934700825,47.135268934700825,6.223619647887015
2026-09-22 04:00:00+00:00,PU037,0.0,0.0,0.0
2026-09-22 04:00:00+00:00,PU038,0.0,0.0,0.0
2026-09-22 04:00:00+00:00,PU028,721.1835874997483,721.1835874997483,70.212419545264
2026-09-22 04:00:00+00:00,PU040,0.0,0.0,0.0
2026-09-22 04:00:00+00:00,PU034,59.4059131305236,59.4059131305236,7.070140131811146
2026-09-22 04:00:00+00:00,PU039,0.0,0.0,0.0
2026-09-22 04:00:00+00:00,PU041,0.0,0.0,0.0
2026-09-22 04:00:00+00:00,PU036,265.2470921181378,265.2470921181378,29.88336861430165
2026-09-22 04:00:00+00:00,PU033,274.8480337743464,274.8480337743464,27.01410667327308
2026-09-22 04:00:00+00:00,PU029,0.0,0.0,0.0
2026-09-22 04:00:00+00:00,PU035,31.194549296967324,31.194549296967324,3.9353067168230793
2026-09-22 04:00:00+00:00,PU030,0.0,0.0,0.0
2026-09-22 04:00:00+00:00,PU043,0.0,0.0,0.0
2026-09-22 04:00:00+00:00,PU044,0.0,0.0,0.0
2026-09-22 04:00:00+00:00,PU025,124.34846804740972,124.34846804740972,13.3749458572003
2026-09-22 04:00:00+00:00,PU027,928.9522676330408,928.9522676330408,89.42184058513858
2026-09-22 04:00:00+00:00,PU024,457.8197853443712,457.8197853443712,42.40634452081101
2026-09-22 04:00:00+00:00,PU031,0.0,0.0,0.0
2026-09-22 04:00:00+00:00,PU023,906.1367165092996,906.1367165092996,94.45675470804512
2026-09-22 04:00:00+00:00,PU042,0.0,0.0,0.0
2026-09-22 04:00:00+00:00,PU032,5.372895622109504,5.372895622109504,0.6881045869184649
2026-09-22 04:00:00+00:00,PU026,0.0,0.0,0.0
2026-09-22 11:00:00+00:00,PU032,2.617123240616583,2.617123240616583,0.3585961669131833
2026-09-22 11:00:00+00:00,PU042,0.0,0.0,0.0
2026-09-22 11:00:00+00:00,PU023,977.9238892160704,977.9238892160704,96.42818168010172
2026-09-22 11:00:00+00:00,PU031,0.0,0.0,0.0
2026-09-22 11:00:00+00:00,PU024,337.7618790119163,337.7618790119163,34.368835020306825
2026-09-22 11:00:00+00:00,PU027,915.7923924841956,915.7923924841956,85.87062289632647
2026-09-22 11:00:00+00:00,PU025,415.4119168912117,415.4119168912117,45.700556452211416
2026-09-22 11:00:00+00:00,PU030,0.0,0.0,0.0
2026-09-22 11:00:00+00:00,PU044,29.22829261260213,29.22829261260213,4.097759640234386
2026-09-22 11:00:00+00:00,PU043,0.0,0.0,0.0
2026-09-22 11:00:00+00:00,PU026,0.0,0.0,0.0
2026-09-22 11:00:00+00:00,PU035,20.56221603693206,20.56221603693206,2.475135838755019
2026-09-22 11:00:00+00:00,PU036,312.22529466461737,312.22529466461737,35.75447983469466
2026-09-22 11:00:00+00:00,PU037,0.0,0.0,0.0
2026-09-22 11:00:00+00:00,PU038,0.0,0.0,0.0
2026-09-22 11:00:00+00:00,PU028,910.9454645819972,910.9454645819972,89.07015666615533
2026-09-22 11:00:00+00:00,PU040,0.0,0.0,0.0
2026-09-22 11:00:00+00:00,PU029,0.0,0.0,0.0
2026-09-22 11:00:00+00:00,PU039,0.0,0.0,0.0
2026-09-22 11:00:00+00:00,PU041,0.0,0.0,0.0
2026-09-22 11:00:00+00:00,PU034,92.58811865392252,92.58811865392252,12.18903689976283
2026-09-22 11:00:00+00:00,PU033,130.39155842757114,130.39155842757114,14.87847685348699
2026-09-22 16:00:00+00:00,PU034,89.5055582857403,89.5055582857403,11.035510101557652
2026-09-22 16:00:00+00:00,PU041,0.0,0.0,0.0
2026-09-22 16:00:00+00:00,PU039,0.0,0.0,0.0
2026-09-22 16:00:00+00:00,PU029,0.0,0.0,0.0
2026-09-22 16:00:00+00:00,PU040,0.0,0.0,0.0
2026-09-22 16:00:00+00:00,PU035,0.7215906893285613,0.7215906893285613,0.10162915633232
2026-09-22 16:00:00+00:00,PU028,1162.5716173293763,1162.5716173293763,129.73073654638432
2026-09-22 16:00:00+00:00,PU038,0.0,0.0,0.0
2026-09-22 16:00:00+00:00,PU037,0.0,0.0,0.0
2026-09-22 16:00:00+00:00,PU036,15.01971462747114,15.01971462747114,1.983894115512188
2026-09-22 16:00:00+00:00,PU033,281.3902724324104,281.3902724324104,29.849448570399016
2026-09-22 16:00:00+00:00,PU026,6.338041662313433,6.338041662313433,0.8937532752714923
2026-09-22 16:00:00+00:00,PU024,249.11624965289,249.11624965289,26.31561300499775
2026-09-22 16:00:00+00:00,PU042,0.0,0.0,0.0
2026-09-22 16:00:00+00:00,PU023,513.7368287432831,513.7368287432831,50.31939482866454
2026-09-22 16:00:00+00:00,PU032,36.26852320224461,36.26852320224461,3.616317090325338
2026-09-22 16:00:00+00:00,PU043,0.0,0.0,0.0
2026-09-22 16:00:00+00:00,PU027,1342.214020861697,1342.214020861697,138.44281991563355
2026-09-22 16:00:00+00:00,PU025,140.59041189481843,140.59041189481843,15.088642021381508
2026-09-22 16:00:00+00:00,PU030,0.2818406710807042,0.2818406710807042,0.0395034279218992
2026-09-22 16:00:00+00:00,PU044,97.53390289915131,97.53390289915131,13.727951152609313
2026-09-22 16:00:00+00:00,PU031,0.397023926942248,0.397023926942248,0.0562909721284441
2026-09-22 21:00:00+00:00,PU027,1116.65041856907,1116.65041856907,113.57992601682436
2026-09-22 21:00:00+00:00,PU042,0.0,0.0,0.0
2026-09-22 21:00:00+00:00,PU023,304.73901549449374,304.73901549449374,34.028650585508366
2026-09-22 21:00:00+00:00,PU032,27.01001393157427,27.01001393157427,3.6703868389092698
2026-09-22 21:00:00+00:00,PU043,0.0,0.0,0.0
2026-09-22 21:00:00+00:00,PU031,1.3710510625000891,1.3710510625000891,0.1873737383676288
2026-09-22 21:00:00+00:00,PU025,65.26841333085311,65.26841333085311,7.72657539770938
2026-09-22 21:00:00+00:00,PU030,0.0,0.0,0.0
2026-09-22 21:00:00+00:00,PU044,95.22045943617984,95.22045943617984,12.905253040866132
2026-09-22 21:00:00+00:00,PU024,342.04009247355145,342.04009247355145,41.0004215273369
2026-09-22 21:00:00+00:00,PU026,0.0,0.0,0.0
2026-09-22 21:00:00+00:00,PU033,221.4428792903795,221.4428792903795,24.033880724958667
2026-09-22 21:00:00+00:00,PU037,0.0,0.0,0.0
2026-09-22 21:00:00+00:00,PU034,26.762206240913027,26.762206240913027,3.386840661636023
2026-09-22 21:00:00+00:00,PU041,0.0,0.0,0.0
2026-09-22 21:00:00+00:00,PU039,0.0,0.0,0.0
2026-09-22 21:00:00+00:00,PU029,0.0,0.0,0.0
2026-09-22 21:00:00+00:00,PU036,11.105888532530708,11.105888532530708,1.4279127377737626
2026-09-22 21:00:00+00:00,PU035,0.393825689916129,0.393825689916129,0.0536077696084703
2026-09-22 21:00:00+00:00,PU028,731.3214649743363,731.3214649743363,76.50934164814264
2026-09-22 21:00:00+00:00,PU038,0.0,0.0,0.0
2026-09-22 21:00:00+00:00,PU040,0.0,0.0,0.0
2026-09-23 04:00:00+00:00,PU033,134.84856817733314,134.84856817733314,16.19192679928352
2026-09-23 04:00:00+00:00,PU037,0.0,0.0,0.0
2026-09-23 04:00:00+00:00,PU034,170.74451865780068,170.74451865780068,19.990463173233668
2026-09-23 04:00:00+00:00,PU041,0.0,0.0,0.0
2026-09-23 04:00:00+00:00,PU039,0.0,0.0,0.0
2026-09-23 04:00:00+00:00,PU040,0.0,0.0,0.0
2026-09-23 04:00:00+00:00,PU036,365.20424769450864,365.20424769450864,40.241585422206256
2026-09-23 04:00:00+00:00,PU035,40.74142822198478,40.74142822198478,4.879150462713812
2026-09-23 04:00:00+00:00,PU028,650.8111510495497,650.8111510495497,62.57332408825846
2026-09-23 04:00:00+00:00,PU038,0.0,0.0,0.0
2026-09-23 04:00:00+00:00,PU029,0.0,0.0,0.0
2026-09-23 04:00:00+00:00,PU026,0.0,0.0,0.0
2026-09-23 04:00:00+00:00,PU024,619.869098541821,619.869098541821,69.2839168920231
2026-09-23 04:00:00+00:00,PU027,506.36120715701657,506.36120715701657,51.64889752626959
2026-09-23 04:00:00+00:00,PU044,0.0,0.0,0.0
2026-09-23 04:00:00+00:00,PU030,0.0,0.0,0.0
2026-09-23 04:00:00+00:00,PU025,528.3137845658368,528.3137845658368,56.64521141454355
2026-09-23 04:00:00+00:00,PU031,0.0,0.0,0.0
2026-09-23 04:00:00+00:00,PU043,0.0,0.0,0.0
2026-09-23 04:00:00+00:00,PU032,2.8044196500214507,2.8044196500214507,0.3646716771201183
2026-09-23 04:00:00+00:00,PU023,394.2510994661812,394.2510994661812,43.24348641810991
2026-09-23 04:00:00+00:00,PU042,0.0,0.0,0.0
2026-09-23 11:00:00+00:00,PU023,354.38427285480424,354.38427285480424,38.74724926257818
2026-09-23 11:00:00+00:00,PU032,18.32412632831709,18.32412632831709,2.4084459670162763
2026-09-23 11:00:00+00:00,PU043,0.0,0.0,0.0
2026-09-23 11:00:00+00:00,PU031,0.0,0.0,0.0
2026-09-23 11:00:00+00:00,PU025,487.4223670325797,487.4223670325797,50.41650519445928
2026-09-23 11:00:00+00:00,PU030,0.0,0.0,0.0
2026-09-23 11:00:00+00:00,PU044,17.494396307646383,17.494396307646383,2.418223336119207
2026-09-23 11:00:00+00:00,PU026,0.0,0.0,0.0
2026-09-23 11:00:00+00:00,PU027,967.3750469930516,967.3750469930516,96.28982748120754
2026-09-23 11:00:00+00:00,PU024,670.9462173819085,670.9462173819085,77.94443825225423
2026-09-23 11:00:00+00:00,PU029,0.0,0.0,0.0
2026-09-23 11:00:00+00:00,PU042,0.0,0.0,0.0
2026-09-23 11:00:00+00:00,PU033,228.77156696458024,228.77156696458024,24.159485858888363
2026-09-23 11:00:00+00:00,PU038,0.0,0.0,0.0
2026-09-23 11:00:00+00:00,PU028,666.967875215977,666.967875215977,64.92761908681291
2026-09-23 11:00:00+00:00,PU035,43.0700987641688,43.0700987641688,5.197124409262211
2026-09-23 11:00:00+00:00,PU036,208.24421274256,208.24421274256,23.93263357724112
2026-09-23 11:00:00+00:00,PU040,0.0,0.0,0.0
2026-09-23 11:00:00+00:00,PU039,0.0,0.0,0.0
2026-09-23 11:00:00+00:00,PU041,0.0,0.0,0.0
2026-09-23 11:00:00+00:00,PU034,152.73888516029044,152.73888516029044,18.284702954854986
2026-09-23 11:00:00+00:00,PU037,0.0,0.0,0.0
2026-09-23 16:00:00+00:00,PU038,0.0,0.0,0.0
2026-09-23 16:00:00+00:00,PU028,835.2318982739413,835.2318982739413,95.3685226120556
2026-09-23 16:00:00+00:00,PU035,21.73604675544897,21.73604675544897,2.848129078526301
2026-09-23 16:00:00+00:00,PU036,118.34228916088594,118.34228916088594,13.555024428740296
2026-09-23 16:00:00+00:00,PU037,0.0,0.0,0.0
2026-09-23 16:00:00+00:00,PU042,0.0,0.0,0.0
2026-09-23 16:00:00+00:00,PU039,0.0,0.0,0.0
2026-09-23 16:00:00+00:00,PU041,0.0,0.0,0.0
2026-09-23 16:00:00+00:00,PU034,49.39752652984045,49.39752652984045,4.836123796145766
2026-09-23 16:00:00+00:00,PU033,204.8620246149981,204.8620246149981,23.42650415514636
2026-09-23 16:00:00+00:00,PU040,0.0,0.0,0.0
2026-09-23 16:00:00+00:00,PU029,0.0,0.0,0.0
2026-09-23 16:00:00+00:00,PU025,251.9927188910054,251.9927188910054,29.631597706764275
2026-09-23 16:00:00+00:00,PU032,100.91814239662764,100.91814239662764,12.143160269038216
2026-09-23 16:00:00+00:00,PU043,0.0,0.0,0.0
2026-09-23 16:00:00+00:00,PU023,899.6263251092572,899.6263251092572,91.98546857076693
2026-09-23 16:00:00+00:00,PU024,421.2517040230008,421.2517040230008,40.19258860443191
2026-09-23 16:00:00+00:00,PU030,0.0,0.0,0.0
2026-09-23 16:00:00+00:00,PU044,0.9018512193584236,0.9018512193584236,0.1277904656157175
2026-09-23 16:00:00+00:00,PU026,2.693966586003382,2.693966586003382,0.3813424061979983
2026-09-23 16:00:00+00:00,PU027,1633.93151064595,1633.93151064595,164.21235539187686
2026-09-23 16:00:00+00:00,PU031,0.0,0.0,0.0
2026-09-23 21:00:00+00:00,PU029,0.0,0.0,0.0
2026-09-23 21:00:00+00:00,PU027,1305.2790160154784,1305.2790160154784,129.1882009759348
2026-09-23 21:00:00+00:00,PU026,0.0,0.0,0.0
2026-09-23 21:00:00+00:00,PU044,0.0,0.0,0.0
2026-09-23 21:00:00+00:00,PU030,0.0,0.0,0.0
2026-09-23 21:00:00+00:00,PU024,556.4972275330176,556.4972275330176,59.18025385231967
2026-09-23 21:00:00+00:00,PU023,830.2715226489502,830.2715226489502,90.0042320792009
2026-09-23 21:00:00+00:00,PU043,0.0,0.0,0.0
2026-09-23 21:00:00+00:00,PU032,67.54829807568146,67.54829807568146,8.995095193639736
2026-09-23 21:00:00+00:00,PU025,320.8625722849401,320.8625722849401,36.73969366981596
2026-09-23 21:00:00+00:00,PU031,0.0,0.0,0.0
2026-09-23 21:00:00+00:00,PU040,0.0,0.0,0.0
2026-09-23 21:00:00+00:00,PU033,266.8100113009535,266.8100113009535,27.50606364939813
2026-09-23 21:00:00+00:00,PU038,0.0,0.0,0.0
2026-09-23 21:00:00+00:00,PU034,96.016022250187,96.016022250187,10.029846339371058
2026-09-23 21:00:00+00:00,PU041,0.0,0.0,0.0
2026-09-23 21:00:00+00:00,PU039,0.0,0.0,0.0
2026-09-23 21:00:00+00:00,PU042,0.0,0.0,0.0
2026-09-23 21:00:00+00:00,PU037,0.0,0.0,0.0
2026-09-23 21:00:00+00:00,PU036,136.0839880132404,136.0839880132404,14.613164650988823
2026-09-23 21:00:00+00:00,PU035,9.696126706809896,9.696126706809896,1.2977766749939967
2026-09-23 21:00:00+00:00,PU028,822.4604463888269,822.4604463888269,93.96171851986644
2026-09-24 04:00:00+00:00,PU035,4.455072959811102,4.455072959811102,0.5697385583469351
2026-09-24 04:00:00+00:00,PU036,355.854689676817,355.854689676817,42.97297724333879
2026-09-24 04:00:00+00:00,PU037,0.0,0.0,0.0
2026-09-24 04:00:00+00:00,PU042,0.0,0.0,0.0
2026-09-24 04:00:00+00:00,PU039,0.0,0.0,0.0
2026-09-24 04:00:00+00:00,PU040,0.0,0.0,0.0
2026-09-24 04:00:00+00:00,PU041,0.0,0.0,0.0
2026-09-24 04:00:00+00:00,PU034,95.02842362044923,95.02842362044923,11.62624190948049
2026-09-24 04:00:00+00:00,PU038,0.0,0.0,0.0
2026-09-24 04:00:00+00:00,PU033,168.83816987288935,168.83816987288935,20.38760060161775
2026-09-24 04:00:00+00:00,PU028,628.6275745255307,628.6275745255307,63.20287399374799
2026-09-24 04:00:00+00:00,PU031,0.0,0.0,0.0
2026-09-24 04:00:00+00:00,PU030,0.0,0.0,0.0
2026-09-24 04:00:00+00:00,PU029,0.0,0.0,0.0
2026-09-24 04:00:00+00:00,PU027,642.1418981659868,642.1418981659868,71.70482345552679
2026-09-24 04:00:00+00:00,PU026,0.0,0.0,0.0
2026-09-24 04:00:00+00:00,PU025,273.27812112051555,273.27812112051555,31.669699702431764
2026-09-24 04:00:00+00:00,PU024,698.2629825608188,698.2629825608188,78.97320554939566
2026-09-24 04:00:00+00:00,PU023,302.6896423227644,302.6896423227644,37.504882539900734
2026-09-24 04:00:00+00:00,PU043,0.0,0.0,0.0
2026-09-24 04:00:00+00:00,PU032,44.53846049466211,44.53846049466211,5.819144616949514
2026-09-24 04:00:00+00:00,PU044,0.0,0.0,0.0
