time,latitude,longitude,biomass_kg_per_m,station
2020-08-20 00:00:00+00:00,17.943632,-67.00623,0.2421875,C2_Center
2020-08-20 00:00:00+00:00,17.9394,-67.04,0.09375,ML2
2020-08-20 00:00:00+00:00,17.939789,-67.04021,1.2578125,ML1
2020-08-20 00:00:00+00:00,17.943748,-67.009384,0.03125,C3_West
2020-08-20 00:00:00+00:00,17.944336,-67.002266,0.2421875,C1_East
2020-08-27 00:00:00+00:00,17.939789,-67.04021,5.90625,ML1
2020-08-27 00:00:00+00:00,17.943748,-67.009384,0.2421875,C3_West
2020-08-27 00:00:00+00:00,17.944336,-67.002266,0.0,C1_East
2020-08-27 00:00:00+00:00,17.943632,-67.00623,0.0,C2_Center
2020-08-27 00:00:00+00:00,17.9394,-67.04,4.3203125,ML2
2020-09-03 00:00:00+00:00,17.943748,-67.009384,0.0,C3_West
2020-09-03 00:00:00+00:00,17.9394,-67.04,0.03125,ML2
2020-09-03 00:00:00+00:00,17.939789,-67.04021,0.03125,ML1
2020-09-03 00:00:00+00:00,17.943632,-67.00623,0.0,C2_Center
2020-09-03 00:00:00+00:00,17.944336,-67.002266,0.0,C1_East
2020-09-18 00:00:00+00:00,17.943748,-67.009384,7.6875,C3_West
2020-09-18 00:00:00+00:00,17.9394,-67.04,0.0234375,ML2
2020-09-18 00:00:00+00:00,17.944336,-67.002266,0.0,C1_East
2020-09-18 00:00:00+00:00,17.943632,-67.00623,0.0390625,C2_Center
2020-09-18 00:00:00+00:00,17.939789,-67.04021,0.0,ML1
2020-09-25 00:00:00+00:00,17.944336,-67.002266,0.0,C1_East
2020-09-25 00:00:00+00:00,17.943632,-67.00623,0.046875,C2_Center
2020-09-25 00:00:00+00:00,17.939789,-67.04021,0.0,ML1
2020-09-25 00:00:00+00:00,17.943748,-67.009384,1.859375,C3_West
2020-09-25 00:00:00+00:00,17.9394,-67.04,0.03125,ML2
2020-10-05 00:00:00+00:00,17.9394,-67.04,0.0,ML2
2020-10-05 00:00:00+00:00,17.939789,-67.04021,1.359375,ML1
2020-10-05 00:00:00+00:00,17.943632,-67.00623,0.046875,C2_Center
2020-10-05 00:00:00+00:00,17.944336,-67.002266,0.9921875,C1_East
2020-10-05 00:00:00+00:00,17.954287,-67.050186,0.1796875,E1
2020-10-05 00:00:00+00:00,17.943748,-67.009384,0.03125,C3_West
2020-10-08 00:00:00+00:00,17.939789,-67.04021,0.046875,ML1
2020-10-08 00:00:00+00:00,17.9394,-67.04,0.0,ML2
2020-10-08 00:00:00+00:00,17.943748,-67.009384,0.0,C3_West
2020-10-08 00:00:00+00:00,17.944336,-67.002266,0.9375,C1_East
2020-10-08 00:00:00+00:00,17.943632,-67.00623,0.03125,C2_Center
2020-11-05 00:00:00+00:00,17.954287,-67.050186,1.546875,E1
2020-11-10 00:00:00+00:00,17.954287,-67.050186,0.1796875,E1
2020-11-10 00:00:00+00:00,17.943748,-67.009384,0.0390625,C3_West
2020-11-10 00:00:00+00:00,17.9394,-67.04,0.0390625,ML2
2020-11-10 00:00:00+00:00,17.939789,-67.04021,1.2265625,ML1
2020-11-10 00:00:00+00:00,17.943632,-67.00623,0.46875,C2_Center
2020-11-10 00:00:00+00:00,17.944336,-67.002266,23.320312,C1_East
2020-11-24 00:00:00+00:00,17.9394,-67.04,0.0,ML2
2020-11-24 00:00:00+00:00,17.939789,-67.04021,0.0,ML1
2020-11-24 00:00:00+00:00,17.943632,-67.00623,0.0,C2_Center
2020-11-24 00:00:00+00:00,17.944336,-67.002266,0.0,C1_East
2020-11-24 00:00:00+00:00,17.943748,-67.009384,0.0,C3_West
2020-12-14 00:00:00+00:00,17.943748,-67.009384,0.0,C3_West
2020-12-14 00:00:00+00:00,17.9394,-67.04,0.0,ML2
2020-12-14 00:00:00+00:00,17.939789,-67.04021,0.0,ML1
2020-12-14 00:00:00+00:00,17.954287,-67.050186,0.0,E1
2020-12-14 00:00:00+00:00,17.943632,-67.00623,0.0,C2_Center
2020-12-14 00:00:00+00:00,17.944336,-67.002266,0.0,C1_East
2021-01-13 00:00:00+00:00,17.954287,-67.050186,0.0,E1
2021-01-13 00:00:00+00:00,17.943748,-67.009384,0.0,C3_West
2021-01-13 00:00:00+00:00,17.9394,-67.04,0.0,ML2
2021-01-13 00:00:00+00:00,17.939789,-67.04021,0.0,ML1
2021-01-13 00:00:00+00:00,17.973782,-67.06234,0.0,MJ4
2021-01-13 00:00:00+00:00,17.943632,-67.00623,0.0,C2_Center
2021-01-13 00:00:00+00:00,17.968758,-67.076935,0.0,MJ2
2021-01-13 00:00:00+00:00,17.944336,-67.002266,0.0,C1_East
2021-01-13 00:00:00+00:00,17.972672,-67.06536,0.0,MJ3
2021-02-04 00:00:00+00:00,17.939789,-67.04021,0.0,ML1
2021-02-04 00:00:00+00:00,17.943748,-67.009384,0.0,C3_West
2021-02-04 00:00:00+00:00,17.9394,-67.04,0.0,ML2
2021-02-04 00:00:00+00:00,17.972672,-67.06536,0.0,MJ3
2021-02-04 00:00:00+00:00,17.943632,-67.00623,0.0,C2_Center
2021-02-04 00:00:00+00:00,17.968758,-67.076935,0.0,MJ2
2021-02-04 00:00:00+00:00,17.944336,-67.002266,0.0,C1_East
2021-02-04 00:00:00+00:00,17.973782,-67.06234,0.0,MJ4
2021-02-04 00:00:00+00:00,17.954287,-67.050186,0.0,E1
2021-02-17 00:00:00+00:00,17.939789,-67.04021,0.0,ML1
2021-02-17 00:00:00+00:00,17.943748,-67.009384,0.0,C3_West
2021-02-17 00:00:00+00:00,17.9394,-67.04,0.0,ML2
2021-02-17 00:00:00+00:00,17.972672,-67.06536,0.0,MJ3
2021-02-17 00:00:00+00:00,17.968758,-67.076935,0.0,MJ2
2021-02-17 00:00:00+00:00,17.943632,-67.00623,0.0,C2_Center
2021-02-17 00:00:00+00:00,17.944336,-67.002266,0.0,C1_East
2021-02-17 00:00:00+00:00,17.973782,-67.06234,0.0,MJ4
2021-02-17 00:00:00+00:00,17.954287,-67.050186,0.0,E1
2021-03-04 00:00:00+00:00,17.939789,-67.04021,0.0,ML1
2021-03-04 00:00:00+00:00,17.972672,-67.06536,0.0,MJ3
2021-03-04 00:00:00+00:00,17.943748,-67.009384,0.28125,C3_West
2021-03-04 00:00:00+00:00,17.9394,-67.04,0.0,ML2
2021-03-04 00:00:00+00:00,17.973782,-67.06234,0.0,MJ4
2021-03-04 00:00:00+00:00,17.944336,-67.002266,5.2421875,C1_East
2021-03-04 00:00:00+00:00,17.943632,-67.00623,0.5390625,C2_Center
2021-03-04 00:00:00+00:00,17.954287,-67.050186,0.0,E1
2021-03-04 00:00:00+00:00,17.968758,-67.076935,0.0,MJ2
2021-03-19 00:00:00+00:00,17.942287,-67.07675,8.9609375,SC
2021-03-19 00:00:00+00:00,17.973782,-67.06234,0.0,MJ4
2021-03-19 00:00:00+00:00,17.968758,-67.076935,0.0,MJ2
2021-03-19 00:00:00+00:00,17.943077,-67.05644,0.703125,L1
2021-03-19 00:00:00+00:00,17.972672,-67.06536,0.0,MJ3
2021-03-19 00:00:00+00:00,17.9394,-67.04,0.0,ML2
2021-03-19 00:00:00+00:00,17.954287,-67.050186,0.0,E1
2021-03-19 00:00:00+00:00,17.939789,-67.04021,0.0,ML1
2021-03-19 00:00:00+00:00,17.944336,-67.002266,0.0,C1_East
2021-04-08 00:00:00+00:00,17.9394,-67.04,1.9375,ML2
2021-04-08 00:00:00+00:00,17.954287,-67.050186,5.359375,E1
2021-04-08 00:00:00+00:00,17.943748,-67.009384,24.703125,C3_West
2021-04-08 00:00:00+00:00,17.939789,-67.04021,18.617188,ML1
2021-04-08 00:00:00+00:00,17.944336,-67.002266,8.6171875,C1_East
2021-04-08 00:00:00+00:00,17.968758,-67.076935,13.0390625,MJ2
2021-04-08 00:00:00+00:00,17.942287,-67.07675,0.421875,SC
2021-04-08 00:00:00+00:00,17.9392,-67.04,5.0078125,ML3
2021-04-08 00:00:00+00:00,17.97034,-67.04777,1.0625,G1
2021-04-08 00:00:00+00:00,17.972672,-67.06536,0.0,MJ3
2021-04-08 00:00:00+00:00,17.973782,-67.06234,0.3828125,MJ4
2021-04-08 00:00:00+00:00,17.943632,-67.00623,5.0703125,C2_Center
2021-04-08 00:00:00+00:00,17.943077,-67.05644,0.421875,L1
2021-04-14 00:00:00+00:00,17.943632,-67.00623,26.5,C2_Center
2021-04-14 00:00:00+00:00,17.943077,-67.05644,5.5078125,L1
2021-04-14 00:00:00+00:00,17.97034,-67.04777,4.046875,G1
2021-04-14 00:00:00+00:00,17.942287,-67.07675,8.8515625,SC
2021-04-14 00:00:00+00:00,17.9392,-67.04,21.78125,ML3
2021-04-14 00:00:00+00:00,17.968758,-67.076935,4.6171875,MJ2
2021-04-14 00:00:00+00:00,17.972672,-67.06536,1.0,MJ3
2021-04-14 00:00:00+00:00,17.9394,-67.04,2.2421875,ML2
2021-04-14 00:00:00+00:00,17.954287,-67.050186,5.5234375,E1
2021-04-14 00:00:00+00:00,17.943748,-67.009384,16.007812,C3_West
2021-04-14 00:00:00+00:00,17.944336,-67.002266,9.90625,C1_East
2021-04-14 00:00:00+00:00,17.973782,-67.06234,1.2890625,MJ4
2021-04-14 00:00:00+00:00,17.939789,-67.04021,23.679688,ML1
2021-04-21 00:00:00+00:00,17.9392,-67.04,0.0,ML3
2021-04-21 00:00:00+00:00,17.939789,-67.04021,29.132812,ML1
2021-04-21 00:00:00+00:00,17.943748,-67.009384,15.75,C3_West
2021-04-21 00:00:00+00:00,17.9394,-67.04,0.0,ML2
2021-04-21 00:00:00+00:00,17.97034,-67.04777,0.0,G1
2021-04-21 00:00:00+00:00,17.942287,-67.07675,0.0,SC
2021-04-21 00:00:00+00:00,17.954287,-67.050186,11.6171875,E1
2021-04-21 00:00:00+00:00,17.943632,-67.00623,24.351562,C2_Center
2021-04-21 00:00:00+00:00,17.968758,-67.076935,4.6171875,MJ2
2021-04-21 00:00:00+00:00,17.972672,-67.06536,0.5,MJ3
2021-04-21 00:00:00+00:00,17.943077,-67.05644,0.0,L1
2021-04-21 00:00:00+00:00,17.944336,-67.002266,50.757812,C1_East
2021-04-21 00:00:00+00:00,17.973782,-67.06234,4.703125,MJ4
2021-04-27 00:00:00+00:00,17.943748,-67.009384,14.359375,C3_West
2021-04-27 00:00:00+00:00,17.9394,-67.04,0.921875,ML2
2021-04-27 00:00:00+00:00,17.939789,-67.04021,3.84375,ML1
2021-04-27 00:00:00+00:00,17.954287,-67.050186,6.1015625,E1
2021-04-27 00:00:00+00:00,17.97034,-67.04777,0.0,G1
2021-04-27 00:00:00+00:00,17.968758,-67.076935,1.71875,MJ2
2021-04-27 00:00:00+00:00,17.972672,-67.06536,0.0,MJ3
2021-04-27 00:00:00+00:00,17.943632,-67.00623,0.0,C2_Center
2021-04-27 00:00:00+00:00,17.973782,-67.06234,2.890625,MJ4
2021-04-27 00:00:00+00:00,17.943077,-67.05644,0.0,L1
2021-04-27 00:00:00+00:00,17.944336,-67.002266,24.140625,C1_East
2021-04-27 00:00:00+00:00,17.942287,-67.07675,6.90625,SC
2021-04-27 00:00:00+00:00,17.9392,-67.04,0.28125,ML3
2021-05-05 00:00:00+00:00,17.9394,-67.04,0.0,ML2
2021-05-05 00:00:00+00:00,17.943748,-67.009384,18.40625,C3_West
2021-05-05 00:00:00+00:00,17.939789,-67.04021,24.617188,ML1
2021-05-05 00:00:00+00:00,17.954287,-67.050186,0.7890625,E1
2021-05-05 00:00:00+00:00,17.942287,-67.07675,16.3125,SC
2021-05-05 00:00:00+00:00,17.9392,-67.04,0.0,ML3
2021-05-05 00:00:00+00:00,17.943077,-67.05644,0.0,L1
2021-05-05 00:00:00+00:00,17.968758,-67.076935,0.0,MJ2
2021-05-05 00:00:00+00:00,17.943632,-67.00623,0.0,C2_Center
2021-05-05 00:00:00+00:00,17.973782,-67.06234,0.828125,MJ4
2021-05-05 00:00:00+00:00,17.972672,-67.06536,0.0,MJ3
2021-05-05 00:00:00+00:00,17.97034,-67.04777,0.28125,G1
2021-05-05 00:00:00+00:00,17.944336,-67.002266,0.75,C1_East
2021-05-12 00:00:00+00:00,17.939789,-67.04021,28.992188,ML1
2021-05-12 00:00:00+00:00,17.9394,-67.04,2.25,ML2
2021-05-12 00:00:00+00:00,17.954287,-67.050186,14.6171875,E1
2021-05-12 00:00:00+00:00,17.943748,-67.009384,4.328125,C3_West
2021-05-12 00:00:00+00:00,17.972672,-67.06536,0.0,MJ3
2021-05-12 00:00:00+00:00,17.942287,-67.07675,69.11719,SC
2021-05-12 00:00:00+00:00,17.9392,-67.04,0.6796875,ML3
2021-05-12 00:00:00+00:00,17.944336,-67.002266,7.0,C1_East
2021-05-12 00:00:00+00:00,17.968758,-67.076935,0.0,MJ2
2021-05-12 00:00:00+00:00,17.973782,-67.06234,0.2578125,MJ4
2021-05-12 00:00:00+00:00,17.943077,-67.05644,0.0,L1
2021-05-12 00:00:00+00:00,17.943632,-67.00623,50.921875,C2_Center
2021-05-12 00:00:00+00:00,17.97034,-67.04777,0.0,G1
2021-05-18 00:00:00+00:00,17.968758,-67.076935,2.703125,MJ2
2021-05-18 00:00:00+00:00,17.972672,-67.06536,0.40625,MJ3
2021-05-18 00:00:00+00:00,17.943748,-67.009384,22.859375,C3_West
2021-05-18 00:00:00+00:00,17.9394,-67.04,21.382812,ML2
2021-05-18 00:00:00+00:00,17.939789,-67.04021,33.398438,ML1
2021-05-18 00:00:00+00:00,17.954287,-67.050186,15.2109375,E1
2021-05-18 00:00:00+00:00,17.973782,-67.06234,9.390625,MJ4
2021-05-18 00:00:00+00:00,17.944336,-67.002266,26.757812,C1_East
2021-05-18 00:00:00+00:00,17.942287,-67.07675,48.398438,SC
2021-05-18 00:00:00+00:00,17.943632,-67.00623,35.03125,C2_Center
2021-05-18 00:00:00+00:00,17.97034,-67.04777,0.546875,G1
2021-05-18 00:00:00+00:00,17.943077,-67.05644,2.546875,L1
2021-05-26 00:00:00+00:00,17.954287,-67.050186,12.3203125,E1
2021-05-26 00:00:00+00:00,17.939789,-67.04021,35.546875,ML1
2021-05-26 00:00:00+00:00,17.9394,-67.04,0.0,ML2
2021-05-26 00:00:00+00:00,17.943748,-67.009384,24.132812,C3_West
2021-05-26 00:00:00+00:00,17.942287,-67.07675,28.710938,SC
2021-05-26 00:00:00+00:00,17.972672,-67.06536,9.140625,MJ3
2021-05-26 00:00:00+00:00,17.943632,-67.00623,24.898438,C2_Center
2021-05-26 00:00:00+00:00,17.944336,-67.002266,51.8125,C1_East
2021-05-26 00:00:00+00:00,17.97034,-67.04777,3.2734375,G1
2021-05-26 00:00:00+00:00,17.973782,-67.06234,4.6171875,MJ4
2021-05-26 00:00:00+00:00,17.943077,-67.05644,8.53125,L1
2021-05-26 00:00:00+00:00,17.968758,-67.076935,35.617188,MJ2
2021-06-04 00:00:00+00:00,17.939789,-67.04021,22.289062,ML1
2021-06-04 00:00:00+00:00,17.943748,-67.009384,7.0078125,C3_West
2021-06-04 00:00:00+00:00,17.954287,-67.050186,6.6171875,E1
2021-06-04 00:00:00+00:00,17.944336,-67.002266,27.296875,C1_East
2021-06-04 00:00:00+00:00,17.9394,-67.04,0.0,ML2
2021-06-04 00:00:00+00:00,17.942287,-67.07675,8.6875,SC
2021-06-04 00:00:00+00:00,17.97034,-67.04777,0.0,G1
2021-06-04 00:00:00+00:00,17.973782,-67.06234,0.0,MJ4
2021-06-04 00:00:00+00:00,17.968758,-67.076935,0.0,MJ2
2021-06-04 00:00:00+00:00,17.943632,-67.00623,36.992188,C2_Center
2021-06-04 00:00:00+00:00,17.943077,-67.05644,7.828125,L1
2021-06-04 00:00:00+00:00,17.972672,-67.06536,0.0,MJ3
2021-06-11 00:00:00+00:00,17.9394,-67.04,0.0,ML2
2021-06-11 00:00:00+00:00,17.943748,-67.009384,7.4296875,C3_West
2021-06-11 00:00:00+00:00,17.954287,-67.050186,8.453125,E1
2021-06-11 00:00:00+00:00,17.939789,-67.04021,21.617188,ML1
2021-06-11 00:00:00+00:00,17.97034,-67.04777,0.0,G1
2021-06-11 00:00:00+00:00,17.972672,-67.06536,4.40625,MJ3
2021-06-11 00:00:00+00:00,17.942287,-67.07675,22.140625,SC
2021-06-11 00:00:00+00:00,17.968758,-67.076935,12.0,MJ2
2021-06-11 00:00:00+00:00,17.973782,-67.06234,1.421875,MJ4
2021-06-11 00:00:00+00:00,17.943077,-67.05644,3.2890625,L1
2021-06-11 00:00:00+00:00,17.944336,-67.002266,45.648438,C1_East
2021-06-11 00:00:00+00:00,17.943632,-67.00623,22.539062,C2_Center
2021-06-16 00:00:00+00:00,17.942287,-67.07675,2.1171875,SC
2021-06-16 00:00:00+00:00,17.954287,-67.050186,14.6171875,E1
2021-06-16 00:00:00+00:00,17.943748,-67.009384,8.3984375,C3_West
2021-06-16 00:00:00+00:00,17.939789,-67.04021,20.6875,ML1
2021-06-16 00:00:00+00:00,17.9394,-67.04,0.0,ML2
2021-06-16 00:00:00+00:00,17.968758,-67.076935,35.617188,MJ2
2021-06-16 00:00:00+00:00,17.944336,-67.002266,29.046875,C1_East
2021-06-16 00:00:00+00:00,17.943632,-67.00623,16.453125,C2_Center
2021-06-16 00:00:00+00:00,17.972672,-67.06536,0.0,MJ3
2021-06-16 00:00:00+00:00,17.943077,-67.05644,0.6796875,L1
2021-06-16 00:00:00+00:00,17.973782,-67.06234,0.0,MJ4
2021-06-16 00:00:00+00:00,17.97034,-67.04777,0.0,G1
2021-06-22 00:00:00+00:00,17.943632,-67.00623,0.8828125,C2_Center
2021-06-22 00:00:00+00:00,17.973782,-67.06234,4.8515625,MJ4
2021-06-22 00:00:00+00:00,17.944336,-67.002266,32.320312,C1_East
2021-06-22 00:00:00+00:00,17.943077,-67.05644,0.921875,L1
2021-06-22 00:00:00+00:00,17.972672,-67.06536,0.4375,MJ3
2021-06-22 00:00:00+00:00,17.942287,-67.07675,0.0,SC
2021-06-22 00:00:00+00:00,17.97034,-67.04777,2.1484375,G1
2021-06-22 00:00:00+00:00,17.943748,-67.009384,15.40625,C3_West
2021-06-22 00:00:00+00:00,17.939789,-67.04021,17.351562,ML1
2021-06-22 00:00:00+00:00,17.9394,-67.04,0.0,ML2
2021-06-22 00:00:00+00:00,17.954287,-67.050186,15.53125,E1
2021-06-22 00:00:00+00:00,17.968758,-67.076935,13.046875,MJ2
2021-06-30 00:00:00+00:00,17.973782,-67.06234,0.0,MJ4
2021-06-30 00:00:00+00:00,17.943632,-67.00623,44.773438,C2_Center
2021-06-30 00:00:00+00:00,17.943077,-67.05644,24.296875,L1
2021-06-30 00:00:00+00:00,17.942287,-67.07675,51.273438,SC
2021-06-30 00:00:00+00:00,17.968758,-67.076935,13.046875,MJ2
2021-06-30 00:00:00+00:00,17.972672,-67.06536,0.0,MJ3
2021-06-30 00:00:00+00:00,17.97034,-67.04777,0.0,G1
2021-06-30 00:00:00+00:00,17.944336,-67.002266,34.710938,C1_East
2021-06-30 00:00:00+00:00,17.954287,-67.050186,9.5390625,E1
2021-06-30 00:00:00+00:00,17.9394,-67.04,0.0,ML2
2021-06-30 00:00:00+00:00,17.939789,-67.04021,44.898438,ML1
2021-06-30 00:00:00+00:00,17.943748,-67.009384,3.6171875,C3_West
2021-07-08 00:00:00+00:00,17.939789,-67.04021,0.0,ML1
2021-07-08 00:00:00+00:00,17.944336,-67.002266,3.203125,C1_East
2021-07-08 00:00:00+00:00,17.9394,-67.04,0.0,ML2
2021-07-08 00:00:00+00:00,17.943748,-67.009384,0.0,C3_West
2021-07-08 00:00:00+00:00,17.97034,-67.04777,0.0,G1
2021-07-08 00:00:00+00:00,17.943077,-67.05644,1.171875,L1
2021-07-08 00:00:00+00:00,17.942287,-67.07675,0.6171875,SC
2021-07-08 00:00:00+00:00,17.943632,-67.00623,0.0,C2_Center
2021-07-08 00:00:00+00:00,17.972672,-67.06536,0.0,MJ3
2021-07-08 00:00:00+00:00,17.968758,-67.076935,0.0,MJ2
2021-07-08 00:00:00+00:00,17.954287,-67.050186,9.90625,E1
2021-07-08 00:00:00+00:00,17.973782,-67.06234,0.0,MJ4
2021-07-21 00:00:00+00:00,17.972672,-67.06536,0.0,MJ3
2021-07-21 00:00:00+00:00,17.944336,-67.002266,0.0,C1_East
2021-07-21 00:00:00+00:00,17.97034,-67.04777,1.453125,G1
2021-07-21 00:00:00+00:00,17.968758,-67.076935,35.617188,MJ2
2021-07-21 00:00:00+00:00,17.973782,-67.06234,3.046875,MJ4
2021-07-21 00:00:00+00:00,17.942287,-67.07675,1.7734375,SC
2021-07-21 00:00:00+00:00,17.943077,-67.05644,67.61719,L1
2021-07-21 00:00:00+00:00,17.954287,-67.050186,11.40625,E1
2021-07-21 00:00:00+00:00,17.9394,-67.04,0.6171875,ML2
2021-07-21 00:00:00+00:00,17.943748,-67.009384,1.0390625,C3_West
2021-07-21 00:00:00+00:00,17.943632,-67.00623,1.8203125,C2_Center
2021-07-23 00:00:00+00:00,17.973782,-67.06234,0.0,MJ4
2021-07-23 00:00:00+00:00,17.943748,-67.009384,0.0,C3_West
2021-07-23 00:00:00+00:00,17.943632,-67.00623,0.0,C2_Center
2021-07-23 00:00:00+00:00,17.944336,-67.002266,17.6875,C1_East
2021-07-23 00:00:00+00:00,17.972672,-67.06536,0.0,MJ3
2021-07-23 00:00:00+00:00,17.968758,-67.076935,35.617188,MJ2
2021-07-23 00:00:00+00:00,17.97034,-67.04777,0.0,G1
2021-07-23 00:00:00+00:00,17.942287,-67.07675,0.0,SC
2021-07-23 00:00:00+00:00,17.943077,-67.05644,13.7109375,L1
2021-07-23 00:00:00+00:00,17.954287,-67.050186,0.84375,E1
2021-07-23 00:00:00+00:00,17.939789,-67.04021,5.1796875,ML1
2021-07-29 00:00:00+00:00,17.944336,-67.002266,37.726562,C1_East
2021-07-29 00:00:00+00:00,17.968758,-67.076935,13.046875,MJ2
2021-07-29 00:00:00+00:00,17.939789,-67.04021,218.92188,ML1
2021-07-29 00:00:00+00:00,17.943748,-67.009384,0.0,C3_West
2021-07-29 00:00:00+00:00,17.942287,-67.07675,78.8125,SC
2021-07-29 00:00:00+00:00,17.943077,-67.05644,0.0,L1
2021-07-29 00:00:00+00:00,17.973782,-67.06234,0.0,MJ4
2021-07-29 00:00:00+00:00,17.954287,-67.050186,15.1484375,E1
2021-07-29 00:00:00+00:00,17.943632,-67.00623,0.3515625,C2_Center
2021-07-29 00:00:00+00:00,17.972672,-67.06536,0.0,MJ3
2021-07-29 00:00:00+00:00,17.97034,-67.04777,0.0,G1
2021-08-05 00:00:00+00:00,17.944336,-67.002266,22.71875,C1_East
2021-08-05 00:00:00+00:00,17.973782,-67.06234,4.28125,MJ4
2021-08-05 00:00:00+00:00,17.972672,-67.06536,0.0,MJ3
2021-08-05 00:00:00+00:00,17.943632,-67.00623,8.8828125,C2_Center
2021-08-05 00:00:00+00:00,17.97034,-67.04777,0.0,G1
2021-08-05 00:00:00+00:00,17.943077,-67.05644,0.0,L1
2021-08-05 00:00:00+00:00,17.939789,-67.04021,1.5078125,ML1
2021-08-05 00:00:00+00:00,17.954287,-67.050186,14.3515625,E1
2021-08-05 00:00:00+00:00,17.943748,-67.009384,1.7734375,C3_West
2021-08-05 00:00:00+00:00,17.968758,-67.076935,35.617188,MJ2
2021-08-05 00:00:00+00:00,17.942287,-67.07675,62.132812,SC
2021-08-10 00:00:00+00:00,17.943632,-67.00623,0.0,C2_Center
2021-08-10 00:00:00+00:00,17.968758,-67.076935,6.1171875,MJ2
2021-08-10 00:00:00+00:00,17.942287,-67.07675,61.09375,SC
2021-08-10 00:00:00+00:00,17.97034,-67.04777,0.0,G1
2021-08-10 00:00:00+00:00,17.973782,-67.06234,0.0,MJ4
2021-08-10 00:00:00+00:00,17.944336,-67.002266,10.046875,C1_East
2021-08-10 00:00:00+00:00,17.972672,-67.06536,0.0,MJ3
2021-08-10 00:00:00+00:00,17.943748,-67.009384,0.0,C3_West
2021-08-10 00:00:00+00:00,17.939789,-67.04021,0.0,ML1
2021-08-10 00:00:00+00:00,17.943077,-67.05644,0.0,L1
2021-08-10 00:00:00+00:00,17.954287,-67.050186,6.8984375,E1
2021-08-13 00:00:00+00:00,17.943748,-67.009384,1.6171875,C3_West
2021-08-13 00:00:00+00:00,17.939789,-67.04021,31.4375,ML1
2021-08-13 00:00:00+00:00,17.972672,-67.06536,0.75,MJ3
2021-08-13 00:00:00+00:00,17.97034,-67.04777,0.0,G1
2021-08-13 00:00:00+00:00,17.968758,-67.076935,35.617188,MJ2
2021-08-13 00:00:00+00:00,17.943077,-67.05644,0.0,L1
2021-08-13 00:00:00+00:00,17.973782,-67.06234,6.28125,MJ4
2021-08-13 00:00:00+00:00,17.954287,-67.050186,15.0703125,E1
2021-08-13 00:00:00+00:00,17.942287,-67.07675,81.77344,SC
2021-08-13 00:00:00+00:00,17.943632,-67.00623,7.203125,C2_Center
2021-08-13 00:00:00+00:00,17.944336,-67.002266,63.53125,C1_East
2021-08-20 00:00:00+00:00,17.972672,-67.06536,0.0,MJ3
2021-08-20 00:00:00+00:00,17.943077,-67.05644,0.0,L1
2021-08-20 00:00:00+00:00,17.968758,-67.076935,0.0,MJ2
2021-08-20 00:00:00+00:00,17.944336,-67.002266,21.546875,C1_East
2021-08-20 00:00:00+00:00,17.943632,-67.00623,0.0,C2_Center
2021-08-20 00:00:00+00:00,17.973782,-67.06234,7.6171875,MJ4
2021-08-20 00:00:00+00:00,17.97034,-67.04777,5.6171875,G1
2021-08-20 00:00:00+00:00,17.942287,-67.07675,0.3984375,SC
2021-08-20 00:00:00+00:00,17.939789,-67.04021,0.4609375,ML1
2021-08-20 00:00:00+00:00,17.943748,-67.009384,0.0,C3_West
2021-08-20 00:00:00+00:00,17.954287,-67.050186,0.0,E1
2021-08-27 00:00:00+00:00,17.943632,-67.00623,0.5390625,C2_Center
2021-08-27 00:00:00+00:00,17.944336,-67.002266,19.148438,C1_East
2021-08-27 00:00:00+00:00,17.942287,-67.07675,0.6171875,SC
2021-08-27 00:00:00+00:00,17.973782,-67.06234,4.4609375,MJ4
2021-08-27 00:00:00+00:00,17.97034,-67.04777,0.0,G1
2021-08-27 00:00:00+00:00,17.972672,-67.06536,0.0,MJ3
2021-08-27 00:00:00+00:00,17.968758,-67.076935,0.0,MJ2
2021-08-27 00:00:00+00:00,17.943077,-67.05644,0.0,L1
2021-08-27 00:00:00+00:00,17.939789,-67.04021,6.2421875,ML1
2021-08-27 00:00:00+00:00,17.943748,-67.009384,0.0,C3_West
2021-08-27 00:00:00+00:00,17.954287,-67.050186,11.9609375,E1
2021-09-01 00:00:00+00:00,17.943632,-67.00623,0.0,C2_Center
2021-09-01 00:00:00+00:00,17.968758,-67.076935,0.0,MJ2
2021-09-01 00:00:00+00:00,17.973782,-67.06234,0.0,MJ4
2021-09-01 00:00:00+00:00,17.944336,-67.002266,7.7421875,C1_East
2021-09-01 00:00:00+00:00,17.942287,-67.07675,0.0,SC
2021-09-01 00:00:00+00:00,17.97034,-67.04777,3.4765625,G1
2021-09-01 00:00:00+00:00,17.972672,-67.06536,0.0,MJ3
2021-09-01 00:00:00+00:00,17.939789,-67.04021,0.0,ML1
2021-09-01 00:00:00+00:00,17.954287,-67.050186,2.890625,E1
2021-09-01 00:00:00+00:00,17.943748,-67.009384,0.0,C3_West
2021-09-01 00:00:00+00:00,17.943077,-67.05644,0.0,L1
2021-09-13 00:00:00+00:00,17.972672,-67.06536,0.0,MJ3
2021-09-13 00:00:00+00:00,17.942287,-67.07675,0.0,SC
2021-09-13 00:00:00+00:00,17.944336,-67.002266,6.7265625,C1_East
2021-09-13 00:00:00+00:00,17.968758,-67.076935,0.0,MJ2
2021-09-13 00:00:00+00:00,17.954287,-67.050186,9.25,E1
2021-09-13 00:00:00+00:00,17.939789,-67.04021,0.0,ML1
2021-09-13 00:00:00+00:00,17.973782,-67.06234,2.2890625,MJ4
2021-09-13 00:00:00+00:00,17.943748,-67.009384,0.0,C3_West
2021-09-13 00:00:00+00:00,17.943077,-67.05644,0.0,L1
2021-09-13 00:00:00+00:00,17.97034,-67.04777,1.3125,G1
2021-09-13 00:00:00+00:00,17.943632,-67.00623,0.0,C2_Center
2021-09-22 00:00:00+00:00,17.943632,-67.00623,7.4921875,C2_Center
2021-09-22 00:00:00+00:00,17.954287,-67.050186,9.171875,E1
2021-09-22 00:00:00+00:00,17.939789,-67.04021,133.57031,ML1
2021-09-22 00:00:00+00:00,17.968758,-67.076935,0.0,MJ2
2021-09-22 00:00:00+00:00,17.972672,-67.06536,0.0,MJ3
2021-09-22 00:00:00+00:00,17.973782,-67.06234,0.0,MJ4
2021-09-22 00:00:00+00:00,17.943748,-67.009384,0.0,C3_West
2021-09-22 00:00:00+00:00,17.943077,-67.05644,0.0,L1
2021-09-22 00:00:00+00:00,17.944336,-67.002266,5.2734375,C1_East
2021-09-22 00:00:00+00:00,17.97034,-67.04777,0.0,G1
2021-09-22 00:00:00+00:00,17.942287,-67.07675,9.3828125,SC
2021-10-01 00:00:00+00:00,17.943748,-67.009384,0.0,C3_West
2021-10-01 00:00:00+00:00,17.939789,-67.04021,0.0,ML1
2021-10-01 00:00:00+00:00,17.954287,-67.050186,10.1328125,E1
2021-10-01 00:00:00+00:00,17.942287,-67.07675,0.0,SC
2021-10-01 00:00:00+00:00,17.943077,-67.05644,0.0,L1
2021-10-01 00:00:00+00:00,17.97034,-67.04777,0.0,G1
2021-10-01 00:00:00+00:00,17.968758,-67.076935,0.0,MJ2
2021-10-01 00:00:00+00:00,17.973782,-67.06234,0.0,MJ4
2021-10-01 00:00:00+00:00,17.943632,-67.00623,0.0,C2_Center
2021-10-01 00:00:00+00:00,17.944336,-67.002266,0.0,C1_East
2021-10-01 00:00:00+00:00,17.972672,-67.06536,0.0,MJ3
2021-10-08 00:00:00+00:00,17.954287,-67.050186,13.5703125,E1
2021-10-08 00:00:00+00:00,17.943748,-67.009384,0.4375,C3_West
2021-10-08 00:00:00+00:00,17.973782,-67.06234,0.0,MJ4
2021-10-08 00:00:00+00:00,17.972672,-67.06536,0.0,MJ3
2021-10-08 00:00:00+00:00,17.968758,-67.076935,0.5234375,MJ2
2021-10-08 00:00:00+00:00,17.943632,-67.00623,1.2265625,C2_Center
2021-10-08 00:00:00+00:00,17.97034,-67.04777,0.0,G1
2021-10-08 00:00:00+00:00,17.944336,-67.002266,35.289062,C1_East
2021-10-08 00:00:00+00:00,17.943077,-67.05644,0.0,L1
2021-10-08 00:00:00+00:00,17.942287,-67.07675,5.921875,SC
2021-10-08 00:00:00+00:00,17.939789,-67.04021,0.921875,ML1
2021-10-15 00:00:00+00:00,17.942287,-67.07675,14.4296875,SC
2021-10-15 00:00:00+00:00,17.954287,-67.050186,0.0,E1
2021-10-15 00:00:00+00:00,17.943632,-67.00623,0.5234375,C2_Center
2021-10-15 00:00:00+00:00,17.973782,-67.06234,0.0,MJ4
2021-10-15 00:00:00+00:00,17.939789,-67.04021,6.3984375,ML1
2021-10-15 00:00:00+00:00,17.968758,-67.076935,0.0,MJ2
2021-10-15 00:00:00+00:00,17.943077,-67.05644,0.0,L1
2021-10-15 00:00:00+00:00,17.944336,-67.002266,6.890625,C1_East
2021-10-15 00:00:00+00:00,17.972672,-67.06536,0.0,MJ3
2021-10-15 00:00:00+00:00,17.943748,-67.009384,0.25,C3_West
2021-10-15 00:00:00+00:00,17.97034,-67.04777,0.0,G1
2021-10-22 00:00:00+00:00,17.942287,-67.07675,0.0,SC
2021-10-22 00:00:00+00:00,17.939789,-67.04021,0.0,ML1
2021-10-22 00:00:00+00:00,17.943748,-67.009384,0.0,C3_West
2021-10-22 00:00:00+00:00,17.954287,-67.050186,0.6875,E1
2021-10-22 00:00:00+00:00,17.968758,-67.076935,0.0,MJ2
2021-10-22 00:00:00+00:00,17.943077,-67.05644,0.0,L1
2021-10-22 00:00:00+00:00,17.973782,-67.06234,0.0,MJ4
2021-10-22 00:00:00+00:00,17.944336,-67.002266,1.6171875,C1_East
2021-10-22 00:00:00+00:00,17.943632,-67.00623,0.0,C2_Center
2021-10-22 00:00:00+00:00,17.97034,-67.04777,0.0,G1
2021-10-22 00:00:00+00:00,17.972672,-67.06536,0.0,MJ3
2021-10-29 00:00:00+00:00,17.972672,-67.06536,0.0,MJ3
2021-10-29 00:00:00+00:00,17.943748,-67.009384,0.0,C3_West
2021-10-29 00:00:00+00:00,17.939789,-67.04021,0.0,ML1
2021-10-29 00:00:00+00:00,17.943632,-67.00623,0.328125,C2_Center
2021-10-29 00:00:00+00:00,17.954287,-67.050186,3.4296875,E1
2021-10-29 00:00:00+00:00,17.968758,-67.076935,0.0,MJ2
2021-10-29 00:00:00+00:00,17.97034,-67.04777,0.0,G1
2021-10-29 00:00:00+00:00,17.942287,-67.07675,47.226562,SC
2021-10-29 00:00:00+00:00,17.943077,-67.05644,14.75,L1
2021-10-29 00:00:00+00:00,17.944336,-67.002266,4.6171875,C1_East
2021-10-29 00:00:00+00:00,17.973782,-67.06234,0.0,MJ4
2021-11-03 00:00:00+00:00,17.968758,-67.076935,0.0,MJ2
2021-11-03 00:00:00+00:00,17.944336,-67.002266,0.0,C1_East
2021-11-03 00:00:00+00:00,17.943632,-67.00623,0.0,C2_Center
2021-11-03 00:00:00+00:00,17.973782,-67.06234,0.0,MJ4
2021-11-03 00:00:00+00:00,17.972672,-67.06536,0.0,MJ3
2021-11-03 00:00:00+00:00,17.943077,-67.05644,0.390625,L1
2021-11-03 00:00:00+00:00,17.939789,-67.04021,0.0,ML1
2021-11-03 00:00:00+00:00,17.943748,-67.009384,0.0,C3_West
2021-11-03 00:00:00+00:00,17.954287,-67.050186,0.0,E1
2021-11-03 00:00:00+00:00,17.97034,-67.04777,0.0,G1
2021-11-03 00:00:00+00:00,17.942287,-67.07675,0.2265625,SC
2021-11-11 00:00:00+00:00,17.944336,-67.002266,0.0,C1_East
2021-11-11 00:00:00+00:00,17.973782,-67.06234,0.0,MJ4
2021-11-11 00:00:00+00:00,17.972672,-67.06536,0.0,MJ3
2021-11-11 00:00:00+00:00,17.942287,-67.07675,0.0,SC
2021-11-11 00:00:00+00:00,17.968758,-67.076935,0.0,MJ2
2021-11-11 00:00:00+00:00,17.97034,-67.04777,0.0,G1
2021-11-11 00:00:00+00:00,17.943077,-67.05644,0.0,L1
2021-11-11 00:00:00+00:00,17.943632,-67.00623,0.0,C2_Center
2021-11-11 00:00:00+00:00,17.943748,-67.009384,0.0,C3_West
2021-11-11 00:00:00+00:00,17.939789,-67.04021,0.0,ML1
2021-11-11 00:00:00+00:00,17.954287,-67.050186,0.0,E1
2021-11-19 00:00:00+00:00,17.973782,-67.06234,0.0,MJ4
2021-11-19 00:00:00+00:00,17.944336,-67.002266,4.4375,C1_East
2021-11-19 00:00:00+00:00,17.968758,-67.076935,0.0,MJ2
2021-11-19 00:00:00+00:00,17.943077,-67.05644,0.0,L1
2021-11-19 00:00:00+00:00,17.972672,-67.06536,0.0,MJ3
2021-11-19 00:00:00+00:00,17.97034,-67.04777,0.0,G1
2021-11-19 00:00:00+00:00,17.943632,-67.00623,0.0,C2_Center
2021-11-19 00:00:00+00:00,17.954287,-67.050186,0.0,E1
2021-11-19 00:00:00+00:00,17.939789,-67.04021,0.0,ML1
2021-11-19 00:00:00+00:00,17.943748,-67.009384,0.0,C3_West
2021-11-19 00:00:00+00:00,17.942287,-67.07675,0.0,SC
2021-11-23 00:00:00+00:00,17.943077,-67.05644,0.0,L1
2021-11-23 00:00:00+00:00,17.973782,-67.06234,0.0,MJ4
2021-11-23 00:00:00+00:00,17.972672,-67.06536,0.0,MJ3
2021-11-23 00:00:00+00:00,17.944336,-67.002266,1.4609375,C1_East
2021-11-23 00:00:00+00:00,17.968758,-67.076935,0.0,MJ2
2021-11-23 00:00:00+00:00,17.97034,-67.04777,0.0,G1
2021-11-23 00:00:00+00:00,17.943632,-67.00623,0.0,C2_Center
2021-11-23 00:00:00+00:00,17.943748,-67.009384,0.0,C3_West
2021-11-23 00:00:00+00:00,17.954287,-67.050186,2.0234375,E1
2021-11-23 00:00:00+00:00,17.939789,-67.04021,0.0,ML1
2021-11-23 00:00:00+00:00,17.942287,-67.07675,1.9609375,SC
2021-12-03 00:00:00+00:00,17.943077,-67.05644,0.0,L1
2021-12-03 00:00:00+00:00,17.943632,-67.00623,0.0,C2_Center
2021-12-03 00:00:00+00:00,17.944336,-67.002266,0.0,C1_East
2021-12-03 00:00:00+00:00,17.968758,-67.076935,0.0,MJ2
2021-12-03 00:00:00+00:00,17.973782,-67.06234,0.0,MJ4
2021-12-03 00:00:00+00:00,17.939789,-67.04021,0.0,ML1
2021-12-03 00:00:00+00:00,17.97034,-67.04777,0.0,G1
2021-12-03 00:00:00+00:00,17.942287,-67.07675,0.0,SC
2021-12-03 00:00:00+00:00,17.954287,-67.050186,0.0,E1
2021-12-03 00:00:00+00:00,17.943748,-67.009384,0.0,C3_West
2021-12-03 00:00:00+00:00,17.972672,-67.06536,0.0,MJ3
2021-12-10 00:00:00+00:00,17.973782,-67.06234,0.0,MJ4
2021-12-10 00:00:00+00:00,17.972672,-67.06536,0.0,MJ3
2021-12-10 00:00:00+00:00,17.942287,-67.07675,0.0,SC
2021-12-10 00:00:00+00:00,17.968758,-67.076935,0.0,MJ2
2021-12-10 00:00:00+00:00,17.944336,-67.002266,0.0,C1_East
2021-12-10 00:00:00+00:00,17.943077,-67.05644,0.0,L1
2021-12-10 00:00:00+00:00,17.943632,-67.00623,0.0,C2_Center
2021-12-10 00:00:00+00:00,17.939789,-67.04021,0.0,ML1
2021-12-10 00:00:00+00:00,17.954287,-67.050186,0.0,E1
2021-12-10 00:00:00+00:00,17.943748,-67.009384,0.0,C3_West
2021-12-10 00:00:00+00:00,17.97034,-67.04777,0.0,G1
2021-12-15 00:00:00+00:00,17.954287,-67.050186,0.0,E1
2021-12-15 00:00:00+00:00,17.939789,-67.04021,0.0,ML1
2021-12-15 00:00:00+00:00,17.943748,-67.009384,0.0,C3_West
2021-12-15 00:00:00+00:00,17.972672,-67.06536,0.0,MJ3
2021-12-15 00:00:00+00:00,17.973782,-67.06234,0.0,MJ4
2021-12-15 00:00:00+00:00,17.97034,-67.04777,0.0,G1
2021-12-15 00:00:00+00:00,17.943632,-67.00623,0.0,C2_Center
2021-12-15 00:00:00+00:00,17.943077,-67.05644,0.0,L1
2021-12-15 00:00:00+00:00,17.944336,-67.002266,0.0,C1_East
2021-12-15 00:00:00+00:00,17.968758,-67.076935,0.0,MJ2
2021-12-15 00:00:00+00:00,17.942287,-67.07675,0.0,SC
2022-01-13 00:00:00+00:00,17.943632,-67.00623,0.0,C2_Center
2022-01-13 00:00:00+00:00,17.939789,-67.04021,0.0,ML1
2022-01-13 00:00:00+00:00,17.973782,-67.06234,0.0,MJ4
2022-01-13 00:00:00+00:00,17.968758,-67.076935,0.0,MJ2
2022-01-13 00:00:00+00:00,17.972672,-67.06536,0.0,MJ3
2022-01-13 00:00:00+00:00,17.942287,-67.07675,0.0,SC
2022-01-13 00:00:00+00:00,17.97034,-67.04777,0.0,G1
2022-01-13 00:00:00+00:00,17.943077,-67.05644,0.0,L1
2022-01-13 00:00:00+00:00,17.944336,-67.002266,0.0,C1_East
2022-01-13 00:00:00+00:00,17.943748,-67.009384,0.0,C3_West
2022-01-13 00:00:00+00:00,17.954287,-67.050186,0.0,E1
2022-01-19 00:00:00+00:00,17.943748,-67.009384,0.0,C3_West
2022-01-19 00:00:00+00:00,17.944336,-67.002266,0.0,C1_East
2022-01-19 00:00:00+00:00,17.973782,-67.06234,0.0,MJ4
2022-01-19 00:00:00+00:00,17.943077,-67.05644,0.0,L1
2022-01-19 00:00:00+00:00,17.97034,-67.04777,0.0,G1
2022-01-19 00:00:00+00:00,17.972672,-67.06536,0.0,MJ3
2022-01-19 00:00:00+00:00,17.942287,-67.07675,0.0,SC
2022-01-19 00:00:00+00:00,17.943632,-67.00623,0.0,C2_Center
2022-01-19 00:00:00+00:00,17.968758,-67.076935,0.0,MJ2
2022-01-19 00:00:00+00:00,17.939789,-67.04021,0.0,ML1
2022-01-19 00:00:00+00:00,17.954287,-67.050186,0.0,E1
2022-01-28 00:00:00+00:00,17.943077,-67.05644,0.0,L1
2022-01-28 00:00:00+00:00,17.939789,-67.04021,0.0,ML1
2022-01-28 00:00:00+00:00,17.954287,-67.050186,0.0,E1
2022-01-28 00:00:00+00:00,17.97034,-67.04777,0.0,G1
2022-01-28 00:00:00+00:00,17.944336,-67.002266,0.0,C1_East
2022-01-28 00:00:00+00:00,17.973782,-67.06234,0.0,MJ4
2022-01-28 00:00:00+00:00,17.943632,-67.00623,0.0,C2_Center
2022-01-28 00:00:00+00:00,17.968758,-67.076935,0.0,MJ2
2022-01-28 00:00:00+00:00,17.942287,-67.07675,0.0,SC
2022-01-28 00:00:00+00:00,17.943748,-67.009384,0.0,C3_West
2022-01-28 00:00:00+00:00,17.972672,-67.06536,0.0,MJ3
2022-02-04 00:00:00+00:00,17.939789,-67.04021,0.0,ML1
2022-02-04 00:00:00+00:00,17.954287,-67.050186,0.84375,E1
2022-02-04 00:00:00+00:00,17.943748,-67.009384,0.0,C3_West
2022-02-04 00:00:00+00:00,17.972672,-67.06536,0.0,MJ3
2022-02-04 00:00:00+00:00,17.973782,-67.06234,0.0,MJ4
2022-02-04 00:00:00+00:00,17.944336,-67.002266,5.09375,C1_East
2022-02-04 00:00:00+00:00,17.968758,-67.076935,0.0,MJ2
2022-02-04 00:00:00+00:00,17.943077,-67.05644,0.0,L1
2022-02-04 00:00:00+00:00,17.942287,-67.07675,0.0,SC
2022-02-04 00:00:00+00:00,17.943632,-67.00623,0.0,C2_Center
2022-02-04 00:00:00+00:00,17.97034,-67.04777,0.0,G1
2022-02-11 00:00:00+00:00,17.954287,-67.050186,0.0,E1
2022-02-11 00:00:00+00:00,17.943748,-67.009384,0.0,C3_West
2022-02-11 00:00:00+00:00,17.939789,-67.04021,0.0,ML1
2022-02-11 00:00:00+00:00,17.942287,-67.07675,0.0,SC
2022-02-11 00:00:00+00:00,17.972672,-67.06536,0.0,MJ3
2022-02-11 00:00:00+00:00,17.973782,-67.06234,0.0,MJ4
2022-02-11 00:00:00+00:00,17.97034,-67.04777,0.0,G1
2022-02-11 00:00:00+00:00,17.968758,-67.076935,0.0,MJ2
2022-02-11 00:00:00+00:00,17.943632,-67.00623,0.0,C2_Center
2022-02-11 00:00:00+00:00,17.944336,-67.002266,0.0,C1_East
2022-02-11 00:00:00+00:00,17.943077,-67.05644,0.0,L1
2022-02-17 00:00:00+00:00,17.972672,-67.06536,0.0,MJ3
2022-02-17 00:00:00+00:00,17.97034,-67.04777,0.0,G1
2022-02-17 00:00:00+00:00,17.944336,-67.002266,0.0,C1_East
2022-02-17 00:00:00+00:00,17.943632,-67.00623,0.0,C2_Center
2022-02-17 00:00:00+00:00,17.943077,-67.05644,0.0,L1
2022-02-17 00:00:00+00:00,17.973782,-67.06234,0.0,MJ4
2022-02-17 00:00:00+00:00,17.942287,-67.07675,0.0,SC
2022-02-17 00:00:00+00:00,17.968758,-67.076935,0.0,MJ2
2022-02-17 00:00:00+00:00,17.954287,-67.050186,0.0,E1
2022-02-17 00:00:00+00:00,17.939789,-67.04021,0.0,ML1
2022-02-17 00:00:00+00:00,17.943748,-67.009384,0.0,C3_West
2022-02-25 00:00:00+00:00,17.973782,-67.06234,0.0,MJ4
2022-02-25 00:00:00+00:00,17.943077,-67.05644,0.0,L1
2022-02-25 00:00:00+00:00,17.942287,-67.07675,0.0,SC
2022-02-25 00:00:00+00:00,17.972672,-67.06536,0.0,MJ3
2022-02-25 00:00:00+00:00,17.943632,-67.00623,0.0,C2_Center
2022-02-25 00:00:00+00:00,17.97034,-67.04777,0.0,G1
2022-02-25 00:00:00+00:00,17.944336,-67.002266,0.0,C1_East
2022-02-25 00:00:00+00:00,17.943748,-67.009384,0.0,C3_West
2022-02-25 00:00:00+00:00,17.939789,-67.04021,0.0,ML1
2022-02-25 00:00:00+00:00,17.954287,-67.050186,0.0,E1
2022-02-25 00:00:00+00:00,17.968758,-67.076935,0.0,MJ2
2022-03-04 00:00:00+00:00,17.944336,-67.002266,0.0,C1_East
2022-03-04 00:00:00+00:00,17.942287,-67.07675,0.0,SC
2022-03-04 00:00:00+00:00,17.968758,-67.076935,0.0,MJ2
2022-03-04 00:00:00+00:00,17.97034,-67.04777,0.0,G1
2022-03-04 00:00:00+00:00,17.972672,-67.06536,0.0,MJ3
2022-03-04 00:00:00+00:00,17.943632,-67.00623,0.0,C2_Center
2022-03-04 00:00:00+00:00,17.973782,-67.06234,0.0,MJ4
2022-03-04 00:00:00+00:00,17.943748,-67.009384,0.0,C3_West
2022-03-04 00:00:00+00:00,17.939789,-67.04021,0.0,ML1
2022-03-04 00:00:00+00:00,17.954287,-67.050186,0.0,E1
2022-03-04 00:00:00+00:00,17.943077,-67.05644,0.0,L1
2022-03-11 00:00:00+00:00,17.944336,-67.002266,0.0,C1_East
2022-03-11 00:00:00+00:00,17.943077,-67.05644,0.0,L1
2022-03-11 00:00:00+00:00,17.972672,-67.06536,0.0,MJ3
2022-03-11 00:00:00+00:00,17.942287,-67.07675,0.0,SC
2022-03-11 00:00:00+00:00,17.973782,-67.06234,0.0,MJ4
2022-03-11 00:00:00+00:00,17.97034,-67.04777,0.0,G1
2022-03-11 00:00:00+00:00,17.968758,-67.076935,0.0,MJ2
2022-03-11 00:00:00+00:00,17.943632,-67.00623,0.0,C2_Center
2022-03-11 00:00:00+00:00,17.943748,-67.009384,0.0,C3_West
2022-03-11 00:00:00+00:00,17.939789,-67.04021,0.0,ML1
2022-03-11 00:00:00+00:00,17.954287,-67.050186,0.0,E1
2022-03-18 00:00:00+00:00,17.939789,-67.04021,0.0,ML1
2022-03-18 00:00:00+00:00,17.943748,-67.009384,0.0,C3_West
2022-03-18 00:00:00+00:00,17.954287,-67.050186,0.0,E1
2022-03-18 00:00:00+00:00,17.973782,-67.06234,0.0,MJ4
2022-03-18 00:00:00+00:00,17.944336,-67.002266,0.0,C1_East
2022-03-18 00:00:00+00:00,17.972672,-67.06536,0.0,MJ3
2022-03-18 00:00:00+00:00,17.943632,-67.00623,0.0,C2_Center
2022-03-18 00:00:00+00:00,17.942287,-67.07675,0.0,SC
2022-03-18 00:00:00+00:00,17.97034,-67.04777,0.0,G1
2022-03-18 00:00:00+00:00,17.943077,-67.05644,0.0,L1
2022-03-18 00:00:00+00:00,17.968758,-67.076935,0.0,MJ2
2022-03-25 00:00:00+00:00,17.972672,-67.06536,0.0,MJ3
2022-03-25 00:00:00+00:00,17.939789,-67.04021,0.0,ML1
2022-03-25 00:00:00+00:00,17.973782,-67.06234,0.0,MJ4
2022-03-25 00:00:00+00:00,17.943748,-67.009384,0.0,C3_West
2022-03-25 00:00:00+00:00,17.942287,-67.07675,0.0,SC
2022-03-25 00:00:00+00:00,17.954287,-67.050186,0.6171875,E1
2022-03-25 00:00:00+00:00,17.968758,-67.076935,0.0,MJ2
2022-03-25 00:00:00+00:00,17.943632,-67.00623,2.6171875,C2_Center
2022-03-25 00:00:00+00:00,17.944336,-67.002266,12.1171875,C1_East
2022-03-25 00:00:00+00:00,17.97034,-67.04777,0.0,G1
2022-03-25 00:00:00+00:00,17.943077,-67.05644,0.421875,L1
2022-04-08 00:00:00+00:00,17.954287,-67.050186,5.0,E1
2022-04-08 00:00:00+00:00,17.939789,-67.04021,0.0,ML1
2022-04-08 00:00:00+00:00,17.972672,-67.06536,0.171875,MJ3
2022-04-08 00:00:00+00:00,17.973782,-67.06234,0.0,MJ4
2022-04-08 00:00:00+00:00,17.943077,-67.05644,6.96875,L1
2022-04-08 00:00:00+00:00,17.97034,-67.04777,0.0,G1
2022-04-08 00:00:00+00:00,17.943632,-67.00623,6.21875,C2_Center
2022-04-08 00:00:00+00:00,17.968758,-67.076935,0.0,MJ2
2022-04-08 00:00:00+00:00,17.944336,-67.002266,23.21875,C1_East
2022-04-08 00:00:00+00:00,17.942287,-67.07675,16.507812,SC
2022-04-08 00:00:00+00:00,17.943748,-67.009384,0.0,C3_West
2022-04-22 00:00:00+00:00,17.943748,-67.009384,0.0,C3_West
2022-04-22 00:00:00+00:00,17.939789,-67.04021,0.0,ML1
2022-04-22 00:00:00+00:00,17.954287,-67.050186,4.3828125,E1
2022-04-22 00:00:00+00:00,17.973782,-67.06234,0.0,MJ4
2022-04-22 00:00:00+00:00,17.942287,-67.07675,33.867188,SC
2022-04-22 00:00:00+00:00,17.944336,-67.002266,23.007812,C1_East
2022-04-22 00:00:00+00:00,17.97034,-67.04777,0.0,G1
2022-04-22 00:00:00+00:00,17.943077,-67.05644,0.6796875,L1
2022-04-22 00:00:00+00:00,17.943632,-67.00623,15.7109375,C2_Center
2022-04-22 00:00:00+00:00,17.968758,-67.076935,0.0,MJ2
2022-04-22 00:00:00+00:00,17.972672,-67.06536,0.171875,MJ3
2022-04-29 00:00:00+00:00,17.954287,-67.050186,5.6875,E1
2022-04-29 00:00:00+00:00,17.943748,-67.009384,8.7734375,C3_West
2022-04-29 00:00:00+00:00,17.939789,-67.04021,0.0,ML1
2022-04-29 00:00:00+00:00,17.942287,-67.07675,29.726562,SC
2022-04-29 00:00:00+00:00,17.972672,-67.06536,2.84375,MJ3
2022-04-29 00:00:00+00:00,17.973782,-67.06234,4.046875,MJ4
2022-04-29 00:00:00+00:00,17.944336,-67.002266,12.390625,C1_East
2022-04-29 00:00:00+00:00,17.943632,-67.00623,19.828125,C2_Center
2022-04-29 00:00:00+00:00,17.943077,-67.05644,0.0,L1
2022-04-29 00:00:00+00:00,17.968758,-67.076935,0.0,MJ2
2022-04-29 00:00:00+00:00,17.97034,-67.04777,12.8828125,G1
2022-05-06 00:00:00+00:00,17.954287,-67.050186,1.1875,E1
2022-05-06 00:00:00+00:00,17.968758,-67.076935,23.21875,MJ2
2022-05-06 00:00:00+00:00,17.942287,-67.07675,66.11719,SC
2022-05-06 00:00:00+00:00,17.944336,-67.002266,55.65625,C1_East
2022-05-06 00:00:00+00:00,17.939789,-67.04021,0.0,ML1
2022-05-06 00:00:00+00:00,17.943748,-67.009384,23.71875,C3_West
2022-05-06 00:00:00+00:00,17.972672,-67.06536,0.0,MJ3
2022-05-06 00:00:00+00:00,17.97034,-67.04777,11.3984375,G1
2022-05-06 00:00:00+00:00,17.943077,-67.05644,0.0,L1
2022-05-06 00:00:00+00:00,17.967564,-67.07653,23.21875,MJ1
2022-05-06 00:00:00+00:00,17.973782,-67.06234,3.453125,MJ4
2022-05-06 00:00:00+00:00,17.943632,-67.00623,0.0,C2_Center
2022-05-13 00:00:00+00:00,17.954287,-67.050186,26.460938,E1
2022-05-13 00:00:00+00:00,17.967564,-67.07653,0.8828125,MJ1
2022-05-13 00:00:00+00:00,17.939789,-67.04021,0.0,ML1
2022-05-13 00:00:00+00:00,17.972672,-67.06536,0.0,MJ3
2022-05-13 00:00:00+00:00,17.973782,-67.06234,1.0703125,MJ4
2022-05-13 00:00:00+00:00,17.943077,-67.05644,0.7265625,L1
2022-05-13 00:00:00+00:00,17.942287,-67.07675,52.15625,SC
2022-05-13 00:00:00+00:00,17.97034,-67.04777,0.0,G1
2022-05-13 00:00:00+00:00,17.943632,-67.00623,33.84375,C2_Center
2022-05-13 00:00:00+00:00,17.944336,-67.002266,50.8125,C1_East
2022-05-13 00:00:00+00:00,17.943748,-67.009384,11.2578125,C3_West
2022-05-13 00:00:00+00:00,17.968758,-67.076935,0.0,MJ2
2022-05-20 00:00:00+00:00,17.973782,-67.06234,6.421875,MJ4
2022-05-20 00:00:00+00:00,17.939789,-67.04021,5.2734375,ML1
2022-05-20 00:00:00+00:00,17.967564,-67.07653,5.078125,MJ1
2022-05-20 00:00:00+00:00,17.954287,-67.050186,17.492188,E1
2022-05-20 00:00:00+00:00,17.97034,-67.04777,0.0,G1
2022-05-20 00:00:00+00:00,17.943632,-67.00623,2.5625,C2_Center
2022-05-20 00:00:00+00:00,17.972672,-67.06536,0.0,MJ3
2022-05-20 00:00:00+00:00,17.942287,-67.07675,39.703125,SC
2022-05-20 00:00:00+00:00,17.968758,-67.076935,0.7890625,MJ2
2022-05-20 00:00:00+00:00,17.943748,-67.009384,0.0,C3_West
2022-05-20 00:00:00+00:00,17.943077,-67.05644,32.109375,L1
2022-05-20 00:00:00+00:00,17.944336,-67.002266,19.4375,C1_East
2022-05-27 00:00:00+00:00,17.942287,-67.07675,61.117188,SC
2022-05-27 00:00:00+00:00,17.943748,-67.009384,0.0,C3_West
2022-05-27 00:00:00+00:00,17.939789,-67.04021,0.0,ML1
2022-05-27 00:00:00+00:00,17.954287,-67.050186,13.390625,E1
2022-05-27 00:00:00+00:00,17.943077,-67.05644,7.203125,L1
2022-05-27 00:00:00+00:00,17.97034,-67.04777,0.0,G1
2022-05-27 00:00:00+00:00,17.943632,-67.00623,0.5,C2_Center
2022-05-27 00:00:00+00:00,17.968758,-67.076935,0.0,MJ2
2022-05-27 00:00:00+00:00,17.944336,-67.002266,25.078125,C1_East
2022-05-27 00:00:00+00:00,17.967564,-67.07653,1.4296875,MJ1
2022-05-27 00:00:00+00:00,17.972672,-67.06536,0.0,MJ3
2022-05-27 00:00:00+00:00,17.973782,-67.06234,2.6875,MJ4
2022-06-03 00:00:00+00:00,17.943748,-67.009384,0.0,C3_West
2022-06-03 00:00:00+00:00,17.954287,-67.050186,10.25,E1
2022-06-03 00:00:00+00:00,17.939789,-67.04021,0.0,ML1
2022-06-03 00:00:00+00:00,17.973782,-67.06234,0.890625,MJ4
2022-06-03 00:00:00+00:00,17.972672,-67.06536,0.3828125,MJ3
2022-06-03 00:00:00+00:00,17.943077,-67.05644,0.859375,L1
2022-06-03 00:00:00+00:00,17.944336,-67.002266,14.140625,C1_East
2022-06-03 00:00:00+00:00,17.942287,-67.07675,35.132812,SC
2022-06-03 00:00:00+00:00,17.943632,-67.00623,0.0,C2_Center
2022-06-03 00:00:00+00:00,17.968758,-67.076935,2.21875,MJ2
2022-06-03 00:00:00+00:00,17.967564,-67.07653,11.6015625,MJ1
2022-06-03 00:00:00+00:00,17.97034,-67.04777,0.0,G1
2022-06-10 00:00:00+00:00,17.954287,-67.050186,13.9765625,E1
2022-06-10 00:00:00+00:00,17.939789,-67.04021,0.0,ML1
2022-06-10 00:00:00+00:00,17.943748,-67.009384,0.0,C3_West
2022-06-10 00:00:00+00:00,17.972672,-67.06536,0.5390625,MJ3
2022-06-10 00:00:00+00:00,17.943632,-67.00623,0.3828125,C2_Center
2022-06-10 00:00:00+00:00,17.97034,-67.04777,0.0,G1
2022-06-10 00:00:00+00:00,17.942287,-67.07675,37.40625,SC
2022-06-10 00:00:00+00:00,17.973782,-67.06234,1.8125,MJ4
2022-06-10 00:00:00+00:00,17.944336,-67.002266,0.703125,C1_East
2022-06-10 00:00:00+00:00,17.943077,-67.05644,0.5234375,L1
2022-06-10 00:00:00+00:00,17.967564,-67.07653,1.0390625,MJ1
2022-06-10 00:00:00+00:00,17.968758,-67.076935,3.34375,MJ2
2022-06-17 00:00:00+00:00,17.939789,-67.04021,0.0,ML1
2022-06-17 00:00:00+00:00,17.942287,-67.07675,40.3125,SC
2022-06-17 00:00:00+00:00,17.943632,-67.00623,0.703125,C2_Center
2022-06-17 00:00:00+00:00,17.943077,-67.05644,0.5234375,L1
2022-06-17 00:00:00+00:00,17.97034,-67.04777,0.0,G1
2022-06-17 00:00:00+00:00,17.944336,-67.002266,7.21875,C1_East
2022-06-17 00:00:00+00:00,17.954287,-67.050186,7.15625,E1
2022-06-17 00:00:00+00:00,17.943748,-67.009384,0.0,C3_West
2022-06-17 00:00:00+00:00,17.968758,-67.076935,0.0,MJ2
2022-06-17 00:00:00+00:00,17.973782,-67.06234,0.0,MJ4
2022-06-17 00:00:00+00:00,17.967564,-67.07653,0.296875,MJ1
2022-06-17 00:00:00+00:00,17.972672,-67.06536,0.0,MJ3
2022-06-24 00:00:00+00:00,17.972672,-67.06536,0.0,MJ3
2022-06-24 00:00:00+00:00,17.967564,-67.07653,1.9765625,MJ1
2022-06-24 00:00:00+00:00,17.944336,-67.002266,2.328125,C1_East
2022-06-24 00:00:00+00:00,17.942287,-67.07675,40.578125,SC
2022-06-24 00:00:00+00:00,17.97034,-67.04777,0.0,G1
2022-06-24 00:00:00+00:00,17.973782,-67.06234,1.71875,MJ4
2022-06-24 00:00:00+00:00,17.943632,-67.00623,1.7890625,C2_Center
2022-06-24 00:00:00+00:00,17.943077,-67.05644,3.8984375,L1
2022-06-24 00:00:00+00:00,17.943748,-67.009384,0.0,C3_West
2022-06-24 00:00:00+00:00,17.954287,-67.050186,10.859375,E1
2022-06-24 00:00:00+00:00,17.968758,-67.076935,0.0,MJ2
2022-06-24 00:00:00+00:00,17.939789,-67.04021,0.0,ML1
2022-07-01 00:00:00+00:00,17.972672,-67.06536,0.0,MJ3
2022-07-01 00:00:00+00:00,17.944336,-67.002266,24.976562,C1_East
2022-07-01 00:00:00+00:00,17.967564,-67.07653,5.75,MJ1
2022-07-01 00:00:00+00:00,17.943632,-67.00623,2.046875,C2_Center
2022-07-01 00:00:00+00:00,17.942287,-67.07675,37.820312,SC
2022-07-01 00:00:00+00:00,17.943077,-67.05644,1.6171875,L1
2022-07-01 00:00:00+00:00,17.968758,-67.076935,3.4765625,MJ2
2022-07-01 00:00:00+00:00,17.97034,-67.04777,0.0,G1
2022-07-01 00:00:00+00:00,17.973782,-67.06234,0.0,MJ4
2022-07-01 00:00:00+00:00,17.939789,-67.04021,0.6171875,ML1
2022-07-01 00:00:00+00:00,17.954287,-67.050186,16.171875,E1
2022-07-01 00:00:00+00:00,17.943748,-67.009384,0.0,C3_West
2022-07-08 00:00:00+00:00,17.973782,-67.06234,0.0,MJ4
2022-07-08 00:00:00+00:00,17.967564,-67.07653,0.0,MJ1
2022-07-08 00:00:00+00:00,17.943077,-67.05644,1.6171875,L1
2022-07-08 00:00:00+00:00,17.97034,-67.04777,0.0,G1
2022-07-08 00:00:00+00:00,17.943632,-67.00623,0.5703125,C2_Center
2022-07-08 00:00:00+00:00,17.944336,-67.002266,3.21875,C1_East
2022-07-08 00:00:00+00:00,17.972672,-67.06536,0.0,MJ3
2022-07-08 00:00:00+00:00,17.942287,-67.07675,21.070312,SC
2022-07-08 00:00:00+00:00,17.943748,-67.009384,4.171875,C3_West
2022-07-08 00:00:00+00:00,17.939789,-67.04021,1.46875,ML1
2022-07-08 00:00:00+00:00,17.954287,-67.050186,1.859375,E1
2022-07-08 00:00:00+00:00,17.968758,-67.076935,0.0,MJ2
2022-07-15 00:00:00+00:00,17.972672,-67.06536,0.0,MJ3
2022-07-15 00:00:00+00:00,17.944336,-67.002266,0.8828125,C1_East
2022-07-15 00:00:00+00:00,17.943632,-67.00623,0.3125,C2_Center
2022-07-15 00:00:00+00:00,17.968758,-67.076935,0.0,MJ2
2022-07-15 00:00:00+00:00,17.942287,-67.07675,42.132812,SC
2022-07-15 00:00:00+00:00,17.97034,-67.04777,0.0,G1
2022-07-15 00:00:00+00:00,17.943077,-67.05644,2.0234375,L1
2022-07-15 00:00:00+00:00,17.943748,-67.009384,0.046875,C3_West
2022-07-15 00:00:00+00:00,17.939789,-67.04021,4.2890625,ML1
2022-07-15 00:00:00+00:00,17.954287,-67.050186,1.0625,E1
2022-07-15 00:00:00+00:00,17.967564,-67.07653,1.046875,MJ1
2022-07-15 00:00:00+00:00,17.973782,-67.06234,0.0,MJ4
2022-07-22 00:00:00+00:00,17.943077,-67.05644,0.9296875,L1
2022-07-22 00:00:00+00:00,17.973782,-67.06234,0.328125,MJ4
2022-07-22 00:00:00+00:00,17.942287,-67.07675,7.953125,SC
2022-07-22 00:00:00+00:00,17.97034,-67.04777,1.4921875,G1
2022-07-22 00:00:00+00:00,17.944336,-67.002266,17.429688,C1_East
2022-07-22 00:00:00+00:00,17.967564,-67.07653,2.9921875,MJ1
2022-07-22 00:00:00+00:00,17.972672,-67.06536,0.0,MJ3
2022-07-22 00:00:00+00:00,17.968758,-67.076935,0.0,MJ2
2022-07-22 00:00:00+00:00,17.943632,-67.00623,0.0,C2_Center
2022-07-22 00:00:00+00:00,17.939789,-67.04021,0.0,ML1
2022-07-22 00:00:00+00:00,17.943748,-67.009384,0.0,C3_West
2022-07-22 00:00:00+00:00,17.954287,-67.050186,13.6171875,E1
2022-07-29 00:00:00+00:00,17.944336,-67.002266,7.53125,C1_East
2022-07-29 00:00:00+00:00,17.943077,-67.05644,0.0,L1
2022-07-29 00:00:00+00:00,17.939789,-67.04021,0.0,ML1
2022-07-29 00:00:00+00:00,17.943748,-67.009384,0.0,C3_West
2022-07-29 00:00:00+00:00,17.954287,-67.050186,2.28125,E1
2022-07-29 00:00:00+00:00,17.972672,-67.06536,0.0,MJ3
2022-07-29 00:00:00+00:00,17.942287,-67.07675,2.1015625,SC
2022-07-29 00:00:00+00:00,17.973782,-67.06234,0.46875,MJ4
2022-07-29 00:00:00+00:00,17.943632,-67.00623,0.0,C2_Center
2022-07-29 00:00:00+00:00,17.97034,-67.04777,0.0,G1
2022-07-29 00:00:00+00:00,17.968758,-67.076935,3.3671875,MJ2
2022-07-29 00:00:00+00:00,17.967564,-67.07653,0.2265625,MJ1
2022-08-05 00:00:00+00:00,17.942287,-67.07675,30.921875,SC
2022-08-05 00:00:00+00:00,17.954287,-67.050186,10.2421875,E1
2022-08-05 00:00:00+00:00,17.967564,-67.07653,0.8125,MJ1
2022-08-05 00:00:00+00:00,17.968758,-67.076935,8.328125,MJ2
2022-08-05 00:00:00+00:00,17.943077,-67.05644,1.96875,L1
2022-08-05 00:00:00+00:00,17.943632,-67.00623,0.859375,C2_Center
2022-08-05 00:00:00+00:00,17.944336,-67.002266,16.617188,C1_East
2022-08-05 00:00:00+00:00,17.973782,-67.06234,1.40625,MJ4
2022-08-05 00:00:00+00:00,17.972672,-67.06536,0.0,MJ3
2022-08-05 00:00:00+00:00,17.939789,-67.04021,0.0,ML1
2022-08-05 00:00:00+00:00,17.943748,-67.009384,0.296875,C3_West
2022-08-05 00:00:00+00:00,17.97034,-67.04777,0.0,G1
2022-08-12 00:00:00+00:00,17.943632,-67.00623,0.0,C2_Center
2022-08-12 00:00:00+00:00,17.973782,-67.06234,0.0,MJ4
2022-08-12 00:00:00+00:00,17.967564,-67.07653,0.0,MJ1
2022-08-12 00:00:00+00:00,17.97034,-67.04777,0.0,G1
2022-08-12 00:00:00+00:00,17.944336,-67.002266,0.0,C1_East
2022-08-12 00:00:00+00:00,17.942287,-67.07675,44.898438,SC
2022-08-12 00:00:00+00:00,17.972672,-67.06536,0.0,MJ3
2022-08-12 00:00:00+00:00,17.968758,-67.076935,0.0,MJ2
2022-08-12 00:00:00+00:00,17.943077,-67.05644,2.046875,L1
2022-08-12 00:00:00+00:00,17.939789,-67.04021,0.0,ML1
2022-08-12 00:00:00+00:00,17.943748,-67.009384,0.0,C3_West
2022-08-12 00:00:00+00:00,17.954287,-67.050186,0.0,E1
2022-08-19 00:00:00+00:00,17.97034,-67.04777,0.0,G1
2022-08-19 00:00:00+00:00,17.943748,-67.009384,0.0,C3_West
2022-08-19 00:00:00+00:00,17.939789,-67.04021,0.0,ML1
2022-08-19 00:00:00+00:00,17.943632,-67.00623,0.0,C2_Center
2022-08-19 00:00:00+00:00,17.967564,-67.07653,0.0,MJ1
2022-08-19 00:00:00+00:00,17.968758,-67.076935,1.8828125,MJ2
2022-08-19 00:00:00+00:00,17.973782,-67.06234,0.359375,MJ4
2022-08-19 00:00:00+00:00,17.972672,-67.06536,0.0,MJ3
2022-08-19 00:00:00+00:00,17.942287,-67.07675,25.296875,SC
2022-08-19 00:00:00+00:00,17.943077,-67.05644,1.359375,L1
2022-08-19 00:00:00+00:00,17.944336,-67.002266,13.671875,C1_East
2022-08-19 00:00:00+00:00,17.954287,-67.050186,6.5078125,E1
2022-08-25 00:00:00+00:00,17.968758,-67.076935,0.0,MJ2
2022-08-25 00:00:00+00:00,17.954287,-67.050186,6.171875,E1
2022-08-25 00:00:00+00:00,17.939789,-67.04021,0.0,ML1
2022-08-25 00:00:00+00:00,17.97034,-67.04777,0.0,G1
2022-08-25 00:00:00+00:00,17.943077,-67.05644,0.5390625,L1
2022-08-25 00:00:00+00:00,17.973782,-67.06234,0.7890625,MJ4
2022-08-25 00:00:00+00:00,17.967564,-67.07653,0.0,MJ1
2022-08-25 00:00:00+00:00,17.942287,-67.07675,28.34375,SC
2022-08-25 00:00:00+00:00,17.972672,-67.06536,0.0,MJ3
2022-08-25 00:00:00+00:00,17.943748,-67.009384,0.0,C3_West
2022-08-25 00:00:00+00:00,17.944336,-67.002266,11.40625,C1_East
2022-08-25 00:00:00+00:00,17.943632,-67.00623,0.0,C2_Center
2022-09-09 00:00:00+00:00,17.968758,-67.076935,0.0,MJ2
2022-09-09 00:00:00+00:00,17.942287,-67.07675,23.75,SC
2022-09-09 00:00:00+00:00,17.97034,-67.04777,0.0,G1
2022-09-09 00:00:00+00:00,17.944336,-67.002266,0.0,C1_East
2022-09-09 00:00:00+00:00,17.967564,-67.07653,1.8828125,MJ1
2022-09-09 00:00:00+00:00,17.972672,-67.06536,0.0,MJ3
2022-09-09 00:00:00+00:00,17.943632,-67.00623,0.0,C2_Center
2022-09-09 00:00:00+00:00,17.973782,-67.06234,2.6171875,MJ4
2022-09-09 00:00:00+00:00,17.954287,-67.050186,1.34375,E1
2022-09-09 00:00:00+00:00,17.939789,-67.04021,0.0,ML1
2022-09-09 00:00:00+00:00,17.943077,-67.05644,0.1171875,L1
2022-09-09 00:00:00+00:00,17.943748,-67.009384,0.0,C3_West
2022-09-15 00:00:00+00:00,17.939789,-67.04021,0.0,ML1
2022-09-15 00:00:00+00:00,17.954287,-67.050186,6.1015625,E1
2022-09-15 00:00:00+00:00,17.943748,-67.009384,0.203125,C3_West
2022-09-15 00:00:00+00:00,17.943632,-67.00623,0.0,C2_Center
2022-09-15 00:00:00+00:00,17.973782,-67.06234,0.0,MJ4
2022-09-15 00:00:00+00:00,17.972672,-67.06536,0.0,MJ3
2022-09-15 00:00:00+00:00,17.944336,-67.002266,5.28125,C1_East
2022-09-15 00:00:00+00:00,17.967564,-67.07653,0.0,MJ1
2022-09-15 00:00:00+00:00,17.943077,-67.05644,3.84375,L1
2022-09-15 00:00:00+00:00,17.942287,-67.07675,0.0,SC
2022-09-15 00:00:00+00:00,17.968758,-67.076935,0.0,MJ2
2022-09-15 00:00:00+00:00,17.97034,-67.04777,0.0,G1
2022-10-14 00:00:00+00:00,17.954287,-67.050186,0.0,E1
2022-10-14 00:00:00+00:00,17.943748,-67.009384,0.0,C3_West
2022-10-14 00:00:00+00:00,17.939789,-67.04021,0.0,ML1
2022-10-14 00:00:00+00:00,17.967564,-67.07653,0.0,MJ1
2022-10-14 00:00:00+00:00,17.943632,-67.00623,0.0,C2_Center
2022-10-14 00:00:00+00:00,17.968758,-67.076935,0.0,MJ2
2022-10-14 00:00:00+00:00,17.944336,-67.002266,0.0,C1_East
2022-10-14 00:00:00+00:00,17.97034,-67.04777,0.0,G1
2022-10-14 00:00:00+00:00,17.973782,-67.06234,0.0,MJ4
2022-10-14 00:00:00+00:00,17.943077,-67.05644,0.0,L1
2022-10-14 00:00:00+00:00,17.942287,-67.07675,0.0,SC
2022-10-14 00:00:00+00:00,17.972672,-67.06536,0.0,MJ3
2022-10-20 00:00:00+00:00,17.939789,-67.04021,0.0,ML1
2022-10-20 00:00:00+00:00,17.943748,-67.009384,0.0,C3_West
2022-10-20 00:00:00+00:00,17.954287,-67.050186,0.0,E1
2022-10-20 00:00:00+00:00,17.943632,-67.00623,0.0,C2_Center
2022-10-20 00:00:00+00:00,17.972672,-67.06536,0.0,MJ3
2022-10-20 00:00:00+00:00,17.973782,-67.06234,0.0,MJ4
2022-10-20 00:00:00+00:00,17.944336,-67.002266,0.0,C1_East
2022-10-20 00:00:00+00:00,17.967564,-67.07653,0.0,MJ1
2022-10-20 00:00:00+00:00,17.97034,-67.04777,0.0,G1
2022-10-20 00:00:00+00:00,17.968758,-67.076935,0.0,MJ2
2022-10-20 00:00:00+00:00,17.942287,-67.07675,0.0,SC
2022-10-20 00:00:00+00:00,17.943077,-67.05644,0.0,L1
2022-10-28 00:00:00+00:00,17.943748,-67.009384,0.0,C3_West
2022-10-28 00:00:00+00:00,17.954287,-67.050186,0.0,E1
2022-10-28 00:00:00+00:00,17.939789,-67.04021,0.0,ML1
2022-10-28 00:00:00+00:00,17.943077,-67.05644,0.0,L1
2022-10-28 00:00:00+00:00,17.944336,-67.002266,0.0,C1_East
2022-10-28 00:00:00+00:00,17.943632,-67.00623,0.0,C2_Center
2022-10-28 00:00:00+00:00,17.973782,-67.06234,0.0,MJ4
2022-10-28 00:00:00+00:00,17.942287,-67.07675,0.0,SC
2022-10-28 00:00:00+00:00,17.967564,-67.07653,0.0,MJ1
2022-10-28 00:00:00+00:00,17.968758,-67.076935,0.0,MJ2
2022-10-28 00:00:00+00:00,17.972672,-67.06536,0.0,MJ3
2022-10-28 00:00:00+00:00,17.97034,-67.04777,0.0,G1
2022-11-10 00:00:00+00:00,17.942287,-67.07675,0.0,SC
2022-11-10 00:00:00+00:00,17.939789,-67.04021,0.0,ML1
2022-11-10 00:00:00+00:00,17.954287,-67.050186,1.8828125,E1
2022-11-10 00:00:00+00:00,17.967564,-67.07653,1.75,MJ1
2022-11-10 00:00:00+00:00,17.944336,-67.002266,43.742188,C1_East
2022-11-10 00:00:00+00:00,17.943632,-67.00623,0.84375,C2_Center
2022-11-10 00:00:00+00:00,17.973782,-67.06234,1.8515625,MJ4
2022-11-10 00:00:00+00:00,17.943077,-67.05644,0.0,L1
2022-11-10 00:00:00+00:00,17.968758,-67.076935,13.1171875,MJ2
2022-11-10 00:00:00+00:00,17.97034,-67.04777,1.03125,G1
2022-11-10 00:00:00+00:00,17.972672,-67.06536,7.5625,MJ3
2022-11-10 00:00:00+00:00,17.943748,-67.009384,0.0,C3_West
2022-11-18 00:00:00+00:00,17.939789,-67.04021,0.0,ML1
2022-11-18 00:00:00+00:00,17.943748,-67.009384,0.0,C3_West
2022-11-18 00:00:00+00:00,17.967564,-67.07653,0.0,MJ1
2022-11-18 00:00:00+00:00,17.972672,-67.06536,0.0,MJ3
2022-11-18 00:00:00+00:00,17.942287,-67.07675,0.0,SC
2022-11-18 00:00:00+00:00,17.97034,-67.04777,0.0,G1
2022-11-18 00:00:00+00:00,17.943077,-67.05644,0.0,L1
2022-11-18 00:00:00+00:00,17.954287,-67.050186,0.0,E1
2022-11-18 00:00:00+00:00,17.943632,-67.00623,0.0,C2_Center
2022-11-18 00:00:00+00:00,17.944336,-67.002266,0.0,C1_East
2022-11-18 00:00:00+00:00,17.973782,-67.06234,0.0,MJ4
2022-11-18 00:00:00+00:00,17.968758,-67.076935,0.0,MJ2
2022-11-23 00:00:00+00:00,17.972672,-67.06536,0.0,MJ3
2022-11-23 00:00:00+00:00,17.943632,-67.00623,0.0,C2_Center
2022-11-23 00:00:00+00:00,17.973782,-67.06234,0.0,MJ4
2022-11-23 00:00:00+00:00,17.944336,-67.002266,0.0,C1_East
2022-11-23 00:00:00+00:00,17.968758,-67.076935,0.0,MJ2
2022-11-23 00:00:00+00:00,17.967564,-67.07653,0.0,MJ1
2022-11-23 00:00:00+00:00,17.943748,-67.009384,0.0,C3_West
2022-11-23 00:00:00+00:00,17.939789,-67.04021,0.0,ML1
2022-11-23 00:00:00+00:00,17.954287,-67.050186,0.0,E1
2022-11-23 00:00:00+00:00,17.943077,-67.05644,0.0,L1
2022-11-23 00:00:00+00:00,17.97034,-67.04777,0.0,G1
2022-11-23 00:00:00+00:00,17.942287,-67.07675,0.0,SC
2022-12-02 00:00:00+00:00,17.942287,-67.07675,0.0,SC
2022-12-02 00:00:00+00:00,17.967564,-67.07653,0.0,MJ1
2022-12-02 00:00:00+00:00,17.943632,-67.00623,0.0,C2_Center
2022-12-02 00:00:00+00:00,17.943077,-67.05644,0.0,L1
2022-12-02 00:00:00+00:00,17.972672,-67.06536,0.0,MJ3
2022-12-02 00:00:00+00:00,17.944336,-67.002266,0.0,C1_East
2022-12-02 00:00:00+00:00,17.973782,-67.06234,0.0,MJ4
2022-12-02 00:00:00+00:00,17.97034,-67.04777,0.0,G1
2022-12-02 00:00:00+00:00,17.939789,-67.04021,0.0,ML1
2022-12-02 00:00:00+00:00,17.968758,-67.076935,0.0,MJ2
2022-12-02 00:00:00+00:00,17.943748,-67.009384,0.0,C3_West
2022-12-02 00:00:00+00:00,17.954287,-67.050186,0.0,E1
2022-12-09 00:00:00+00:00,17.97034,-67.04777,0.0,G1
2022-12-09 00:00:00+00:00,17.942287,-67.07675,0.0,SC
2022-12-09 00:00:00+00:00,17.943632,-67.00623,0.0,C2_Center
2022-12-09 00:00:00+00:00,17.968758,-67.076935,0.0,MJ2
2022-12-09 00:00:00+00:00,17.944336,-67.002266,0.0,C1_East
2022-12-09 00:00:00+00:00,17.972672,-67.06536,0.0,MJ3
2022-12-09 00:00:00+00:00,17.967564,-67.07653,0.0,MJ1
2022-12-09 00:00:00+00:00,17.943077,-67.05644,0.0,L1
2022-12-09 00:00:00+00:00,17.973782,-67.06234,0.0,MJ4
2022-12-09 00:00:00+00:00,17.943748,-67.009384,0.0,C3_West
2022-12-09 00:00:00+00:00,17.939789,-67.04021,0.0,ML1
2022-12-09 00:00:00+00:00,17.954287,-67.050186,0.0,E1
2022-12-16 00:00:00+00:00,17.939789,-67.04021,0.0,ML1
2022-12-16 00:00:00+00:00,17.943748,-67.009384,0.0,C3_West
2022-12-16 00:00:00+00:00,17.954287,-67.050186,0.0,E1
2022-12-16 00:00:00+00:00,17.944336,-67.002266,0.0,C1_East
2022-12-16 00:00:00+00:00,17.943077,-67.05644,0.0,L1
2022-12-16 00:00:00+00:00,17.972672,-67.06536,0.0,MJ3
2022-12-16 00:00:00+00:00,17.973782,-67.06234,0.0,MJ4
2022-12-16 00:00:00+00:00,17.942287,-67.07675,2.71875,SC
2022-12-16 00:00:00+00:00,17.943632,-67.00623,0.0,C2_Center
2022-12-16 00:00:00+00:00,17.967564,-67.07653,0.0,MJ1
2022-12-16 00:00:00+00:00,17.968758,-67.076935,0.0,MJ2
2022-12-16 00:00:00+00:00,17.97034,-67.04777,0.0,G1
2023-02-03 00:00:00+00:00,17.943748,-67.009384,0.0,C3_West
2023-02-03 00:00:00+00:00,17.939789,-67.04021,0.0,ML1
2023-02-03 00:00:00+00:00,17.973782,-67.06234,0.0,MJ4
2023-02-03 00:00:00+00:00,17.954287,-67.050186,0.0,E1
2023-02-03 00:00:00+00:00,17.943077,-67.05644,0.0,L1
2023-02-03 00:00:00+00:00,17.97034,-67.04777,0.0,G1
2023-02-03 00:00:00+00:00,17.968758,-67.076935,0.0,MJ2
2023-02-03 00:00:00+00:00,17.943632,-67.00623,0.0,C2_Center
2023-02-03 00:00:00+00:00,17.944336,-67.002266,0.0,C1_East
2023-02-03 00:00:00+00:00,17.967564,-67.07653,0.0,MJ1
2023-02-03 00:00:00+00:00,17.942287,-67.07675,0.0,SC
2023-02-03 00:00:00+00:00,17.972672,-67.06536,0.0,MJ3
2023-02-10 00:00:00+00:00,17.939789,-67.04021,0.0,ML1
2023-02-10 00:00:00+00:00,17.954287,-67.050186,0.0,E1
2023-02-10 00:00:00+00:00,17.97034,-67.04777,0.0,G1
2023-02-10 00:00:00+00:00,17.972672,-67.06536,0.0,MJ3
2023-02-10 00:00:00+00:00,17.944336,-67.002266,0.0,C1_East
2023-02-10 00:00:00+00:00,17.942287,-67.07675,0.0,SC
2023-02-10 00:00:00+00:00,17.943077,-67.05644,0.0,L1
2023-02-10 00:00:00+00:00,17.973782,-67.06234,0.0,MJ4
2023-02-10 00:00:00+00:00,17.967564,-67.07653,0.0,MJ1
2023-02-10 00:00:00+00:00,17.943748,-67.009384,0.0,C3_West
2023-02-10 00:00:00+00:00,17.943632,-67.00623,0.0,C2_Center
2023-02-10 00:00:00+00:00,17.968758,-67.076935,0.0,MJ2
2023-02-17 00:00:00+00:00,17.968758,-67.076935,0.0,MJ2
2023-02-17 00:00:00+00:00,17.943748,-67.009384,0.0,C3_West
2023-02-17 00:00:00+00:00,17.954287,-67.050186,0.0,E1
2023-02-17 00:00:00+00:00,17.942287,-67.07675,0.0,SC
2023-02-17 00:00:00+00:00,17.943077,-67.05644,0.0,L1
2023-02-17 00:00:00+00:00,17.972672,-67.06536,0.0,MJ3
2023-02-17 00:00:00+00:00,17.939789,-67.04021,0.0,ML1
2023-02-17 00:00:00+00:00,17.973782,-67.06234,0.0,MJ4
2023-02-17 00:00:00+00:00,17.97034,-67.04777,0.0,G1
2023-02-17 00:00:00+00:00,17.967564,-67.07653,0.0,MJ1
2023-02-17 00:00:00+00:00,17.943632,-67.00623,0.0,C2_Center
2023-02-17 00:00:00+00:00,17.944336,-67.002266,0.0,C1_East
2023-02-24 00:00:00+00:00,17.973782,-67.06234,0.0,MJ4
2023-02-24 00:00:00+00:00,17.972672,-67.06536,0.0,MJ3
2023-02-24 00:00:00+00:00,17.968758,-67.076935,0.0,MJ2
2023-02-24 00:00:00+00:00,17.944336,-67.002266,0.0,C1_East
2023-02-24 00:00:00+00:00,17.943632,-67.00623,0.0,C2_Center
2023-02-24 00:00:00+00:00,17.942287,-67.07675,0.0,SC
2023-02-24 00:00:00+00:00,17.97034,-67.04777,0.0,G1
2023-02-24 00:00:00+00:00,17.943077,-67.05644,0.0,L1
2023-02-24 00:00:00+00:00,17.967564,-67.07653,0.0,MJ1
2023-02-24 00:00:00+00:00,17.939789,-67.04021,0.0,ML1
2023-02-24 00:00:00+00:00,17.954287,-67.050186,0.0,E1
2023-02-24 00:00:00+00:00,17.943748,-67.009384,0.0,C3_West
2023-03-10 00:00:00+00:00,17.968758,-67.076935,0.0,MJ2
2023-03-10 00:00:00+00:00,17.943077,-67.05644,0.0,L1
2023-03-10 00:00:00+00:00,17.942287,-67.07675,0.0,SC
2023-03-10 00:00:00+00:00,17.944336,-67.002266,0.0,C1_East
2023-03-10 00:00:00+00:00,17.967564,-67.07653,0.0,MJ1
2023-03-10 00:00:00+00:00,17.972672,-67.06536,0.0,MJ3
2023-03-10 00:00:00+00:00,17.973782,-67.06234,0.0,MJ4
2023-03-10 00:00:00+00:00,17.943632,-67.00623,0.0,C2_Center
2023-03-10 00:00:00+00:00,17.97034,-67.04777,0.0,G1
2023-03-10 00:00:00+00:00,17.954287,-67.050186,0.0,E1
2023-03-10 00:00:00+00:00,17.939789,-67.04021,0.0,ML1
2023-03-10 00:00:00+00:00,17.943748,-67.009384,0.0,C3_West
2023-03-17 00:00:00+00:00,17.968758,-67.076935,1.90625,MJ2
2023-03-17 00:00:00+00:00,17.943077,-67.05644,0.8671875,L1
2023-03-17 00:00:00+00:00,17.97034,-67.04777,0.0,G1
2023-03-17 00:00:00+00:00,17.942287,-67.07675,1.1796875,SC
2023-03-17 00:00:00+00:00,17.967564,-67.07653,4.828125,MJ1
2023-03-17 00:00:00+00:00,17.944336,-67.002266,20.84375,C1_East
2023-03-17 00:00:00+00:00,17.972672,-67.06536,0.0,MJ3
2023-03-17 00:00:00+00:00,17.943632,-67.00623,0.0,C2_Center
2023-03-17 00:00:00+00:00,17.973782,-67.06234,4.703125,MJ4
2023-03-17 00:00:00+00:00,17.954287,-67.050186,2.140625,E1
2023-03-17 00:00:00+00:00,17.939789,-67.04021,0.0,ML1
2023-03-17 00:00:00+00:00,17.943748,-67.009384,0.359375,C3_West
2023-03-24 00:00:00+00:00,17.968758,-67.076935,2.90625,MJ2
2023-03-24 00:00:00+00:00,17.943077,-67.05644,14.953125,L1
2023-03-24 00:00:00+00:00,17.972672,-67.06536,0.0,MJ3
2023-03-24 00:00:00+00:00,17.967564,-67.07653,3.046875,MJ1
2023-03-24 00:00:00+00:00,17.943632,-67.00623,0.0,C2_Center
2023-03-24 00:00:00+00:00,17.944336,-67.002266,18.773438,C1_East
2023-03-24 00:00:00+00:00,17.942287,-67.07675,41.03125,SC
2023-03-24 00:00:00+00:00,17.973782,-67.06234,0.0,MJ4
2023-03-24 00:00:00+00:00,17.939789,-67.04021,0.0,ML1
2023-03-24 00:00:00+00:00,17.943748,-67.009384,1.84375,C3_West
2023-03-24 00:00:00+00:00,17.97034,-67.04777,0.0,G1
2023-03-24 00:00:00+00:00,17.954287,-67.050186,0.171875,E1
2023-03-31 00:00:00+00:00,17.939789,-67.04021,0.0,ML1
2023-03-31 00:00:00+00:00,17.972672,-67.06536,0.0,MJ3
2023-03-31 00:00:00+00:00,17.973782,-67.06234,0.7734375,MJ4
2023-03-31 00:00:00+00:00,17.97034,-67.04777,0.90625,G1
2023-03-31 00:00:00+00:00,17.942287,-67.07675,26.203125,SC
2023-03-31 00:00:00+00:00,17.943632,-67.00623,0.0,C2_Center
2023-03-31 00:00:00+00:00,17.968758,-67.076935,2.7265625,MJ2
2023-03-31 00:00:00+00:00,17.967564,-67.07653,3.25,MJ1
2023-03-31 00:00:00+00:00,17.944336,-67.002266,0.0,C1_East
2023-03-31 00:00:00+00:00,17.943077,-67.05644,0.0,L1
2023-03-31 00:00:00+00:00,17.943748,-67.009384,0.0,C3_West
2023-03-31 00:00:00+00:00,17.954287,-67.050186,0.0,E1
2023-04-14 00:00:00+00:00,17.942287,-67.07675,53.1875,SC
2023-04-14 00:00:00+00:00,17.972672,-67.06536,0.0,MJ3
2023-04-14 00:00:00+00:00,17.943632,-67.00623,0.0,C2_Center
2023-04-14 00:00:00+00:00,17.967564,-67.07653,4.328125,MJ1
2023-04-14 00:00:00+00:00,17.944336,-67.002266,45.367188,C1_East
2023-04-14 00:00:00+00:00,17.968758,-67.076935,4.3671875,MJ2
2023-04-14 00:00:00+00:00,17.943077,-67.05644,4.2578125,L1
2023-04-14 00:00:00+00:00,17.973782,-67.06234,2.7734375,MJ4
2023-04-14 00:00:00+00:00,17.943748,-67.009384,4.2265625,C3_West
2023-04-14 00:00:00+00:00,17.954287,-67.050186,0.21875,E1
2023-04-14 00:00:00+00:00,17.97034,-67.04777,0.0,G1
2023-04-14 00:00:00+00:00,17.939789,-67.04021,0.8671875,ML1
2023-04-20 00:00:00+00:00,17.97034,-67.04777,0.0,G1
2023-04-20 00:00:00+00:00,17.943077,-67.05644,13.6015625,L1
2023-04-20 00:00:00+00:00,17.972672,-67.06536,0.0,MJ3
2023-04-20 00:00:00+00:00,17.973782,-67.06234,2.7421875,MJ4
2023-04-20 00:00:00+00:00,17.944336,-67.002266,51.1875,C1_East
2023-04-20 00:00:00+00:00,17.967564,-67.07653,5.25,MJ1
2023-04-20 00:00:00+00:00,17.942287,-67.07675,60.710938,SC
2023-04-20 00:00:00+00:00,17.943632,-67.00623,2.0390625,C2_Center
2023-04-20 00:00:00+00:00,17.968758,-67.076935,0.5234375,MJ2
2023-04-20 00:00:00+00:00,17.939789,-67.04021,34.617188,ML1
2023-04-20 00:00:00+00:00,17.943748,-67.009384,47.898438,C3_West
2023-04-20 00:00:00+00:00,17.954287,-67.050186,21.210938,E1
2023-04-28 00:00:00+00:00,17.944336,-67.002266,0.0,C1_East
2023-04-28 00:00:00+00:00,17.968758,-67.076935,4.3828125,MJ2
2023-04-28 00:00:00+00:00,17.942287,-67.07675,42.757812,SC
2023-04-28 00:00:00+00:00,17.943077,-67.05644,20.148438,L1
2023-04-28 00:00:00+00:00,17.973782,-67.06234,1.5078125,MJ4
2023-04-28 00:00:00+00:00,17.943632,-67.00623,0.0,C2_Center
2023-04-28 00:00:00+00:00,17.954287,-67.050186,2.2734375,E1
2023-04-28 00:00:00+00:00,17.939789,-67.04021,0.421875,ML1
2023-04-28 00:00:00+00:00,17.943748,-67.009384,36.53125,C3_West
2023-04-28 00:00:00+00:00,17.967564,-67.07653,5.1875,MJ1
2023-04-28 00:00:00+00:00,17.972672,-67.06536,3.3671875,MJ3
2023-04-28 00:00:00+00:00,17.97034,-67.04777,7.78125,G1
2023-05-04 00:00:00+00:00,17.943748,-67.009384,22.3125,C3_West
2023-05-04 00:00:00+00:00,17.97034,-67.04777,0.6171875,G1
2023-05-04 00:00:00+00:00,17.943077,-67.05644,34.578125,L1
2023-05-04 00:00:00+00:00,17.943632,-67.00623,3.09375,C2_Center
2023-05-04 00:00:00+00:00,17.972672,-67.06536,1.6171875,MJ3
2023-05-04 00:00:00+00:00,17.968758,-67.076935,2.78125,MJ2
2023-05-04 00:00:00+00:00,17.973782,-67.06234,5.453125,MJ4
2023-05-04 00:00:00+00:00,17.967564,-67.07653,4.046875,MJ1
2023-05-04 00:00:00+00:00,17.944336,-67.002266,36.640625,C1_East
2023-05-04 00:00:00+00:00,17.942287,-67.07675,51.921875,SC
2023-05-04 00:00:00+00:00,17.954287,-67.050186,8.40625,E1
2023-05-04 00:00:00+00:00,17.939789,-67.04021,7.5,ML1
2023-05-12 00:00:00+00:00,17.967564,-67.07653,3.6171875,MJ1
2023-05-12 00:00:00+00:00,17.943632,-67.00623,0.0,C2_Center
2023-05-12 00:00:00+00:00,17.973782,-67.06234,4.4921875,MJ4
2023-05-12 00:00:00+00:00,17.943077,-67.05644,0.0,L1
2023-05-12 00:00:00+00:00,17.97034,-67.04777,0.0,G1
2023-05-12 00:00:00+00:00,17.944336,-67.002266,48.992188,C1_East
2023-05-12 00:00:00+00:00,17.968758,-67.076935,1.3671875,MJ2
2023-05-12 00:00:00+00:00,17.972672,-67.06536,0.0,MJ3
2023-05-12 00:00:00+00:00,17.954287,-67.050186,0.0,E1
2023-05-12 00:00:00+00:00,17.939789,-67.04021,1.6171875,ML1
2023-05-12 00:00:00+00:00,17.943748,-67.009384,0.0,C3_West
2023-05-12 00:00:00+00:00,17.942287,-67.07675,7.53125,SC
2023-05-19 00:00:00+00:00,17.942287,-67.07675,49.242188,SC
2023-05-19 00:00:00+00:00,17.954287,-67.050186,9.1328125,E1
2023-05-19 00:00:00+00:00,17.939789,-67.04021,7.2578125,ML1
2023-05-19 00:00:00+00:00,17.943748,-67.009384,0.0,C3_West
2023-05-19 00:00:00+00:00,17.972672,-67.06536,19.820312,MJ3
2023-05-19 00:00:00+00:00,17.968758,-67.076935,2.84375,MJ2
2023-05-19 00:00:00+00:00,17.97034,-67.04777,0.0,G1
2023-05-19 00:00:00+00:00,17.943632,-67.00623,0.703125,C2_Center
2023-05-19 00:00:00+00:00,17.944336,-67.002266,51.476562,C1_East
2023-05-19 00:00:00+00:00,17.967564,-67.07653,3.90625,MJ1
2023-05-19 00:00:00+00:00,17.943077,-67.05644,16.671875,L1
2023-05-19 00:00:00+00:00,17.973782,-67.06234,2.8671875,MJ4
2023-05-24 00:00:00+00:00,17.954287,-67.050186,0.546875,E1
2023-05-24 00:00:00+00:00,17.939789,-67.04021,0.0,ML1
2023-05-24 00:00:00+00:00,17.967564,-67.07653,2.09375,MJ1
2023-05-24 00:00:00+00:00,17.972672,-67.06536,0.0,MJ3
2023-05-24 00:00:00+00:00,17.943632,-67.00623,0.0,C2_Center
2023-05-24 00:00:00+00:00,17.943748,-67.009384,0.0,C3_West
2023-05-24 00:00:00+00:00,17.942287,-67.07675,5.8515625,SC
2023-05-24 00:00:00+00:00,17.944336,-67.002266,46.0625,C1_East
2023-05-24 00:00:00+00:00,17.968758,-67.076935,0.0,MJ2
2023-05-24 00:00:00+00:00,17.943077,-67.05644,0.0,L1
2023-05-24 00:00:00+00:00,17.973782,-67.06234,0.0,MJ4
2023-05-24 00:00:00+00:00,17.97034,-67.04777,0.0,G1
2023-06-02 00:00:00+00:00,17.967564,-67.07653,1.6171875,MJ1
2023-06-02 00:00:00+00:00,17.97034,-67.04777,0.0,G1
2023-06-02 00:00:00+00:00,17.942287,-67.07675,58.296875,SC
2023-06-02 00:00:00+00:00,17.968758,-67.076935,0.0,MJ2
2023-06-02 00:00:00+00:00,17.944336,-67.002266,33.78125,C1_East
2023-06-02 00:00:00+00:00,17.972672,-67.06536,0.0,MJ3
2023-06-02 00:00:00+00:00,17.943632,-67.00623,0.0,C2_Center
2023-06-02 00:00:00+00:00,17.943748,-67.009384,0.0,C3_West
2023-06-02 00:00:00+00:00,17.954287,-67.050186,1.3671875,E1
2023-06-02 00:00:00+00:00,17.973782,-67.06234,0.0,MJ4
2023-06-02 00:00:00+00:00,17.943077,-67.05644,1.0703125,L1
2023-06-02 00:00:00+00:00,17.939789,-67.04021,1.8671875,ML1
2023-06-07 00:00:00+00:00,17.943748,-67.009384,0.0,C3_West
2023-06-07 00:00:00+00:00,17.954287,-67.050186,1.109375,E1
2023-06-07 00:00:00+00:00,17.939789,-67.04021,27.273438,ML1
2023-06-07 00:00:00+00:00,17.97034,-67.04777,4.890625,G1
2023-06-07 00:00:00+00:00,17.972672,-67.06536,2.4765625,MJ3
2023-06-07 00:00:00+00:00,17.967564,-67.07653,5.3203125,MJ1
2023-06-07 00:00:00+00:00,17.942287,-67.07675,47.953125,SC
2023-06-07 00:00:00+00:00,17.944336,-67.002266,56.039062,C1_East
2023-06-07 00:00:00+00:00,17.943077,-67.05644,32.359375,L1
2023-06-07 00:00:00+00:00,17.943632,-67.00623,1.296875,C2_Center
2023-06-07 00:00:00+00:00,17.968758,-67.076935,2.1875,MJ2
2023-06-07 00:00:00+00:00,17.973782,-67.06234,5.6875,MJ4
2023-06-16 00:00:00+00:00,17.942287,-67.07675,22.242188,SC
2023-06-16 00:00:00+00:00,17.939789,-67.04021,2.6875,ML1
2023-06-16 00:00:00+00:00,17.943748,-67.009384,0.0,C3_West
2023-06-16 00:00:00+00:00,17.954287,-67.050186,3.5703125,E1
2023-06-16 00:00:00+00:00,17.972672,-67.06536,0.0,MJ3
2023-06-16 00:00:00+00:00,17.97034,-67.04777,0.0,G1
2023-06-16 00:00:00+00:00,17.967564,-67.07653,1.8828125,MJ1
2023-06-16 00:00:00+00:00,17.943077,-67.05644,4.890625,L1
2023-06-16 00:00:00+00:00,17.968758,-67.076935,0.6171875,MJ2
2023-06-16 00:00:00+00:00,17.943632,-67.00623,5.6171875,C2_Center
2023-06-16 00:00:00+00:00,17.973782,-67.06234,0.0,MJ4
2023-06-16 00:00:00+00:00,17.944336,-67.002266,78.921875,C1_East
2023-06-22 00:00:00+00:00,17.973782,-67.06234,0.0,MJ4
2023-06-22 00:00:00+00:00,17.943632,-67.00623,3.171875,C2_Center
2023-06-22 00:00:00+00:00,17.97034,-67.04777,0.0,G1
2023-06-22 00:00:00+00:00,17.954287,-67.050186,9.296875,E1
2023-06-22 00:00:00+00:00,17.967564,-67.07653,2.34375,MJ1
2023-06-22 00:00:00+00:00,17.972672,-67.06536,0.0,MJ3
2023-06-22 00:00:00+00:00,17.944336,-67.002266,59.859375,C1_East
2023-06-22 00:00:00+00:00,17.943077,-67.05644,21.289062,L1
2023-06-22 00:00:00+00:00,17.939789,-67.04021,0.0,ML1
2023-06-22 00:00:00+00:00,17.943748,-67.009384,0.0,C3_West
2023-06-22 00:00:00+00:00,17.968758,-67.076935,1.421875,MJ2
2023-06-22 00:00:00+00:00,17.942287,-67.07675,63.546875,SC
2023-06-30 00:00:00+00:00,17.954287,-67.050186,0.4296875,E1
2023-06-30 00:00:00+00:00,17.939789,-67.04021,0.0,ML1
2023-06-30 00:00:00+00:00,17.943748,-67.009384,0.0,C3_West
2023-06-30 00:00:00+00:00,17.942287,-67.07675,3.84375,SC
2023-06-30 00:00:00+00:00,17.943077,-67.05644,0.5078125,L1
2023-06-30 00:00:00+00:00,17.973782,-67.06234,0.6171875,MJ4
2023-06-30 00:00:00+00:00,17.944336,-67.002266,47.25,C1_East
2023-06-30 00:00:00+00:00,17.972672,-67.06536,0.0,MJ3
2023-06-30 00:00:00+00:00,17.968758,-67.076935,0.0,MJ2
2023-06-30 00:00:00+00:00,17.943632,-67.00623,0.0,C2_Center
2023-06-30 00:00:00+00:00,17.967564,-67.07653,1.546875,MJ1
2023-06-30 00:00:00+00:00,17.97034,-67.04777,0.0,G1
2023-07-07 00:00:00+00:00,17.954287,-67.050186,0.6171875,E1
2023-07-07 00:00:00+00:00,17.943748,-67.009384,0.0,C3_West
2023-07-07 00:00:00+00:00,17.939789,-67.04021,2.75,ML1
2023-07-07 00:00:00+00:00,17.942287,-67.07675,27.039062,SC
2023-07-07 00:00:00+00:00,17.943632,-67.00623,0.6796875,C2_Center
2023-07-07 00:00:00+00:00,17.972672,-67.06536,0.0,MJ3
2023-07-07 00:00:00+00:00,17.967564,-67.07653,1.8515625,MJ1
2023-07-07 00:00:00+00:00,17.943077,-67.05644,62.5625,L1
2023-07-07 00:00:00+00:00,17.973782,-67.06234,0.0,MJ4
2023-07-07 00:00:00+00:00,17.97034,-67.04777,0.0,G1
2023-07-07 00:00:00+00:00,17.968758,-67.076935,0.0,MJ2
2023-07-07 00:00:00+00:00,17.944336,-67.002266,59.5625,C1_East
2023-07-14 00:00:00+00:00,17.944336,-67.002266,64.796875,C1_East
2023-07-14 00:00:00+00:00,17.943748,-67.009384,0.0,C3_West
2023-07-14 00:00:00+00:00,17.939789,-67.04021,5.34375,ML1
2023-07-14 00:00:00+00:00,17.954287,-67.050186,0.0,E1
2023-07-14 00:00:00+00:00,17.972672,-67.06536,0.0,MJ3
2023-07-14 00:00:00+00:00,17.973782,-67.06234,0.0,MJ4
2023-07-14 00:00:00+00:00,17.968758,-67.076935,0.0,MJ2
2023-07-14 00:00:00+00:00,17.943077,-67.05644,1.390625,L1
2023-07-14 00:00:00+00:00,17.942287,-67.07675,23.117188,SC
2023-07-14 00:00:00+00:00,17.967564,-67.07653,0.0,MJ1
2023-07-14 00:00:00+00:00,17.943632,-67.00623,1.8671875,C2_Center
2023-07-14 00:00:00+00:00,17.97034,-67.04777,0.0,G1
2023-07-21 00:00:00+00:00,17.943632,-67.00623,0.0,C2_Center
2023-07-21 00:00:00+00:00,17.954287,-67.050186,6.78125,E1
2023-07-21 00:00:00+00:00,17.943748,-67.009384,0.0,C3_West
2023-07-21 00:00:00+00:00,17.967564,-67.07653,2.8125,MJ1
2023-07-21 00:00:00+00:00,17.972672,-67.06536,0.0,MJ3
2023-07-21 00:00:00+00:00,17.97034,-67.04777,0.0,G1
2023-07-21 00:00:00+00:00,17.968758,-67.076935,0.4375,MJ2
2023-07-21 00:00:00+00:00,17.973782,-67.06234,0.0,MJ4
2023-07-21 00:00:00+00:00,17.942287,-67.07675,54.023438,SC
2023-07-21 00:00:00+00:00,17.944336,-67.002266,73.921875,C1_East
2023-07-21 00:00:00+00:00,17.939789,-67.04021,0.6171875,ML1
2023-07-21 00:00:00+00:00,17.943077,-67.05644,0.78125,L1
2023-07-28 00:00:00+00:00,17.968758,-67.076935,0.0,MJ2
2023-07-28 00:00:00+00:00,17.943748,-67.009384,0.0,C3_West
2023-07-28 00:00:00+00:00,17.939789,-67.04021,0.1484375,ML1
2023-07-28 00:00:00+00:00,17.954287,-67.050186,0.96875,E1
2023-07-28 00:00:00+00:00,17.943632,-67.00623,0.0,C2_Center
2023-07-28 00:00:00+00:00,17.972672,-67.06536,0.0,MJ3
2023-07-28 00:00:00+00:00,17.97034,-67.04777,0.0,G1
2023-07-28 00:00:00+00:00,17.973782,-67.06234,0.0,MJ4
2023-07-28 00:00:00+00:00,17.944336,-67.002266,30.679688,C1_East
2023-07-28 00:00:00+00:00,17.967564,-67.07653,0.1328125,MJ1
2023-07-28 00:00:00+00:00,17.942287,-67.07675,0.2421875,SC
2023-07-28 00:00:00+00:00,17.943077,-67.05644,0.0,L1
2023-08-04 00:00:00+00:00,17.944336,-67.002266,0.0,C1_East
2023-08-04 00:00:00+00:00,17.943077,-67.05644,0.0,L1
2023-08-04 00:00:00+00:00,17.968758,-67.076935,0.0,MJ2
2023-08-04 00:00:00+00:00,17.967564,-67.07653,0.8515625,MJ1
2023-08-04 00:00:00+00:00,17.972672,-67.06536,0.0,MJ3
2023-08-04 00:00:00+00:00,17.943632,-67.00623,0.0,C2_Center
2023-08-04 00:00:00+00:00,17.942287,-67.07675,3.2421875,SC
2023-08-04 00:00:00+00:00,17.943748,-67.009384,0.0,C3_West
2023-08-04 00:00:00+00:00,17.939789,-67.04021,0.0,ML1
2023-08-04 00:00:00+00:00,17.954287,-67.050186,0.0,E1
2023-08-04 00:00:00+00:00,17.97034,-67.04777,0.0,G1
2023-08-04 00:00:00+00:00,17.973782,-67.06234,0.0,MJ4
2023-08-11 00:00:00+00:00,17.943748,-67.009384,0.0,C3_West
2023-08-11 00:00:00+00:00,17.954287,-67.050186,0.0,E1
2023-08-11 00:00:00+00:00,17.939789,-67.04021,0.0,ML1
2023-08-11 00:00:00+00:00,17.973782,-67.06234,0.421875,MJ4
2023-08-11 00:00:00+00:00,17.942287,-67.07675,9.1875,SC
2023-08-11 00:00:00+00:00,17.943632,-67.00623,2.15625,C2_Center
2023-08-11 00:00:00+00:00,17.967564,-67.07653,0.296875,MJ1
2023-08-11 00:00:00+00:00,17.972672,-67.06536,0.0,MJ3
2023-08-11 00:00:00+00:00,17.944336,-67.002266,45.570312,C1_East
2023-08-11 00:00:00+00:00,17.97034,-67.04777,0.0,G1
2023-08-11 00:00:00+00:00,17.943077,-67.05644,0.0,L1
2023-08-11 00:00:00+00:00,17.968758,-67.076935,0.0,MJ2
2023-08-18 00:00:00+00:00,17.973782,-67.06234,0.078125,MJ4
2023-08-18 00:00:00+00:00,17.968758,-67.076935,1.359375,MJ2
2023-08-18 00:00:00+00:00,17.97034,-67.04777,0.0,G1
2023-08-18 00:00:00+00:00,17.942287,-67.07675,0.5625,SC
2023-08-18 00:00:00+00:00,17.943077,-67.05644,0.0390625,L1
2023-08-18 00:00:00+00:00,17.967564,-67.07653,0.03125,MJ1
2023-08-18 00:00:00+00:00,17.943632,-67.00623,0.0390625,C2_Center
2023-08-18 00:00:00+00:00,17.954287,-67.050186,0.0,E1
2023-08-18 00:00:00+00:00,17.943748,-67.009384,0.0,C3_West
2023-08-18 00:00:00+00:00,17.939789,-67.04021,0.4296875,ML1
2023-08-18 00:00:00+00:00,17.972672,-67.06536,0.0,MJ3
2023-08-18 00:00:00+00:00,17.944336,-67.002266,43.8125,C1_East
2023-08-25 00:00:00+00:00,17.973782,-67.06234,0.5625,MJ4
2023-08-25 00:00:00+00:00,17.943632,-67.00623,1.9296875,C2_Center
2023-08-25 00:00:00+00:00,17.942287,-67.07675,6.3984375,SC
2023-08-25 00:00:00+00:00,17.943077,-67.05644,23.820312,L1
2023-08-25 00:00:00+00:00,17.967564,-67.07653,1.7109375,MJ1
2023-08-25 00:00:00+00:00,17.972672,-67.06536,0.4921875,MJ3
2023-08-25 00:00:00+00:00,17.968758,-67.076935,1.2890625,MJ2
2023-08-25 00:00:00+00:00,17.944336,-67.002266,17.6875,C1_East
2023-08-25 00:00:00+00:00,17.954287,-67.050186,3.3203125,E1
2023-08-25 00:00:00+00:00,17.939789,-67.04021,2.953125,ML1
2023-08-25 00:00:00+00:00,17.943748,-67.009384,0.9296875,C3_West
2023-08-25 00:00:00+00:00,17.97034,-67.04777,10.3671875,G1
2023-09-01 00:00:00+00:00,17.972672,-67.06536,0.0,MJ3
2023-09-01 00:00:00+00:00,17.97034,-67.04777,1.4609375,G1
2023-09-01 00:00:00+00:00,17.939789,-67.04021,0.0,ML1
2023-09-01 00:00:00+00:00,17.942287,-67.07675,0.21875,SC
2023-09-01 00:00:00+00:00,17.943077,-67.05644,0.4296875,L1
2023-09-01 00:00:00+00:00,17.954287,-67.050186,0.0,E1
2023-09-01 00:00:00+00:00,17.973782,-67.06234,2.1484375,MJ4
2023-09-01 00:00:00+00:00,17.968758,-67.076935,3.4765625,MJ2
2023-09-01 00:00:00+00:00,17.943632,-67.00623,0.0,C2_Center
2023-09-01 00:00:00+00:00,17.944336,-67.002266,23.851562,C1_East
2023-09-01 00:00:00+00:00,17.943748,-67.009384,0.0,C3_West
2023-09-01 00:00:00+00:00,17.967564,-67.07653,0.1328125,MJ1
2023-09-08 00:00:00+00:00,17.954287,-67.050186,0.0,E1
2023-09-08 00:00:00+00:00,17.939789,-67.04021,19.078125,ML1
2023-09-08 00:00:00+00:00,17.972672,-67.06536,0.0,MJ3
2023-09-08 00:00:00+00:00,17.943748,-67.009384,0.0,C3_West
2023-09-08 00:00:00+00:00,17.973782,-67.06234,0.671875,MJ4
2023-09-08 00:00:00+00:00,17.968758,-67.076935,0.0,MJ2
2023-09-08 00:00:00+00:00,17.943632,-67.00623,0.0,C2_Center
2023-09-08 00:00:00+00:00,17.944336,-67.002266,37.34375,C1_East
2023-09-08 00:00:00+00:00,17.942287,-67.07675,34.742188,SC
2023-09-08 00:00:00+00:00,17.943077,-67.05644,20.148438,L1
2023-09-08 00:00:00+00:00,17.967564,-67.07653,0.890625,MJ1
2023-09-08 00:00:00+00:00,17.97034,-67.04777,0.0,G1
2023-09-15 00:00:00+00:00,17.943077,-67.05644,1.203125,L1
2023-09-15 00:00:00+00:00,17.967564,-67.07653,1.203125,MJ1
2023-09-15 00:00:00+00:00,17.973782,-67.06234,4.0390625,MJ4
2023-09-15 00:00:00+00:00,17.944336,-67.002266,45.539062,C1_East
2023-09-15 00:00:00+00:00,17.972672,-67.06536,0.0,MJ3
2023-09-15 00:00:00+00:00,17.97034,-67.04777,6.0078125,G1
2023-09-15 00:00:00+00:00,17.942287,-67.07675,0.6171875,SC
2023-09-15 00:00:00+00:00,17.943632,-67.00623,1.5,C2_Center
2023-09-15 00:00:00+00:00,17.968758,-67.076935,2.8125,MJ2
2023-09-15 00:00:00+00:00,17.943748,-67.009384,0.171875,C3_West
2023-09-15 00:00:00+00:00,17.954287,-67.050186,0.7109375,E1
2023-09-15 00:00:00+00:00,17.939789,-67.04021,0.96875,ML1
2023-09-22 00:00:00+00:00,17.942287,-67.07675,1.6171875,SC
2023-09-22 00:00:00+00:00,17.944336,-67.002266,35.0,C1_East
2023-09-22 00:00:00+00:00,17.943632,-67.00623,0.0,C2_Center
2023-09-22 00:00:00+00:00,17.968758,-67.076935,0.9921875,MJ2
2023-09-22 00:00:00+00:00,17.967564,-67.07653,1.3203125,MJ1
2023-09-22 00:00:00+00:00,17.97034,-67.04777,0.1015625,G1
2023-09-22 00:00:00+00:00,17.972672,-67.06536,0.0,MJ3
2023-09-22 00:00:00+00:00,17.943748,-67.009384,0.0,C3_West
2023-09-22 00:00:00+00:00,17.954287,-67.050186,0.0,E1
2023-09-22 00:00:00+00:00,17.939789,-67.04021,0.0,ML1
2023-09-22 00:00:00+00:00,17.943077,-67.05644,13.140625,L1
2023-09-22 00:00:00+00:00,17.973782,-67.06234,2.1171875,MJ4
2023-09-29 00:00:00+00:00,17.943748,-67.009384,0.0,C3_West
2023-09-29 00:00:00+00:00,17.954287,-67.050186,0.0,E1
2023-09-29 00:00:00+00:00,17.939789,-67.04021,0.1015625,ML1
2023-09-29 00:00:00+00:00,17.967564,-67.07653,0.0,MJ1
2023-09-29 00:00:00+00:00,17.944336,-67.002266,4.828125,C1_East
2023-09-29 00:00:00+00:00,17.943077,-67.05644,0.0,L1
2023-09-29 00:00:00+00:00,17.968758,-67.076935,0.8984375,MJ2
2023-09-29 00:00:00+00:00,17.943632,-67.00623,0.0,C2_Center
2023-09-29 00:00:00+00:00,17.97034,-67.04777,0.0,G1
2023-09-29 00:00:00+00:00,17.942287,-67.07675,0.0,SC
2023-09-29 00:00:00+00:00,17.973782,-67.06234,0.0,MJ4
2023-09-29 00:00:00+00:00,17.972672,-67.06536,0.0,MJ3
2023-10-06 00:00:00+00:00,17.954287,-67.050186,0.0,E1
2023-10-06 00:00:00+00:00,17.943748,-67.009384,0.0,C3_West
2023-10-06 00:00:00+00:00,17.939789,-67.04021,0.0,ML1
2023-10-06 00:00:00+00:00,17.973782,-67.06234,0.0,MJ4
2023-10-06 00:00:00+00:00,17.972672,-67.06536,0.0,MJ3
2023-10-06 00:00:00+00:00,17.942287,-67.07675,0.0,SC
2023-10-06 00:00:00+00:00,17.943632,-67.00623,0.0,C2_Center
2023-10-06 00:00:00+00:00,17.968758,-67.076935,0.0,MJ2
2023-10-06 00:00:00+00:00,17.967564,-67.07653,0.0,MJ1
2023-10-06 00:00:00+00:00,17.943077,-67.05644,0.0,L1
2023-10-06 00:00:00+00:00,17.944336,-67.002266,0.0,C1_East
2023-10-06 00:00:00+00:00,17.97034,-67.04777,0.0,G1
2023-10-13 00:00:00+00:00,17.943748,-67.009384,0.15625,C3_West
2023-10-13 00:00:00+00:00,17.939789,-67.04021,0.2578125,ML1
2023-10-13 00:00:00+00:00,17.972672,-67.06536,0.0,MJ3
2023-10-13 00:00:00+00:00,17.943077,-67.05644,0.8828125,L1
2023-10-13 00:00:00+00:00,17.944336,-67.002266,24.210938,C1_East
2023-10-13 00:00:00+00:00,17.968758,-67.076935,0.0,MJ2
2023-10-13 00:00:00+00:00,17.942287,-67.07675,0.3671875,SC
2023-10-13 00:00:00+00:00,17.954287,-67.050186,0.171875,E1
2023-10-13 00:00:00+00:00,17.967564,-67.07653,0.0,MJ1
2023-10-13 00:00:00+00:00,17.943632,-67.00623,0.1875,C2_Center
2023-10-13 00:00:00+00:00,17.97034,-67.04777,0.0,G1
2023-10-13 00:00:00+00:00,17.973782,-67.06234,0.0,MJ4
2023-10-20 00:00:00+00:00,17.954287,-67.050186,0.0,E1
2023-10-20 00:00:00+00:00,17.943748,-67.009384,0.0,C3_West
2023-10-20 00:00:00+00:00,17.939789,-67.04021,0.1328125,ML1
2023-10-20 00:00:00+00:00,17.944336,-67.002266,14.328125,C1_East
2023-10-20 00:00:00+00:00,17.968758,-67.076935,0.0,MJ2
2023-10-20 00:00:00+00:00,17.943077,-67.05644,0.1171875,L1
2023-10-20 00:00:00+00:00,17.97034,-67.04777,0.0,G1
2023-10-20 00:00:00+00:00,17.942287,-67.07675,0.359375,SC
2023-10-20 00:00:00+00:00,17.967564,-67.07653,0.0,MJ1
2023-10-20 00:00:00+00:00,17.972672,-67.06536,0.0,MJ3
2023-10-20 00:00:00+00:00,17.973782,-67.06234,0.0,MJ4
2023-10-20 00:00:00+00:00,17.943632,-67.00623,0.0,C2_Center
2023-10-27 00:00:00+00:00,17.954287,-67.050186,0.0,E1
2023-10-27 00:00:00+00:00,17.939789,-67.04021,0.0,ML1
2023-10-27 00:00:00+00:00,17.973782,-67.06234,0.0,MJ4
2023-10-27 00:00:00+00:00,17.972672,-67.06536,0.0,MJ3
2023-10-27 00:00:00+00:00,17.97034,-67.04777,0.0,G1
2023-10-27 00:00:00+00:00,17.942287,-67.07675,0.0,SC
2023-10-27 00:00:00+00:00,17.968758,-67.076935,0.0,MJ2
2023-10-27 00:00:00+00:00,17.943077,-67.05644,0.0,L1
2023-10-27 00:00:00+00:00,17.943632,-67.00623,0.0,C2_Center
2023-10-27 00:00:00+00:00,17.944336,-67.002266,0.0,C1_East
2023-10-27 00:00:00+00:00,17.967564,-67.07653,0.0,MJ1
2023-10-27 00:00:00+00:00,17.943748,-67.009384,0.0,C3_West
2023-11-03 00:00:00+00:00,17.954287,-67.050186,0.0,E1
2023-11-03 00:00:00+00:00,17.943748,-67.009384,0.0,C3_West
2023-11-03 00:00:00+00:00,17.939789,-67.04021,0.0,ML1
2023-11-03 00:00:00+00:00,17.944336,-67.002266,0.0,C1_East
2023-11-03 00:00:00+00:00,17.942287,-67.07675,0.0,SC
2023-11-03 00:00:00+00:00,17.968758,-67.076935,0.0,MJ2
2023-11-03 00:00:00+00:00,17.973782,-67.06234,0.0,MJ4
2023-11-03 00:00:00+00:00,17.943077,-67.05644,0.0,L1
2023-11-03 00:00:00+00:00,17.972672,-67.06536,0.0,MJ3
2023-11-03 00:00:00+00:00,17.967564,-67.07653,0.0,MJ1
2023-11-03 00:00:00+00:00,17.943632,-67.00623,0.0,C2_Center
2023-11-03 00:00:00+00:00,17.97034,-67.04777,0.0,G1
2023-11-10 00:00:00+00:00,17.967564,-67.07653,0.0,MJ1
2023-11-10 00:00:00+00:00,17.943077,-67.05644,0.2421875,L1
2023-11-10 00:00:00+00:00,17.954287,-67.050186,0.0,E1
2023-11-10 00:00:00+00:00,17.939789,-67.04021,0.0,ML1
2023-11-10 00:00:00+00:00,17.943748,-67.009384,0.0,C3_West
2023-11-10 00:00:00+00:00,17.972672,-67.06536,0.0,MJ3
2023-11-10 00:00:00+00:00,17.943632,-67.00623,0.046875,C2_Center
2023-11-10 00:00:00+00:00,17.973782,-67.06234,0.0,MJ4
2023-11-10 00:00:00+00:00,17.944336,-67.002266,0.1875,C1_East
2023-11-10 00:00:00+00:00,17.968758,-67.076935,0.0,MJ2
2023-11-10 00:00:00+00:00,17.97034,-67.04777,0.0,G1
2023-11-10 00:00:00+00:00,17.942287,-67.07675,0.296875,SC
2023-11-17 00:00:00+00:00,17.943748,-67.009384,0.46875,C3_West
2023-11-17 00:00:00+00:00,17.954287,-67.050186,2.9609375,E1
2023-11-17 00:00:00+00:00,17.939789,-67.04021,0.109375,ML1
2023-11-17 00:00:00+00:00,17.973782,-67.06234,0.0,MJ4
2023-11-17 00:00:00+00:00,17.972672,-67.06536,0.0,MJ3
2023-11-17 00:00:00+00:00,17.968758,-67.076935,0.0,MJ2
2023-11-17 00:00:00+00:00,17.967564,-67.07653,0.0,MJ1
2023-11-17 00:00:00+00:00,17.943632,-67.00623,4.2578125,C2_Center
2023-11-17 00:00:00+00:00,17.942287,-67.07675,28.632812,SC
2023-11-17 00:00:00+00:00,17.97034,-67.04777,0.0,G1
2023-11-17 00:00:00+00:00,17.943077,-67.05644,1.5390625,L1
2023-11-17 00:00:00+00:00,17.944336,-67.002266,31.867188,C1_East
2023-12-01 00:00:00+00:00,17.942287,-67.07675,1.671875,SC
2023-12-01 00:00:00+00:00,17.939789,-67.04021,0.0,ML1
2023-12-01 00:00:00+00:00,17.943748,-67.009384,0.0,C3_West
2023-12-01 00:00:00+00:00,17.954287,-67.050186,0.25,E1
2023-12-01 00:00:00+00:00,17.968758,-67.076935,0.0,MJ2
2023-12-01 00:00:00+00:00,17.972672,-67.06536,0.0,MJ3
2023-12-01 00:00:00+00:00,17.943632,-67.00623,0.0,C2_Center
2023-12-01 00:00:00+00:00,17.944336,-67.002266,19.0625,C1_East
2023-12-01 00:00:00+00:00,17.943077,-67.05644,0.2890625,L1
2023-12-01 00:00:00+00:00,17.967564,-67.07653,0.0,MJ1
2023-12-01 00:00:00+00:00,17.97034,-67.04777,0.0,G1
2023-12-01 00:00:00+00:00,17.973782,-67.06234,0.0,MJ4
2023-12-08 00:00:00+00:00,17.939789,-67.04021,0.0,ML1
2023-12-08 00:00:00+00:00,17.943748,-67.009384,0.0,C3_West
2023-12-08 00:00:00+00:00,17.943632,-67.00623,0.0,C2_Center
2023-12-08 00:00:00+00:00,17.97034,-67.04777,0.0,G1
2023-12-08 00:00:00+00:00,17.968758,-67.076935,0.0,MJ2
2023-12-08 00:00:00+00:00,17.942287,-67.07675,2.078125,SC
2023-12-08 00:00:00+00:00,17.972672,-67.06536,0.0,MJ3
2023-12-08 00:00:00+00:00,17.943077,-67.05644,0.359375,L1
2023-12-08 00:00:00+00:00,17.973782,-67.06234,0.0,MJ4
2023-12-08 00:00:00+00:00,17.967564,-67.07653,0.0,MJ1
2023-12-08 00:00:00+00:00,17.944336,-67.002266,6.6171875,C1_East
2023-12-08 00:00:00+00:00,17.954287,-67.050186,0.0,E1
2024-02-09 00:00:00+00:00,17.954287,-67.050186,0.0,E1
2024-02-09 00:00:00+00:00,17.944336,-67.002266,0.0,C1_East
2024-02-09 00:00:00+00:00,17.939789,-67.04021,0.0,ML1
2024-02-09 00:00:00+00:00,17.968758,-67.076935,0.0,MJ2
2024-02-09 00:00:00+00:00,17.973782,-67.06234,0.0,MJ4
2024-02-09 00:00:00+00:00,17.942287,-67.07675,0.0,SC
2024-02-09 00:00:00+00:00,17.967564,-67.07653,0.0,MJ1
2024-02-09 00:00:00+00:00,17.972672,-67.06536,0.0,MJ3
2024-02-09 00:00:00+00:00,17.943077,-67.05644,0.0,L1
2024-02-09 00:00:00+00:00,17.943632,-67.00623,0.0,C2_Center
2024-02-09 00:00:00+00:00,17.97034,-67.04777,0.0,G1
2024-02-09 00:00:00+00:00,17.943748,-67.009384,0.0,C3_West
2024-02-16 00:00:00+00:00,17.973782,-67.06234,0.0,MJ4
2024-02-16 00:00:00+00:00,17.943632,-67.00623,0.0,C2_Center
2024-02-16 00:00:00+00:00,17.943077,-67.05644,0.0,L1
2024-02-16 00:00:00+00:00,17.967564,-67.07653,0.0,MJ1
2024-02-16 00:00:00+00:00,17.942287,-67.07675,0.0,SC
2024-02-16 00:00:00+00:00,17.968758,-67.076935,0.0,MJ2
2024-02-16 00:00:00+00:00,17.972672,-67.06536,0.0,MJ3
2024-02-16 00:00:00+00:00,17.943748,-67.009384,0.0,C3_West
2024-02-16 00:00:00+00:00,17.939789,-67.04021,0.0,ML1
2024-02-16 00:00:00+00:00,17.954287,-67.050186,0.0,E1
2024-02-16 00:00:00+00:00,17.944336,-67.002266,0.0,C1_East
2024-02-16 00:00:00+00:00,17.97034,-67.04777,0.0,G1
2024-02-22 00:00:00+00:00,17.939789,-67.04021,0.0,ML1
2024-02-22 00:00:00+00:00,17.954287,-67.050186,0.0,E1
2024-02-22 00:00:00+00:00,17.943748,-67.009384,0.0,C3_West
2024-02-22 00:00:00+00:00,17.968758,-67.076935,0.0,MJ2
2024-02-22 00:00:00+00:00,17.942287,-67.07675,0.0,SC
2024-02-22 00:00:00+00:00,17.943077,-67.05644,0.0,L1
2024-02-22 00:00:00+00:00,17.943632,-67.00623,0.0,C2_Center
2024-02-22 00:00:00+00:00,17.97034,-67.04777,0.0,G1
2024-02-22 00:00:00+00:00,17.944336,-67.002266,0.0,C1_East
2024-02-22 00:00:00+00:00,17.967564,-67.07653,0.0,MJ1
2024-02-22 00:00:00+00:00,17.972672,-67.06536,0.0,MJ3
2024-02-22 00:00:00+00:00,17.973782,-67.06234,0.0,MJ4
2024-03-08 00:00:00+00:00,17.973782,-67.06234,0.0,MJ4
2024-03-08 00:00:00+00:00,17.954287,-67.050186,0.0,E1
2024-03-08 00:00:00+00:00,17.939789,-67.04021,0.0,ML1
2024-03-08 00:00:00+00:00,17.943748,-67.009384,0.0,C3_West
2024-03-08 00:00:00+00:00,17.942287,-67.07675,0.0,SC
2024-03-08 00:00:00+00:00,17.967564,-67.07653,0.0,MJ1
2024-03-08 00:00:00+00:00,17.943077,-67.05644,0.0,L1
2024-03-08 00:00:00+00:00,17.968758,-67.076935,0.0,MJ2
2024-03-08 00:00:00+00:00,17.97034,-67.04777,0.0,G1
2024-03-08 00:00:00+00:00,17.972672,-67.06536,0.0,MJ3
2024-03-08 00:00:00+00:00,17.944336,-67.002266,0.0,C1_East
2024-03-08 00:00:00+00:00,17.943632,-67.00623,0.0,C2_Center
2024-03-15 00:00:00+00:00,17.97034,-67.04777,0.0,G1
2024-03-15 00:00:00+00:00,17.943632,-67.00623,0.0,C2_Center
2024-03-15 00:00:00+00:00,17.943077,-67.05644,0.3671875,L1
2024-03-15 00:00:00+00:00,17.943748,-67.009384,0.0,C3_West
2024-03-15 00:00:00+00:00,17.967564,-67.07653,0.0,MJ1
2024-03-15 00:00:00+00:00,17.973782,-67.06234,0.0,MJ4
2024-03-15 00:00:00+00:00,17.968758,-67.076935,0.0,MJ2
2024-03-15 00:00:00+00:00,17.972672,-67.06536,0.0,MJ3
2024-03-15 00:00:00+00:00,17.954287,-67.050186,0.0,E1
2024-03-15 00:00:00+00:00,17.942287,-67.07675,0.0,SC
2024-03-15 00:00:00+00:00,17.939789,-67.04021,0.0,ML1
2024-03-15 00:00:00+00:00,17.944336,-67.002266,0.2265625,C1_East
2024-03-22 00:00:00+00:00,17.954287,-67.050186,0.0,E1
2024-03-22 00:00:00+00:00,17.943748,-67.009384,0.0,C3_West
2024-03-22 00:00:00+00:00,17.967564,-67.07653,0.0,MJ1
2024-03-22 00:00:00+00:00,17.972672,-67.06536,0.0,MJ3
2024-03-22 00:00:00+00:00,17.943077,-67.05644,0.0,L1
2024-03-22 00:00:00+00:00,17.939789,-67.04021,0.0,ML1
2024-03-22 00:00:00+00:00,17.968758,-67.076935,0.0,MJ2
2024-03-22 00:00:00+00:00,17.97034,-67.04777,0.0,G1
2024-03-22 00:00:00+00:00,17.942287,-67.07675,0.0,SC
2024-03-22 00:00:00+00:00,17.943632,-67.00623,0.0,C2_Center
2024-03-22 00:00:00+00:00,17.944336,-67.002266,0.0,C1_East
2024-03-22 00:00:00+00:00,17.973782,-67.06234,0.0,MJ4
2024-04-05 00:00:00+00:00,17.968758,-67.076935,0.0,MJ2
2024-04-05 00:00:00+00:00,17.943632,-67.00623,0.09375,C2_Center
2024-04-05 00:00:00+00:00,17.943077,-67.05644,0.0,L1
2024-04-05 00:00:00+00:00,17.944336,-67.002266,0.0,C1_East
2024-04-05 00:00:00+00:00,17.973782,-67.06234,0.0,MJ4
2024-04-05 00:00:00+00:00,17.942287,-67.07675,0.0,SC
2024-04-05 00:00:00+00:00,17.972672,-67.06536,0.0,MJ3
2024-04-05 00:00:00+00:00,17.97034,-67.04777,0.0,G1
2024-04-05 00:00:00+00:00,17.967564,-67.07653,0.0,MJ1
2024-04-05 00:00:00+00:00,17.954287,-67.050186,0.0,E1
2024-04-05 00:00:00+00:00,17.939789,-67.04021,0.0,ML1
2024-04-05 00:00:00+00:00,17.943748,-67.009384,0.0,C3_West
2024-04-12 00:00:00+00:00,17.943632,-67.00623,0.0,C2_Center
2024-04-12 00:00:00+00:00,17.968758,-67.076935,0.0,MJ2
2024-04-12 00:00:00+00:00,17.944336,-67.002266,2.9921875,C1_East
2024-04-12 00:00:00+00:00,17.973782,-67.06234,0.0,MJ4
2024-04-12 00:00:00+00:00,17.972672,-67.06536,0.0,MJ3
2024-04-12 00:00:00+00:00,17.967564,-67.07653,0.0,MJ1
2024-04-12 00:00:00+00:00,17.97034,-67.04777,0.0,G1
2024-04-12 00:00:00+00:00,17.942287,-67.07675,0.0078125,SC
2024-04-12 00:00:00+00:00,17.943077,-67.05644,0.0,L1
2024-04-12 00:00:00+00:00,17.939789,-67.04021,0.09375,ML1
2024-04-12 00:00:00+00:00,17.954287,-67.050186,0.0,E1
2024-04-12 00:00:00+00:00,17.943748,-67.009384,0.0,C3_West
2024-04-19 00:00:00+00:00,17.942287,-67.07675,0.0,SC
2024-04-19 00:00:00+00:00,17.97034,-67.04777,0.0,G1
2024-04-19 00:00:00+00:00,17.967564,-67.07653,0.0,MJ1
2024-04-19 00:00:00+00:00,17.968758,-67.076935,0.0,MJ2
2024-04-19 00:00:00+00:00,17.943077,-67.05644,0.0,L1
2024-04-19 00:00:00+00:00,17.944336,-67.002266,0.0,C1_East
2024-04-19 00:00:00+00:00,17.943632,-67.00623,0.0,C2_Center
2024-04-19 00:00:00+00:00,17.943748,-67.009384,0.0,C3_West
2024-04-19 00:00:00+00:00,17.954287,-67.050186,0.0,E1
2024-04-19 00:00:00+00:00,17.939789,-67.04021,0.0,ML1
2024-04-19 00:00:00+00:00,17.972672,-67.06536,0.0,MJ3
2024-04-19 00:00:00+00:00,17.973782,-67.06234,0.0,MJ4
2024-04-26 00:00:00+00:00,17.943748,-67.009384,0.0,C3_West
2024-04-26 00:00:00+00:00,17.954287,-67.050186,0.0,E1
2024-04-26 00:00:00+00:00,17.939789,-67.04021,0.0,ML1
2024-04-26 00:00:00+00:00,17.97034,-67.04777,0.0,G1
2024-04-26 00:00:00+00:00,17.972672,-67.06536,0.0,MJ3
2024-04-26 00:00:00+00:00,17.973782,-67.06234,0.0,MJ4
2024-04-26 00:00:00+00:00,17.967564,-67.07653,0.0,MJ1
2024-04-26 00:00:00+00:00,17.944336,-67.002266,0.0,C1_East
2024-04-26 00:00:00+00:00,17.943632,-67.00623,0.0,C2_Center
2024-04-26 00:00:00+00:00,17.942287,-67.07675,0.0703125,SC
2024-04-26 00:00:00+00:00,17.943077,-67.05644,0.4921875,L1
2024-04-26 00:00:00+00:00,17.968758,-67.076935,0.0,MJ2
2024-05-02 00:00:00+00:00,17.939789,-67.04021,0.3515625,ML1
2024-05-02 00:00:00+00:00,17.954287,-67.050186,0.0,E1
2024-05-02 00:00:00+00:00,17.943748,-67.009384,0.0,C3_West
2024-05-02 00:00:00+00:00,17.967564,-67.07653,0.0,MJ1
2024-05-02 00:00:00+00:00,17.943077,-67.05644,0.0,L1
2024-05-02 00:00:00+00:00,17.942287,-67.07675,0.0,SC
2024-05-02 00:00:00+00:00,17.943632,-67.00623,0.0,C2_Center
2024-05-02 00:00:00+00:00,17.972672,-67.06536,0.0,MJ3
2024-05-02 00:00:00+00:00,17.968758,-67.076935,0.0,MJ2
2024-05-02 00:00:00+00:00,17.97034,-67.04777,0.0,G1
2024-05-02 00:00:00+00:00,17.944336,-67.002266,0.0,C1_East
2024-05-02 00:00:00+00:00,17.973782,-67.06234,0.0,MJ4
2024-05-10 00:00:00+00:00,17.973782,-67.06234,0.0,MJ4
2024-05-10 00:00:00+00:00,17.944336,-67.002266,0.0,C1_East
2024-05-10 00:00:00+00:00,17.943632,-67.00623,0.0,C2_Center
2024-05-10 00:00:00+00:00,17.967564,-67.07653,0.0,MJ1
2024-05-10 00:00:00+00:00,17.97034,-67.04777,0.0,G1
2024-05-10 00:00:00+00:00,17.942287,-67.07675,0.0,SC
2024-05-10 00:00:00+00:00,17.972672,-67.06536,0.0,MJ3
2024-05-10 00:00:00+00:00,17.943077,-67.05644,0.0,L1
2024-05-10 00:00:00+00:00,17.968758,-67.076935,0.0,MJ2
2024-05-10 00:00:00+00:00,17.954287,-67.050186,0.0,E1
2024-05-10 00:00:00+00:00,17.943748,-67.009384,0.0,C3_West
2024-05-10 00:00:00+00:00,17.939789,-67.04021,0.0,ML1
2024-05-17 00:00:00+00:00,17.943077,-67.05644,0.0,L1
2024-05-17 00:00:00+00:00,17.943632,-67.00623,0.0,C2_Center
2024-05-17 00:00:00+00:00,17.967564,-67.07653,0.0,MJ1
2024-05-17 00:00:00+00:00,17.942287,-67.07675,0.0,SC
2024-05-17 00:00:00+00:00,17.954287,-67.050186,0.0,E1
2024-05-17 00:00:00+00:00,17.973782,-67.06234,0.0,MJ4
2024-05-17 00:00:00+00:00,17.943748,-67.009384,0.0,C3_West
2024-05-17 00:00:00+00:00,17.944336,-67.002266,0.0,C1_East
2024-05-17 00:00:00+00:00,17.97034,-67.04777,0.0,G1
2024-05-17 00:00:00+00:00,17.972672,-67.06536,0.0,MJ3
2024-05-17 00:00:00+00:00,17.968758,-67.076935,0.0,MJ2
2024-05-17 00:00:00+00:00,17.939789,-67.04021,0.0,ML1
2024-05-31 00:00:00+00:00,17.939789,-67.04021,0.3671875,ML1
2024-05-31 00:00:00+00:00,17.954287,-67.050186,0.0,E1
2024-05-31 00:00:00+00:00,17.943748,-67.009384,0.0,C3_West
2024-05-31 00:00:00+00:00,17.943077,-67.05644,0.7734375,L1
2024-05-31 00:00:00+00:00,17.972672,-67.06536,0.0,MJ3
2024-05-31 00:00:00+00:00,17.943632,-67.00623,0.109375,C2_Center
2024-05-31 00:00:00+00:00,17.968758,-67.076935,0.0,MJ2
2024-05-31 00:00:00+00:00,17.967564,-67.07653,0.0,MJ1
2024-05-31 00:00:00+00:00,17.973782,-67.06234,0.0,MJ4
2024-05-31 00:00:00+00:00,17.97034,-67.04777,0.0,G1
2024-05-31 00:00:00+00:00,17.944336,-67.002266,0.3125,C1_East
2024-05-31 00:00:00+00:00,17.942287,-67.07675,0.0,SC
2024-06-07 00:00:00+00:00,17.968758,-67.076935,1.71875,MJ2
2024-06-07 00:00:00+00:00,17.97034,-67.04777,5.90625,G1
2024-06-07 00:00:00+00:00,17.944336,-67.002266,50.273438,C1_East
2024-06-07 00:00:00+00:00,17.967564,-67.07653,21.296875,MJ1
2024-06-07 00:00:00+00:00,17.943632,-67.00623,4.7265625,C2_Center
2024-06-07 00:00:00+00:00,17.943077,-67.05644,8.25,L1
2024-06-07 00:00:00+00:00,17.973782,-67.06234,0.0,MJ4
2024-06-07 00:00:00+00:00,17.943748,-67.009384,2.1015625,C3_West
2024-06-07 00:00:00+00:00,17.954287,-67.050186,16.359375,E1
2024-06-07 00:00:00+00:00,17.939789,-67.04021,29.210938,ML1
2024-06-07 00:00:00+00:00,17.942287,-67.07675,20.429688,SC
2024-06-07 00:00:00+00:00,17.972672,-67.06536,0.296875,MJ3
2024-06-12 00:00:00+00:00,17.972672,-67.06536,0.0,MJ3
2024-06-12 00:00:00+00:00,17.943077,-67.05644,0.3984375,L1
2024-06-12 00:00:00+00:00,17.968758,-67.076935,0.0,MJ2
2024-06-12 00:00:00+00:00,17.943632,-67.00623,0.4296875,C2_Center
2024-06-12 00:00:00+00:00,17.944336,-67.002266,16.859375,C1_East
2024-06-12 00:00:00+00:00,17.97034,-67.04777,0.0,G1
2024-06-12 00:00:00+00:00,17.973782,-67.06234,0.0,MJ4
2024-06-12 00:00:00+00:00,17.943748,-67.009384,0.25,C3_West
2024-06-12 00:00:00+00:00,17.967564,-67.07653,0.703125,MJ1
2024-06-12 00:00:00+00:00,17.939789,-67.04021,0.2734375,ML1
2024-06-12 00:00:00+00:00,17.954287,-67.050186,0.9921875,E1
2024-06-12 00:00:00+00:00,17.942287,-67.07675,19.039062,SC
2024-06-20 00:00:00+00:00,17.97034,-67.04777,0.0,G1
2024-06-20 00:00:00+00:00,17.942287,-67.07675,30.328125,SC
2024-06-20 00:00:00+00:00,17.943077,-67.05644,15.2421875,L1
2024-06-20 00:00:00+00:00,17.973782,-67.06234,0.0,MJ4
2024-06-20 00:00:00+00:00,17.943632,-67.00623,0.0,C2_Center
2024-06-20 00:00:00+00:00,17.944336,-67.002266,19.101562,C1_East
2024-06-20 00:00:00+00:00,17.967564,-67.07653,8.5703125,MJ1
2024-06-20 00:00:00+00:00,17.972672,-67.06536,0.0,MJ3
2024-06-20 00:00:00+00:00,17.968758,-67.076935,0.0,MJ2
2024-06-20 00:00:00+00:00,17.943748,-67.009384,0.0,C3_West
2024-06-20 00:00:00+00:00,17.954287,-67.050186,0.0,E1
2024-06-20 00:00:00+00:00,17.939789,-67.04021,1.6171875,ML1
2024-06-28 00:00:00+00:00,17.939789,-67.04021,0.296875,ML1
2024-06-28 00:00:00+00:00,17.943077,-67.05644,2.328125,L1
2024-06-28 00:00:00+00:00,17.954287,-67.050186,0.0,E1
2024-06-28 00:00:00+00:00,17.943748,-67.009384,0.40625,C3_West
2024-06-28 00:00:00+00:00,17.944336,-67.002266,6.5234375,C1_East
2024-06-28 00:00:00+00:00,17.97034,-67.04777,0.0,G1
2024-06-28 00:00:00+00:00,17.968758,-67.076935,0.0,MJ2
2024-06-28 00:00:00+00:00,17.972672,-67.06536,0.0,MJ3
2024-06-28 00:00:00+00:00,17.967564,-67.07653,0.0,MJ1
2024-06-28 00:00:00+00:00,17.943632,-67.00623,0.2421875,C2_Center
2024-06-28 00:00:00+00:00,17.973782,-67.06234,0.0,MJ4
2024-06-28 00:00:00+00:00,17.942287,-67.07675,0.921875,SC
2024-07-26 00:00:00+00:00,17.942287,-67.07675,0.0,SC
2024-07-26 00:00:00+00:00,17.943077,-67.05644,47.820312,L1
2024-07-26 00:00:00+00:00,17.97034,-67.04777,0.0,G1
2024-07-26 00:00:00+00:00,17.943632,-67.00623,27.34375,C2_Center
2024-07-26 00:00:00+00:00,17.972672,-67.06536,0.0,MJ3
2024-07-26 00:00:00+00:00,17.968758,-67.076935,0.296875,MJ2
2024-07-26 00:00:00+00:00,17.973782,-67.06234,0.0,MJ4
2024-07-26 00:00:00+00:00,17.967564,-67.07653,0.0,MJ1
2024-07-26 00:00:00+00:00,17.943748,-67.009384,17.65625,C3_West
2024-07-26 00:00:00+00:00,17.954287,-67.050186,2.0234375,E1
2024-07-26 00:00:00+00:00,17.939789,-67.04021,0.0,ML1
2024-07-26 00:00:00+00:00,17.944336,-67.002266,59.703125,C1_East
2024-08-02 00:00:00+00:00,17.954287,-67.050186,1.1328125,E1
2024-08-02 00:00:00+00:00,17.968758,-67.076935,0.0,MJ2
2024-08-02 00:00:00+00:00,17.973782,-67.06234,0.0,MJ4
2024-08-02 00:00:00+00:00,17.97034,-67.04777,0.0,G1
2024-08-02 00:00:00+00:00,17.967564,-67.07653,1.0390625,MJ1
2024-08-02 00:00:00+00:00,17.942287,-67.07675,6.0078125,SC
2024-08-02 00:00:00+00:00,17.939789,-67.04021,0.0,ML1
2024-08-02 00:00:00+00:00,17.943632,-67.00623,0.0,C2_Center
2024-08-02 00:00:00+00:00,17.972672,-67.06536,0.0,MJ3
2024-08-02 00:00:00+00:00,17.944336,-67.002266,48.03125,C1_East
2024-08-02 00:00:00+00:00,17.943748,-67.009384,0.0,C3_West
2024-08-02 00:00:00+00:00,17.943077,-67.05644,1.140625,L1
2024-08-09 00:00:00+00:00,17.97034,-67.04777,0.0,G1
2024-08-09 00:00:00+00:00,17.972672,-67.06536,0.0,MJ3
2024-08-09 00:00:00+00:00,17.943632,-67.00623,0.0,C2_Center
2024-08-09 00:00:00+00:00,17.944336,-67.002266,21.84375,C1_East
2024-08-09 00:00:00+00:00,17.968758,-67.076935,0.0,MJ2
2024-08-09 00:00:00+00:00,17.942287,-67.07675,9.46875,SC
2024-08-09 00:00:00+00:00,17.967564,-67.07653,0.0,MJ1
2024-08-09 00:00:00+00:00,17.943077,-67.05644,0.828125,L1
2024-08-09 00:00:00+00:00,17.943748,-67.009384,0.0,C3_West
2024-08-09 00:00:00+00:00,17.939789,-67.04021,0.5,ML1
2024-08-09 00:00:00+00:00,17.954287,-67.050186,0.171875,E1
2024-08-09 00:00:00+00:00,17.973782,-67.06234,0.0,MJ4
2024-08-16 00:00:00+00:00,17.954287,-67.050186,4.6875,E1
2024-08-16 00:00:00+00:00,17.939789,-67.04021,0.0,ML1
2024-08-16 00:00:00+00:00,17.943748,-67.009384,0.0,C3_West
2024-08-16 00:00:00+00:00,17.973782,-67.06234,0.4609375,MJ4
2024-08-16 00:00:00+00:00,17.943632,-67.00623,19.71875,C2_Center
2024-08-16 00:00:00+00:00,17.968758,-67.076935,0.0,MJ2
2024-08-16 00:00:00+00:00,17.944336,-67.002266,39.421875,C1_East
2024-08-16 00:00:00+00:00,17.97034,-67.04777,0.0,G1
2024-08-16 00:00:00+00:00,17.967564,-67.07653,2.25,MJ1
2024-08-16 00:00:00+00:00,17.942287,-67.07675,4.6875,SC
2024-08-16 00:00:00+00:00,17.943077,-67.05644,6.3984375,L1
2024-08-16 00:00:00+00:00,17.972672,-67.06536,0.0,MJ3
2024-08-23 00:00:00+00:00,17.944336,-67.002266,2.7265625,C1_East
2024-08-23 00:00:00+00:00,17.939789,-67.04021,0.0,ML1
2024-08-23 00:00:00+00:00,17.954287,-67.050186,0.0,E1
2024-08-23 00:00:00+00:00,17.943632,-67.00623,0.0,C2_Center
2024-08-23 00:00:00+00:00,17.973782,-67.06234,0.0,MJ4
2024-08-23 00:00:00+00:00,17.943077,-67.05644,0.1171875,L1
2024-08-23 00:00:00+00:00,17.972672,-67.06536,0.0,MJ3
2024-08-23 00:00:00+00:00,17.967564,-67.07653,0.7265625,MJ1
2024-08-23 00:00:00+00:00,17.968758,-67.076935,0.0,MJ2
2024-08-23 00:00:00+00:00,17.97034,-67.04777,0.0,G1
2024-08-23 00:00:00+00:00,17.943748,-67.009384,0.0,C3_West
2024-08-23 00:00:00+00:00,17.942287,-67.07675,0.0,SC
2024-08-30 00:00:00+00:00,17.954287,-67.050186,1.6875,E1
2024-08-30 00:00:00+00:00,17.943077,-67.05644,1.4921875,L1
2024-08-30 00:00:00+00:00,17.944336,-67.002266,58.210938,C1_East
2024-08-30 00:00:00+00:00,17.942287,-67.07675,20.109375,SC
2024-08-30 00:00:00+00:00,17.939789,-67.04021,0.578125,ML1
2024-08-30 00:00:00+00:00,17.968758,-67.076935,0.0,MJ2
2024-08-30 00:00:00+00:00,17.97034,-67.04777,0.0,G1
2024-08-30 00:00:00+00:00,17.943632,-67.00623,0.4296875,C2_Center
2024-08-30 00:00:00+00:00,17.972672,-67.06536,0.0,MJ3
2024-08-30 00:00:00+00:00,17.943748,-67.009384,0.0,C3_West
2024-08-30 00:00:00+00:00,17.973782,-67.06234,0.0,MJ4
2024-08-30 00:00:00+00:00,17.967564,-67.07653,3.5078125,MJ1
2024-09-13 00:00:00+00:00,17.968758,-67.076935,0.0,MJ2
2024-09-13 00:00:00+00:00,17.944336,-67.002266,22.132812,C1_East
2024-09-13 00:00:00+00:00,17.939789,-67.04021,0.0,ML1
2024-09-13 00:00:00+00:00,17.943748,-67.009384,0.0,C3_West
2024-09-13 00:00:00+00:00,17.943632,-67.00623,0.5625,C2_Center
2024-09-13 00:00:00+00:00,17.943077,-67.05644,2.546875,L1
2024-09-13 00:00:00+00:00,17.954287,-67.050186,0.0,E1
2024-09-13 00:00:00+00:00,17.942287,-67.07675,0.0,SC
2024-09-13 00:00:00+00:00,17.973782,-67.06234,0.0,MJ4
2024-09-13 00:00:00+00:00,17.972672,-67.06536,0.0,MJ3
2024-09-13 00:00:00+00:00,17.967564,-67.07653,0.0,MJ1
2024-09-13 00:00:00+00:00,17.97034,-67.04777,0.0,G1
2024-09-20 00:00:00+00:00,17.954287,-67.050186,0.0,E1
2024-09-20 00:00:00+00:00,17.939789,-67.04021,0.0,ML1
2024-09-20 00:00:00+00:00,17.968758,-67.076935,0.0,MJ2
2024-09-20 00:00:00+00:00,17.967564,-67.07653,0.0,MJ1
2024-09-20 00:00:00+00:00,17.943748,-67.009384,0.0,C3_West
2024-09-20 00:00:00+00:00,17.943632,-67.00623,0.0,C2_Center
2024-09-20 00:00:00+00:00,17.973782,-67.06234,0.0,MJ4
2024-09-20 00:00:00+00:00,17.943077,-67.05644,0.0,L1
2024-09-20 00:00:00+00:00,17.944336,-67.002266,0.0,C1_East
2024-09-20 00:00:00+00:00,17.97034,-67.04777,0.0,G1
2024-09-20 00:00:00+00:00,17.972672,-67.06536,0.0,MJ3
2024-09-20 00:00:00+00:00,17.942287,-67.07675,0.0,SC
2024-09-27 00:00:00+00:00,17.939789,-67.04021,0.0,ML1
2024-09-27 00:00:00+00:00,17.943748,-67.009384,0.0,C3_West
2024-09-27 00:00:00+00:00,17.954287,-67.050186,0.0,E1
2024-09-27 00:00:00+00:00,17.968758,-67.076935,0.0,MJ2
2024-09-27 00:00:00+00:00,17.944336,-67.002266,4.75,C1_East
2024-09-27 00:00:00+00:00,17.97034,-67.04777,0.0,G1
2024-09-27 00:00:00+00:00,17.973782,-67.06234,0.0,MJ4
2024-09-27 00:00:00+00:00,17.943632,-67.00623,0.0,C2_Center
2024-09-27 00:00:00+00:00,17.967564,-67.07653,0.0,MJ1
2024-09-27 00:00:00+00:00,17.972672,-67.06536,0.0,MJ3
2024-09-27 00:00:00+00:00,17.943077,-67.05644,0.0,L1
2024-09-27 00:00:00+00:00,17.942287,-67.07675,0.0,SC
2024-10-04 00:00:00+00:00,17.943748,-67.009384,0.0,C3_West
2024-10-04 00:00:00+00:00,17.939789,-67.04021,0.0,ML1
2024-10-04 00:00:00+00:00,17.954287,-67.050186,0.0,E1
2024-10-04 00:00:00+00:00,17.97034,-67.04777,0.0,G1
2024-10-04 00:00:00+00:00,17.973782,-67.06234,0.0,MJ4
2024-10-04 00:00:00+00:00,17.943632,-67.00623,0.0,C2_Center
2024-10-04 00:00:00+00:00,17.943077,-67.05644,0.0,L1
2024-10-04 00:00:00+00:00,17.967564,-67.07653,0.0,MJ1
2024-10-04 00:00:00+00:00,17.942287,-67.07675,0.0,SC
2024-10-04 00:00:00+00:00,17.972672,-67.06536,0.0,MJ3
2024-10-04 00:00:00+00:00,17.968758,-67.076935,0.0,MJ2
2024-10-04 00:00:00+00:00,17.944336,-67.002266,0.0,C1_East
2024-10-11 00:00:00+00:00,17.943748,-67.009384,0.796875,C3_West
2024-10-11 00:00:00+00:00,17.939789,-67.04021,0.15625,ML1
2024-10-11 00:00:00+00:00,17.954287,-67.050186,0.0,E1
2024-10-11 00:00:00+00:00,17.968758,-67.076935,0.0,MJ2
2024-10-11 00:00:00+00:00,17.973782,-67.06234,0.0,MJ4
2024-10-11 00:00:00+00:00,17.943632,-67.00623,0.7578125,C2_Center
2024-10-11 00:00:00+00:00,17.967564,-67.07653,1.0390625,MJ1
2024-10-11 00:00:00+00:00,17.942287,-67.07675,0.203125,SC
2024-10-11 00:00:00+00:00,17.943077,-67.05644,1.2109375,L1
2024-10-11 00:00:00+00:00,17.97034,-67.04777,0.0,G1
2024-10-11 00:00:00+00:00,17.972672,-67.06536,0.0,MJ3
2024-10-11 00:00:00+00:00,17.944336,-67.002266,0.0,C1_East
2024-10-18 00:00:00+00:00,17.943748,-67.009384,0.0,C3_West
2024-10-18 00:00:00+00:00,17.954287,-67.050186,0.0,E1
2024-10-18 00:00:00+00:00,17.939789,-67.04021,0.171875,ML1
2024-10-18 00:00:00+00:00,17.972672,-67.06536,0.0,MJ3
2024-10-18 00:00:00+00:00,17.973782,-67.06234,0.0,MJ4
2024-10-18 00:00:00+00:00,17.97034,-67.04777,0.0,G1
2024-10-18 00:00:00+00:00,17.943077,-67.05644,1.0625,L1
2024-10-18 00:00:00+00:00,17.968758,-67.076935,0.0,MJ2
2024-10-18 00:00:00+00:00,17.942287,-67.07675,0.0,SC
2024-10-18 00:00:00+00:00,17.967564,-67.07653,0.0,MJ1
2024-10-18 00:00:00+00:00,17.943632,-67.00623,0.0,C2_Center
2024-10-18 00:00:00+00:00,17.944336,-67.002266,3.2578125,C1_East
2024-10-25 00:00:00+00:00,17.942287,-67.07675,0.0,SC
2024-10-25 00:00:00+00:00,17.97034,-67.04777,0.0,G1
2024-10-25 00:00:00+00:00,17.967564,-67.07653,0.0,MJ1
2024-10-25 00:00:00+00:00,17.973782,-67.06234,0.0,MJ4
2024-10-25 00:00:00+00:00,17.943632,-67.00623,0.0,C2_Center
2024-10-25 00:00:00+00:00,17.939789,-67.04021,0.0,ML1
2024-10-25 00:00:00+00:00,17.943748,-67.009384,0.0,C3_West
2024-10-25 00:00:00+00:00,17.954287,-67.050186,0.0,E1
2024-10-25 00:00:00+00:00,17.944336,-67.002266,0.0,C1_East
2024-10-25 00:00:00+00:00,17.968758,-67.076935,0.0,MJ2
2024-10-25 00:00:00+00:00,17.943077,-67.05644,0.2890625,L1
2024-10-25 00:00:00+00:00,17.972672,-67.06536,0.0,MJ3
2024-11-01 00:00:00+00:00,17.97034,-67.04777,0.0,G1
2024-11-01 00:00:00+00:00,17.943632,-67.00623,0.0,C2_Center
2024-11-01 00:00:00+00:00,17.973782,-67.06234,0.0,MJ4
2024-11-01 00:00:00+00:00,17.942287,-67.07675,0.0,SC
2024-11-01 00:00:00+00:00,17.967564,-67.07653,0.0,MJ1
2024-11-01 00:00:00+00:00,17.954287,-67.050186,0.0,E1
2024-11-01 00:00:00+00:00,17.943748,-67.009384,0.0,C3_West
2024-11-01 00:00:00+00:00,17.939789,-67.04021,0.0,ML1
2024-11-01 00:00:00+00:00,17.944336,-67.002266,0.0,C1_East
2024-11-01 00:00:00+00:00,17.943077,-67.05644,0.0,L1
2024-11-01 00:00:00+00:00,17.968758,-67.076935,0.0,MJ2
2024-11-01 00:00:00+00:00,17.972672,-67.06536,0.0,MJ3
2024-11-08 00:00:00+00:00,17.954287,-67.050186,0.0,E1
2024-11-08 00:00:00+00:00,17.943748,-67.009384,0.0,C3_West
2024-11-08 00:00:00+00:00,17.939789,-67.04021,0.0,ML1
2024-11-08 00:00:00+00:00,17.943632,-67.00623,0.0,C2_Center
2024-11-08 00:00:00+00:00,17.942287,-67.07675,0.0,SC
2024-11-08 00:00:00+00:00,17.973782,-67.06234,0.0,MJ4
2024-11-08 00:00:00+00:00,17.97034,-67.04777,0.0,G1
2024-11-08 00:00:00+00:00,17.972672,-67.06536,0.0,MJ3
2024-11-08 00:00:00+00:00,17.968758,-67.076935,0.0,MJ2
2024-11-08 00:00:00+00:00,17.967564,-67.07653,0.0,MJ1
2024-11-08 00:00:00+00:00,17.944336,-67.002266,0.0,C1_East
2024-11-08 00:00:00+00:00,17.943077,-67.05644,0.0,L1
2024-11-15 00:00:00+00:00,17.944336,-67.002266,0.0,C1_East
2024-11-15 00:00:00+00:00,17.943077,-67.05644,0.0,L1
2024-11-15 00:00:00+00:00,17.943632,-67.00623,0.0,C2_Center
2024-11-15 00:00:00+00:00,17.972672,-67.06536,0.0,MJ3
2024-11-15 00:00:00+00:00,17.973782,-67.06234,0.0,MJ4
2024-11-15 00:00:00+00:00,17.942287,-67.07675,0.0,SC
2024-11-15 00:00:00+00:00,17.967564,-67.07653,0.0,MJ1
2024-11-15 00:00:00+00:00,17.954287,-67.050186,0.0,E1
2024-11-15 00:00:00+00:00,17.939789,-67.04021,0.0,ML1
2024-11-15 00:00:00+00:00,17.943748,-67.009384,0.0,C3_West
2024-11-15 00:00:00+00:00,17.968758,-67.076935,0.0,MJ2
2024-11-15 00:00:00+00:00,17.97034,-67.04777,0.0,G1
2024-11-22 00:00:00+00:00,17.954287,-67.050186,0.0,E1
2024-11-22 00:00:00+00:00,17.943748,-67.009384,0.0,C3_West
2024-11-22 00:00:00+00:00,17.939789,-67.04021,0.0,ML1
2024-11-22 00:00:00+00:00,17.943632,-67.00623,0.0,C2_Center
2024-11-22 00:00:00+00:00,17.943077,-67.05644,0.0,L1
2024-11-22 00:00:00+00:00,17.973782,-67.06234,0.0,MJ4
2024-11-22 00:00:00+00:00,17.944336,-67.002266,0.0,C1_East
2024-11-22 00:00:00+00:00,17.97034,-67.04777,0.0,G1
2024-11-22 00:00:00+00:00,17.942287,-67.07675,0.0,SC
2024-11-22 00:00:00+00:00,17.972672,-67.06536,0.0,MJ3
2024-11-22 00:00:00+00:00,17.967564,-67.07653,0.0,MJ1
2024-11-22 00:00:00+00:00,17.968758,-67.076935,0.0,MJ2
2024-11-27 00:00:00+00:00,17.973782,-67.06234,0.0,MJ4
2024-11-27 00:00:00+00:00,17.954287,-67.050186,0.0,E1
2024-11-27 00:00:00+00:00,17.939789,-67.04021,0.0,ML1
2024-11-27 00:00:00+00:00,17.943748,-67.009384,0.0,C3_West
2024-11-27 00:00:00+00:00,17.967564,-67.07653,0.0,MJ1
2024-11-27 00:00:00+00:00,17.972672,-67.06536,0.0,MJ3
2024-11-27 00:00:00+00:00,17.943077,-67.05644,0.0,L1
2024-11-27 00:00:00+00:00,17.942287,-67.07675,0.0,SC
2024-11-27 00:00:00+00:00,17.943632,-67.00623,0.0,C2_Center
2024-11-27 00:00:00+00:00,17.944336,-67.002266,0.0,C1_East
2024-11-27 00:00:00+00:00,17.968758,-67.076935,0.0,MJ2
2024-11-27 00:00:00+00:00,17.97034,-67.04777,0.0,G1
2024-12-06 00:00:00+00:00,17.967564,-67.07653,0.0,MJ1
2024-12-06 00:00:00+00:00,17.973782,-67.06234,0.0,MJ4
2024-12-06 00:00:00+00:00,17.97034,-67.04777,0.0,G1
2024-12-06 00:00:00+00:00,17.943077,-67.05644,0.0,L1
2024-12-06 00:00:00+00:00,17.943632,-67.00623,0.0,C2_Center
2024-12-06 00:00:00+00:00,17.944336,-67.002266,0.0,C1_East
2024-12-06 00:00:00+00:00,17.942287,-67.07675,0.0,SC
2024-12-06 00:00:00+00:00,17.972672,-67.06536,0.0,MJ3
2024-12-06 00:00:00+00:00,17.968758,-67.076935,0.0,MJ2
2024-12-06 00:00:00+00:00,17.954287,-67.050186,0.0,E1
2024-12-06 00:00:00+00:00,17.943748,-67.009384,0.0,C3_West
2024-12-06 00:00:00+00:00,17.939789,-67.04021,0.0,ML1
2024-12-13 00:00:00+00:00,17.972672,-67.06536,0.0,MJ3
2024-12-13 00:00:00+00:00,17.943077,-67.05644,0.0,L1
2024-12-13 00:00:00+00:00,17.954287,-67.050186,0.0,E1
2024-12-13 00:00:00+00:00,17.967564,-67.07653,0.0,MJ1
2024-12-13 00:00:00+00:00,17.944336,-67.002266,0.0,C1_East
2024-12-13 00:00:00+00:00,17.97034,-67.04777,0.0,G1
2024-12-13 00:00:00+00:00,17.968758,-67.076935,0.0,MJ2
2024-12-13 00:00:00+00:00,17.943632,-67.00623,0.0,C2_Center
2024-12-13 00:00:00+00:00,17.942287,-67.07675,0.0,SC
2024-12-13 00:00:00+00:00,17.939789,-67.04021,0.0,ML1
2024-12-13 00:00:00+00:00,17.943748,-67.009384,0.0,C3_West
2024-12-13 00:00:00+00:00,17.973782,-67.06234,0.0,MJ4
2024-12-20 00:00:00+00:00,17.972672,-67.06536,0.0,MJ3
2024-12-20 00:00:00+00:00,17.943077,-67.05644,0.0,L1
2024-12-20 00:00:00+00:00,17.97034,-67.04777,0.0,G1
2024-12-20 00:00:00+00:00,17.973782,-67.06234,0.0,MJ4
2024-12-20 00:00:00+00:00,17.968758,-67.076935,0.0,MJ2
2024-12-20 00:00:00+00:00,17.954287,-67.050186,0.0,E1
2024-12-20 00:00:00+00:00,17.943632,-67.00623,0.0,C2_Center
2024-12-20 00:00:00+00:00,17.967564,-67.07653,0.0,MJ1
2024-12-20 00:00:00+00:00,17.942287,-67.07675,0.0,SC
2024-12-20 00:00:00+00:00,17.943748,-67.009384,0.0,C3_West
2024-12-20 00:00:00+00:00,17.939789,-67.04021,0.0,ML1
2024-12-20 00:00:00+00:00,17.944336,-67.002266,0.0,C1_East
2024-12-26 00:00:00+00:00,17.973782,-67.06234,0.0,MJ4
2024-12-26 00:00:00+00:00,17.943632,-67.00623,0.0,C2_Center
2024-12-26 00:00:00+00:00,17.942287,-67.07675,0.0,SC
2024-12-26 00:00:00+00:00,17.968758,-67.076935,0.0,MJ2
2024-12-26 00:00:00+00:00,17.967564,-67.07653,0.0,MJ1
2024-12-26 00:00:00+00:00,17.97034,-67.04777,0.0,G1
2024-12-26 00:00:00+00:00,17.972672,-67.06536,0.0,MJ3
2024-12-26 00:00:00+00:00,17.943077,-67.05644,0.0,L1
2024-12-26 00:00:00+00:00,17.954287,-67.050186,0.0,E1
2024-12-26 00:00:00+00:00,17.943748,-67.009384,0.0,C3_West
2024-12-26 00:00:00+00:00,17.939789,-67.04021,0.0,ML1
2024-12-26 00:00:00+00:00,17.944336,-67.002266,0.0,C1_East
2025-01-10 00:00:00+00:00,17.954287,-67.050186,0.0,E1
2025-01-10 00:00:00+00:00,17.943748,-67.009384,0.0,C3_West
2025-01-10 00:00:00+00:00,17.968758,-67.076935,0.0,MJ2
2025-01-10 00:00:00+00:00,17.939789,-67.04021,0.0,ML1
2025-01-10 00:00:00+00:00,17.944336,-67.002266,0.0,C1_East
2025-01-10 00:00:00+00:00,17.942287,-67.07675,0.0,SC
2025-01-10 00:00:00+00:00,17.967564,-67.07653,0.0,MJ1
2025-01-10 00:00:00+00:00,17.973782,-67.06234,0.0,MJ4
2025-01-10 00:00:00+00:00,17.97034,-67.04777,0.0,G1
2025-01-10 00:00:00+00:00,17.943632,-67.00623,0.0,C2_Center
2025-01-10 00:00:00+00:00,17.943077,-67.05644,0.0,L1
2025-01-10 00:00:00+00:00,17.972672,-67.06536,0.0,MJ3
2025-01-17 00:00:00+00:00,17.939789,-67.04021,0.0,ML1
2025-01-17 00:00:00+00:00,17.954287,-67.050186,0.0,E1
2025-01-17 00:00:00+00:00,17.943748,-67.009384,0.0,C3_West
2025-01-17 00:00:00+00:00,17.972672,-67.06536,0.0,MJ3
2025-01-17 00:00:00+00:00,17.97034,-67.04777,0.0,G1
2025-01-17 00:00:00+00:00,17.944336,-67.002266,0.0,C1_East
2025-01-17 00:00:00+00:00,17.942287,-67.07675,0.0,SC
2025-01-17 00:00:00+00:00,17.968758,-67.076935,0.0,MJ2
2025-01-17 00:00:00+00:00,17.943077,-67.05644,0.0,L1
2025-01-17 00:00:00+00:00,17.973782,-67.06234,0.0,MJ4
2025-01-17 00:00:00+00:00,17.943632,-67.00623,0.0,C2_Center
2025-01-17 00:00:00+00:00,17.967564,-67.07653,0.0,MJ1
2025-01-24 00:00:00+00:00,17.939789,-67.04021,0.0,ML1
2025-01-24 00:00:00+00:00,17.943748,-67.009384,0.0,C3_West
2025-01-24 00:00:00+00:00,17.954287,-67.050186,0.0,E1
2025-01-24 00:00:00+00:00,17.944336,-67.002266,0.0,C1_East
2025-01-24 00:00:00+00:00,17.973782,-67.06234,0.0,MJ4
2025-01-24 00:00:00+00:00,17.967564,-67.07653,0.0,MJ1
2025-01-24 00:00:00+00:00,17.942287,-67.07675,0.0,SC
2025-01-24 00:00:00+00:00,17.943077,-67.05644,0.0,L1
2025-01-24 00:00:00+00:00,17.968758,-67.076935,0.0,MJ2
2025-01-24 00:00:00+00:00,17.972672,-67.06536,0.0,MJ3
2025-01-24 00:00:00+00:00,17.943632,-67.00623,0.0,C2_Center
2025-01-24 00:00:00+00:00,17.97034,-67.04777,0.0,G1
2025-01-31 00:00:00+00:00,17.944336,-67.002266,0.0,C1_East
2025-01-31 00:00:00+00:00,17.967564,-67.07653,0.0,MJ1
2025-01-31 00:00:00+00:00,17.972672,-67.06536,0.0,MJ3
2025-01-31 00:00:00+00:00,17.943632,-67.00623,0.0,C2_Center
2025-01-31 00:00:00+00:00,17.973782,-67.06234,0.0,MJ4
2025-01-31 00:00:00+00:00,17.97034,-67.04777,0.0,G1
2025-01-31 00:00:00+00:00,17.943077,-67.05644,0.0,L1
2025-01-31 00:00:00+00:00,17.942287,-67.07675,0.0,SC
2025-01-31 00:00:00+00:00,17.968758,-67.076935,0.0,MJ2
2025-01-31 00:00:00+00:00,17.943748,-67.009384,0.0,C3_West
2025-01-31 00:00:00+00:00,17.939789,-67.04021,0.0,ML1
2025-01-31 00:00:00+00:00,17.954287,-67.050186,0.0,E1
2025-02-07 00:00:00+00:00,17.942287,-67.07675,0.1796875,SC
2025-02-07 00:00:00+00:00,17.973782,-67.06234,0.0,MJ4
2025-02-07 00:00:00+00:00,17.967564,-67.07653,0.0,MJ1
2025-02-07 00:00:00+00:00,17.97034,-67.04777,0.0,G1
2025-02-07 00:00:00+00:00,17.968758,-67.076935,0.0,MJ2
2025-02-07 00:00:00+00:00,17.943632,-67.00623,0.5078125,C2_Center
2025-02-07 00:00:00+00:00,17.972672,-67.06536,0.0,MJ3
2025-02-07 00:00:00+00:00,17.944336,-67.002266,0.0,C1_East
2025-02-07 00:00:00+00:00,17.939789,-67.04021,0.0,ML1
2025-02-07 00:00:00+00:00,17.943748,-67.009384,0.140625,C3_West
2025-02-07 00:00:00+00:00,17.954287,-67.050186,0.1328125,E1
2025-02-07 00:00:00+00:00,17.943077,-67.05644,0.2578125,L1
2025-02-14 00:00:00+00:00,17.943632,-67.00623,0.0,C2_Center
2025-02-14 00:00:00+00:00,17.973782,-67.06234,0.0,MJ4
2025-02-14 00:00:00+00:00,17.954287,-67.050186,0.0,E1
2025-02-14 00:00:00+00:00,17.943077,-67.05644,0.0,L1
2025-02-14 00:00:00+00:00,17.968758,-67.076935,0.0,MJ2
2025-02-14 00:00:00+00:00,17.97034,-67.04777,0.0,G1
2025-02-14 00:00:00+00:00,17.939789,-67.04021,0.0,ML1
2025-02-14 00:00:00+00:00,17.967564,-67.07653,0.0,MJ1
2025-02-14 00:00:00+00:00,17.944336,-67.002266,0.1171875,C1_East
2025-02-14 00:00:00+00:00,17.972672,-67.06536,0.0,MJ3
2025-02-14 00:00:00+00:00,17.943748,-67.009384,0.0,C3_West
2025-02-14 00:00:00+00:00,17.942287,-67.07675,0.0,SC
2025-02-21 00:00:00+00:00,17.943748,-67.009384,0.0,C3_West
2025-02-21 00:00:00+00:00,17.954287,-67.050186,0.0,E1
2025-02-21 00:00:00+00:00,17.968758,-67.076935,0.0,MJ2
2025-02-21 00:00:00+00:00,17.943077,-67.05644,0.0,L1
2025-02-21 00:00:00+00:00,17.972672,-67.06536,0.0,MJ3
2025-02-21 00:00:00+00:00,17.939789,-67.04021,0.0,ML1
2025-02-21 00:00:00+00:00,17.943632,-67.00623,0.0,C2_Center
2025-02-21 00:00:00+00:00,17.942287,-67.07675,0.0,SC
2025-02-21 00:00:00+00:00,17.967564,-67.07653,0.0,MJ1
2025-02-21 00:00:00+00:00,17.97034,-67.04777,0.0,G1
2025-02-21 00:00:00+00:00,17.944336,-67.002266,0.0,C1_East
2025-02-21 00:00:00+00:00,17.973782,-67.06234,0.0,MJ4
2025-02-28 00:00:00+00:00,17.942287,-67.07675,0.0,SC
2025-02-28 00:00:00+00:00,17.967564,-67.07653,0.0,MJ1
2025-02-28 00:00:00+00:00,17.972672,-67.06536,0.0,MJ3
2025-02-28 00:00:00+00:00,17.943077,-67.05644,0.46875,L1
2025-02-28 00:00:00+00:00,17.943632,-67.00623,0.28125,C2_Center
2025-02-28 00:00:00+00:00,17.943748,-67.009384,0.1484375,C3_West
2025-02-28 00:00:00+00:00,17.968758,-67.076935,0.0,MJ2
2025-02-28 00:00:00+00:00,17.97034,-67.04777,0.0,G1
2025-02-28 00:00:00+00:00,17.939789,-67.04021,0.0,ML1
2025-02-28 00:00:00+00:00,17.954287,-67.050186,0.1875,E1
2025-02-28 00:00:00+00:00,17.973782,-67.06234,0.1171875,MJ4
2025-02-28 00:00:00+00:00,17.944336,-67.002266,0.53125,C1_East
2025-03-07 00:00:00+00:00,17.954287,-67.050186,0.0703125,E1
2025-03-07 00:00:00+00:00,17.943748,-67.009384,0.03125,C3_West
2025-03-07 00:00:00+00:00,17.939789,-67.04021,0.03125,ML1
2025-03-07 00:00:00+00:00,17.944336,-67.002266,0.15625,C1_East
2025-03-07 00:00:00+00:00,17.968758,-67.076935,0.0,MJ2
2025-03-07 00:00:00+00:00,17.943077,-67.05644,0.578125,L1
2025-03-07 00:00:00+00:00,17.967564,-67.07653,0.0,MJ1
2025-03-07 00:00:00+00:00,17.97034,-67.04777,0.0,G1
2025-03-07 00:00:00+00:00,17.972672,-67.06536,0.0,MJ3
2025-03-07 00:00:00+00:00,17.973782,-67.06234,0.0,MJ4
2025-03-07 00:00:00+00:00,17.942287,-67.07675,0.2421875,SC
2025-03-07 00:00:00+00:00,17.943632,-67.00623,0.109375,C2_Center
2025-03-14 00:00:00+00:00,17.944336,-67.002266,0.109375,C1_East
2025-03-14 00:00:00+00:00,17.939789,-67.04021,0.09375,ML1
2025-03-14 00:00:00+00:00,17.967564,-67.07653,0.0,MJ1
2025-03-14 00:00:00+00:00,17.954287,-67.050186,0.1171875,E1
2025-03-14 00:00:00+00:00,17.972672,-67.06536,0.0,MJ3
2025-03-14 00:00:00+00:00,17.943632,-67.00623,0.078125,C2_Center
2025-03-14 00:00:00+00:00,17.973782,-67.06234,0.0,MJ4
2025-03-14 00:00:00+00:00,17.943077,-67.05644,0.9375,L1
2025-03-14 00:00:00+00:00,17.942287,-67.07675,0.671875,SC
2025-03-14 00:00:00+00:00,17.97034,-67.04777,0.0,G1
2025-03-14 00:00:00+00:00,17.943748,-67.009384,0.0,C3_West
2025-03-14 00:00:00+00:00,17.968758,-67.076935,0.0,MJ2
2025-03-21 00:00:00+00:00,17.939789,-67.04021,0.0,ML1
2025-03-21 00:00:00+00:00,17.954287,-67.050186,0.0,E1
2025-03-21 00:00:00+00:00,17.943748,-67.009384,0.0,C3_West
2025-03-21 00:00:00+00:00,17.972672,-67.06536,0.0,MJ3
2025-03-21 00:00:00+00:00,17.942287,-67.07675,0.0,SC
2025-03-21 00:00:00+00:00,17.943077,-67.05644,0.0,L1
2025-03-21 00:00:00+00:00,17.97034,-67.04777,0.0,G1
2025-03-21 00:00:00+00:00,17.967564,-67.07653,0.0,MJ1
2025-03-21 00:00:00+00:00,17.968758,-67.076935,0.0,MJ2
2025-03-21 00:00:00+00:00,17.943632,-67.00623,0.0,C2_Center
2025-03-21 00:00:00+00:00,17.973782,-67.06234,0.0,MJ4
2025-03-21 00:00:00+00:00,17.944336,-67.002266,0.0,C1_East
2025-03-28 00:00:00+00:00,17.943077,-67.05644,0.5703125,L1
2025-03-28 00:00:00+00:00,17.943748,-67.009384,0.0234375,C3_West
2025-03-28 00:00:00+00:00,17.97034,-67.04777,0.0,G1
2025-03-28 00:00:00+00:00,17.972672,-67.06536,0.0,MJ3
2025-03-28 00:00:00+00:00,17.967564,-67.07653,0.0,MJ1
2025-03-28 00:00:00+00:00,17.942287,-67.07675,0.0,SC
2025-03-28 00:00:00+00:00,17.968758,-67.076935,0.0,MJ2
2025-03-28 00:00:00+00:00,17.943632,-67.00623,0.1328125,C2_Center
2025-03-28 00:00:00+00:00,17.954287,-67.050186,0.3203125,E1
2025-03-28 00:00:00+00:00,17.939789,-67.04021,0.0,ML1
2025-03-28 00:00:00+00:00,17.973782,-67.06234,0.0,MJ4
2025-03-28 00:00:00+00:00,17.944336,-67.002266,0.2265625,C1_East
2025-04-04 00:00:00+00:00,17.939789,-67.04021,0.0,ML1
2025-04-04 00:00:00+00:00,17.973782,-67.06234,0.0,MJ4
2025-04-04 00:00:00+00:00,17.942287,-67.07675,0.0,SC
2025-04-04 00:00:00+00:00,17.967564,-67.07653,0.0,MJ1
2025-04-04 00:00:00+00:00,17.944336,-67.002266,0.1796875,C1_East
2025-04-04 00:00:00+00:00,17.97034,-67.04777,0.0,G1
2025-04-04 00:00:00+00:00,17.968758,-67.076935,0.0,MJ2
2025-04-04 00:00:00+00:00,17.943632,-67.00623,0.0625,C2_Center
2025-04-04 00:00:00+00:00,17.943077,-67.05644,0.0,L1
2025-04-04 00:00:00+00:00,17.943748,-67.009384,0.0,C3_West
2025-04-04 00:00:00+00:00,17.954287,-67.050186,0.0,E1
2025-04-04 00:00:00+00:00,17.972672,-67.06536,0.0,MJ3
2025-04-11 00:00:00+00:00,17.942287,-67.07675,42.75,SC
2025-04-11 00:00:00+00:00,17.939789,-67.04021,0.328125,ML1
2025-04-11 00:00:00+00:00,17.943748,-67.009384,1.15625,C3_West
2025-04-11 00:00:00+00:00,17.954287,-67.050186,3.2734375,E1
2025-04-11 00:00:00+00:00,17.97034,-67.04777,0.0,G1
2025-04-11 00:00:00+00:00,17.972672,-67.06536,0.0,MJ3
2025-04-11 00:00:00+00:00,17.968758,-67.076935,0.0,MJ2
2025-04-11 00:00:00+00:00,17.973782,-67.06234,0.0,MJ4
2025-04-11 00:00:00+00:00,17.944336,-67.002266,33.242188,C1_East
2025-04-11 00:00:00+00:00,17.943077,-67.05644,9.6328125,L1
2025-04-11 00:00:00+00:00,17.967564,-67.07653,0.0,MJ1
2025-04-11 00:00:00+00:00,17.943632,-67.00623,7.2109375,C2_Center
2025-04-25 00:00:00+00:00,17.943077,-67.05644,0.84375,L1
2025-04-25 00:00:00+00:00,17.967564,-67.07653,0.046875,MJ1
2025-04-25 00:00:00+00:00,17.973782,-67.06234,0.0,MJ4
2025-04-25 00:00:00+00:00,17.942287,-67.07675,0.6328125,SC
2025-04-25 00:00:00+00:00,17.972672,-67.06536,0.0,MJ3
2025-04-25 00:00:00+00:00,17.968758,-67.076935,0.0,MJ2
2025-04-25 00:00:00+00:00,17.943632,-67.00623,0.0,C2_Center
2025-04-25 00:00:00+00:00,17.944336,-67.002266,9.84375,C1_East
2025-04-25 00:00:00+00:00,17.954287,-67.050186,2.2421875,E1
2025-04-25 00:00:00+00:00,17.939789,-67.04021,0.1171875,ML1
2025-04-25 00:00:00+00:00,17.943748,-67.009384,3.59375,C3_West
2025-05-02 00:00:00+00:00,17.968758,-67.076935,0.0,MJ2
2025-05-02 00:00:00+00:00,17.944336,-67.002266,0.7578125,C1_East
2025-05-02 00:00:00+00:00,17.972672,-67.06536,0.0,MJ3
2025-05-02 00:00:00+00:00,17.943077,-67.05644,0.0,L1
2025-05-02 00:00:00+00:00,17.97034,-67.04777,0.0,G1
2025-05-02 00:00:00+00:00,17.973782,-67.06234,0.0,MJ4
2025-05-02 00:00:00+00:00,17.942287,-67.07675,0.0,SC
2025-05-02 00:00:00+00:00,17.954287,-67.050186,0.0234375,E1
2025-05-02 00:00:00+00:00,17.943748,-67.009384,0.0078125,C3_West
2025-05-02 00:00:00+00:00,17.939789,-67.04021,0.0078125,ML1
2025-05-02 00:00:00+00:00,17.967564,-67.07653,0.0,MJ1
2025-05-02 00:00:00+00:00,17.943632,-67.00623,0.0,C2_Center
2025-05-09 00:00:00+00:00,17.939789,-67.04021,0.0,ML1
2025-05-09 00:00:00+00:00,17.954287,-67.050186,0.0,E1
2025-05-09 00:00:00+00:00,17.943748,-67.009384,4.1796875,C3_West
2025-05-09 00:00:00+00:00,17.973782,-67.06234,0.0,MJ4
2025-05-09 00:00:00+00:00,17.972672,-67.06536,0.0,MJ3
2025-05-09 00:00:00+00:00,17.944336,-67.002266,0.5703125,C1_East
2025-05-09 00:00:00+00:00,17.968758,-67.076935,0.0,MJ2
2025-05-09 00:00:00+00:00,17.967564,-67.07653,0.0,MJ1
2025-05-09 00:00:00+00:00,17.943077,-67.05644,0.1484375,L1
2025-05-09 00:00:00+00:00,17.942287,-67.07675,0.0,SC
2025-05-09 00:00:00+00:00,17.943632,-67.00623,0.03125,C2_Center
2025-05-09 00:00:00+00:00,17.97034,-67.04777,0.0,G1
2025-05-16 00:00:00+00:00,17.967564,-67.07653,1.28125,MJ1
2025-05-16 00:00:00+00:00,17.944336,-67.002266,60.90625,C1_East
2025-05-16 00:00:00+00:00,17.97034,-67.04777,0.0,G1
2025-05-16 00:00:00+00:00,17.954287,-67.050186,3.4375,E1
2025-05-16 00:00:00+00:00,17.973782,-67.06234,0.0,MJ4
2025-05-16 00:00:00+00:00,17.942287,-67.07675,75.17969,SC
2025-05-16 00:00:00+00:00,17.972672,-67.06536,0.0,MJ3
2025-05-16 00:00:00+00:00,17.943077,-67.05644,57.390625,L1
2025-05-16 00:00:00+00:00,17.968758,-67.076935,1.4609375,MJ2
2025-05-16 00:00:00+00:00,17.943632,-67.00623,5.1796875,C2_Center
2025-05-16 00:00:00+00:00,17.939789,-67.04021,11.7421875,ML1
2025-05-16 00:00:00+00:00,17.943748,-67.009384,27.523438,C3_West
2025-05-23 00:00:00+00:00,17.972672,-67.06536,0.0,MJ3
2025-05-23 00:00:00+00:00,17.943748,-67.009384,6.2578125,C3_West
2025-05-23 00:00:00+00:00,17.954287,-67.050186,3.6015625,E1
2025-05-23 00:00:00+00:00,17.939789,-67.04021,0.2578125,ML1
2025-05-23 00:00:00+00:00,17.944336,-67.002266,34.273438,C1_East
2025-05-23 00:00:00+00:00,17.968758,-67.076935,0.078125,MJ2
2025-05-23 00:00:00+00:00,17.967564,-67.07653,0.0,MJ1
2025-05-23 00:00:00+00:00,17.973782,-67.06234,0.0,MJ4
2025-05-23 00:00:00+00:00,17.943077,-67.05644,27.539062,L1
2025-05-23 00:00:00+00:00,17.943632,-67.00623,1.609375,C2_Center
2025-05-23 00:00:00+00:00,17.97034,-67.04777,0.0,G1
2025-05-23 00:00:00+00:00,17.942287,-67.07675,42.640625,SC
2025-05-30 00:00:00+00:00,17.943748,-67.009384,7.8515625,C3_West
2025-05-30 00:00:00+00:00,17.939789,-67.04021,25.257812,ML1
2025-05-30 00:00:00+00:00,17.944336,-67.002266,56.710938,C1_East
2025-05-30 00:00:00+00:00,17.973782,-67.06234,0.25,MJ4
2025-05-30 00:00:00+00:00,17.943077,-67.05644,36.976562,L1
2025-05-30 00:00:00+00:00,17.97034,-67.04777,14.84375,G1
2025-05-30 00:00:00+00:00,17.968758,-67.076935,2.7734375,MJ2
2025-05-30 00:00:00+00:00,17.967564,-67.07653,5.390625,MJ1
2025-05-30 00:00:00+00:00,17.942287,-67.07675,17.289062,SC
2025-05-30 00:00:00+00:00,17.972672,-67.06536,0.828125,MJ3
2025-05-30 00:00:00+00:00,17.943632,-67.00623,0.578125,C2_Center
2025-05-30 00:00:00+00:00,17.954287,-67.050186,14.859375,E1
2025-06-06 00:00:00+00:00,17.967564,-67.07653,8.2265625,MJ1
2025-06-06 00:00:00+00:00,17.968758,-67.076935,3.390625,MJ2
2025-06-06 00:00:00+00:00,17.943632,-67.00623,1.96875,C2_Center
2025-06-06 00:00:00+00:00,17.939789,-67.04021,4.4765625,ML1
2025-06-06 00:00:00+00:00,17.943748,-67.009384,41.476562,C3_West
2025-06-06 00:00:00+00:00,17.954287,-67.050186,23.9375,E1
2025-06-06 00:00:00+00:00,17.942287,-67.07675,105.78906,SC
2025-06-06 00:00:00+00:00,17.943077,-67.05644,2.6875,L1
2025-06-06 00:00:00+00:00,17.973782,-67.06234,3.046875,MJ4
2025-06-06 00:00:00+00:00,17.97034,-67.04777,1.890625,G1
2025-06-06 00:00:00+00:00,17.944336,-67.002266,79.96875,C1_East
2025-06-06 00:00:00+00:00,17.972672,-67.06536,0.34375,MJ3
2025-06-13 00:00:00+00:00,17.968758,-67.076935,5.71875,MJ2
2025-06-13 00:00:00+00:00,17.942287,-67.07675,13.546875,SC
2025-06-13 00:00:00+00:00,17.97034,-67.04777,4.8203125,G1
2025-06-13 00:00:00+00:00,17.954287,-67.050186,9.4609375,E1
2025-06-13 00:00:00+00:00,17.973782,-67.06234,1.0703125,MJ4
2025-06-13 00:00:00+00:00,17.943632,-67.00623,9.203125,C2_Center
2025-06-13 00:00:00+00:00,17.967564,-67.07653,1.96875,MJ1
2025-06-13 00:00:00+00:00,17.972672,-67.06536,0.6015625,MJ3
2025-06-13 00:00:00+00:00,17.943748,-67.009384,16.632812,C3_West
2025-06-13 00:00:00+00:00,17.939789,-67.04021,0.390625,ML1
2025-06-13 00:00:00+00:00,17.943077,-67.05644,1.296875,L1
2025-06-13 00:00:00+00:00,17.944336,-67.002266,25.320312,C1_East
2025-06-20 00:00:00+00:00,17.943632,-67.00623,55.992188,C2_Center
2025-06-20 00:00:00+00:00,17.967564,-67.07653,3.2734375,MJ1
2025-06-20 00:00:00+00:00,17.972672,-67.06536,0.25,MJ3
2025-06-20 00:00:00+00:00,17.942287,-67.07675,38.789062,SC
2025-06-20 00:00:00+00:00,17.97034,-67.04777,0.4921875,G1
2025-06-20 00:00:00+00:00,17.973782,-67.06234,1.1171875,MJ4
2025-06-20 00:00:00+00:00,17.943077,-67.05644,1.40625,L1
2025-06-20 00:00:00+00:00,17.944336,-67.002266,72.46875,C1_East
2025-06-20 00:00:00+00:00,17.968758,-67.076935,0.3125,MJ2
2025-06-20 00:00:00+00:00,17.939789,-67.04021,5.046875,ML1
2025-06-20 00:00:00+00:00,17.943748,-67.009384,42.101562,C3_West
2025-06-20 00:00:00+00:00,17.954287,-67.050186,20.242188,E1
2025-06-27 00:00:00+00:00,17.97034,-67.04777,1.0,G1
2025-06-27 00:00:00+00:00,17.968758,-67.076935,1.8984375,MJ2
2025-06-27 00:00:00+00:00,17.972672,-67.06536,0.0,MJ3
2025-06-27 00:00:00+00:00,17.943077,-67.05644,2.9609375,L1
2025-06-27 00:00:00+00:00,17.973782,-67.06234,1.2578125,MJ4
2025-06-27 00:00:00+00:00,17.942287,-67.07675,9.3828125,SC
2025-06-27 00:00:00+00:00,17.943632,-67.00623,3.15625,C2_Center
2025-06-27 00:00:00+00:00,17.967564,-67.07653,4.21875,MJ1
2025-06-27 00:00:00+00:00,17.944336,-67.002266,6.140625,C1_East
2025-06-27 00:00:00+00:00,17.939789,-67.04021,1.2421875,ML1
2025-06-27 00:00:00+00:00,17.943748,-67.009384,2.15625,C3_West
2025-06-27 00:00:00+00:00,17.954287,-67.050186,15.5625,E1
2025-07-03 00:00:00+00:00,17.943077,-67.05644,0.0,L1
2025-07-03 00:00:00+00:00,17.972672,-67.06536,0.0,MJ3
2025-07-03 00:00:00+00:00,17.97034,-67.04777,0.0,G1
2025-07-03 00:00:00+00:00,17.942287,-67.07675,70.203125,SC
2025-07-03 00:00:00+00:00,17.967564,-67.07653,0.0,MJ1
2025-07-03 00:00:00+00:00,17.973782,-67.06234,0.0,MJ4
2025-07-03 00:00:00+00:00,17.943632,-67.00623,0.0,C2_Center
2025-07-03 00:00:00+00:00,17.943748,-67.009384,0.0,C3_West
2025-07-03 00:00:00+00:00,17.954287,-67.050186,0.0,E1
2025-07-03 00:00:00+00:00,17.939789,-67.04021,51.65625,ML1
2025-07-03 00:00:00+00:00,17.968758,-67.076935,0.0,MJ2
2025-07-03 00:00:00+00:00,17.944336,-67.002266,0.0,C1_East
2025-07-11 00:00:00+00:00,17.973782,-67.06234,0.0,MJ4
2025-07-11 00:00:00+00:00,17.968758,-67.076935,3.796875,MJ2
2025-07-11 00:00:00+00:00,17.972672,-67.06536,0.0,MJ3
2025-07-11 00:00:00+00:00,17.944336,-67.002266,14.921875,C1_East
2025-07-11 00:00:00+00:00,17.943632,-67.00623,2.71875,C2_Center
2025-07-11 00:00:00+00:00,17.943077,-67.05644,62.117188,L1
2025-07-11 00:00:00+00:00,17.967564,-67.07653,0.65625,MJ1
2025-07-11 00:00:00+00:00,17.97034,-67.04777,0.078125,G1
2025-07-11 00:00:00+00:00,17.942287,-67.07675,12.78125,SC
2025-07-11 00:00:00+00:00,17.943748,-67.009384,0.859375,C3_West
2025-07-11 00:00:00+00:00,17.939789,-67.04021,46.65625,ML1
2025-07-11 00:00:00+00:00,17.954287,-67.050186,1.78125,E1
2025-07-18 00:00:00+00:00,17.972672,-67.06536,1.296875,MJ3
2025-07-18 00:00:00+00:00,17.968758,-67.076935,1.0,MJ2
2025-07-18 00:00:00+00:00,17.967564,-67.07653,2.3203125,MJ1
2025-07-18 00:00:00+00:00,17.944336,-67.002266,67.67969,C1_East
2025-07-18 00:00:00+00:00,17.973782,-67.06234,0.5234375,MJ4
2025-07-18 00:00:00+00:00,17.943077,-67.05644,61.976562,L1
2025-07-18 00:00:00+00:00,17.97034,-67.04777,0.921875,G1
2025-07-18 00:00:00+00:00,17.943632,-67.00623,17.0625,C2_Center
2025-07-18 00:00:00+00:00,17.943748,-67.009384,0.0,C3_West
2025-07-18 00:00:00+00:00,17.939789,-67.04021,23.742188,ML1
2025-07-18 00:00:00+00:00,17.954287,-67.050186,23.757812,E1
2025-07-18 00:00:00+00:00,17.942287,-67.07675,44.921875,SC
2025-07-24 00:00:00+00:00,17.943077,-67.05644,1.5,L1
2025-07-24 00:00:00+00:00,17.968758,-67.076935,0.0,MJ2
2025-07-24 00:00:00+00:00,17.944336,-67.002266,3.703125,C1_East
2025-07-24 00:00:00+00:00,17.972672,-67.06536,0.0,MJ3
2025-07-24 00:00:00+00:00,17.97034,-67.04777,0.0,G1
2025-07-24 00:00:00+00:00,17.973782,-67.06234,0.0,MJ4
2025-07-24 00:00:00+00:00,17.943632,-67.00623,4.21875,C2_Center
2025-07-24 00:00:00+00:00,17.967564,-67.07653,0.0,MJ1
2025-07-24 00:00:00+00:00,17.943748,-67.009384,1.703125,C3_West
2025-07-24 00:00:00+00:00,17.954287,-67.050186,0.9765625,E1
2025-07-24 00:00:00+00:00,17.939789,-67.04021,1.65625,ML1
2025-07-24 00:00:00+00:00,17.942287,-67.07675,2.7578125,SC
2025-08-01 00:00:00+00:00,17.972672,-67.06536,0.0,MJ3
2025-08-01 00:00:00+00:00,17.973782,-67.06234,1.65625,MJ4
2025-08-01 00:00:00+00:00,17.967564,-67.07653,0.2578125,MJ1
2025-08-01 00:00:00+00:00,17.968758,-67.076935,0.1015625,MJ2
2025-08-01 00:00:00+00:00,17.944336,-67.002266,35.28125,C1_East
2025-08-01 00:00:00+00:00,17.943077,-67.05644,13.5234375,L1
2025-08-01 00:00:00+00:00,17.939789,-67.04021,46.078125,ML1
2025-08-01 00:00:00+00:00,17.942287,-67.07675,27.898438,SC
2025-08-01 00:00:00+00:00,17.943632,-67.00623,1.1015625,C2_Center
2025-08-01 00:00:00+00:00,17.954287,-67.050186,0.0,E1
2025-08-01 00:00:00+00:00,17.943748,-67.009384,0.9765625,C3_West
2025-08-01 00:00:00+00:00,17.97034,-67.04777,0.0,G1
2025-08-08 00:00:00+00:00,17.954287,-67.050186,3.796875,E1
2025-08-08 00:00:00+00:00,17.967564,-67.07653,2.921875,MJ1
2025-08-08 00:00:00+00:00,17.968758,-67.076935,2.1171875,MJ2
2025-08-08 00:00:00+00:00,17.943077,-67.05644,10.5,L1
2025-08-08 00:00:00+00:00,17.972672,-67.06536,3.0,MJ3
2025-08-08 00:00:00+00:00,17.973782,-67.06234,0.0,MJ4
2025-08-08 00:00:00+00:00,17.943632,-67.00623,1.0,C2_Center
2025-08-08 00:00:00+00:00,17.97034,-67.04777,0.15625,G1
2025-08-08 00:00:00+00:00,17.942287,-67.07675,17.15625,SC
2025-08-08 00:00:00+00:00,17.943748,-67.009384,1.0625,C3_West
2025-08-08 00:00:00+00:00,17.944336,-67.002266,54.757812,C1_East
2025-08-08 00:00:00+00:00,17.939789,-67.04021,0.8984375,ML1
2025-08-15 00:00:00+00:00,17.943632,-67.00623,0.3984375,C2_Center
2025-08-15 00:00:00+00:00,17.973782,-67.06234,0.0,MJ4
2025-08-15 00:00:00+00:00,17.944336,-67.002266,49.742188,C1_East
2025-08-15 00:00:00+00:00,17.968758,-67.076935,2.140625,MJ2
2025-08-15 00:00:00+00:00,17.972672,-67.06536,0.0,MJ3
2025-08-15 00:00:00+00:00,17.967564,-67.07653,0.921875,MJ1
2025-08-15 00:00:00+00:00,17.97034,-67.04777,0.0,G1
2025-08-15 00:00:00+00:00,17.943077,-67.05644,14.34375,L1
2025-08-15 00:00:00+00:00,17.954287,-67.050186,11.796875,E1
2025-08-25 00:00:00+00:00,17.973782,-67.06234,0.15625,MJ4
2025-08-25 00:00:00+00:00,17.967564,-67.07653,3.5625,MJ1
2025-08-25 00:00:00+00:00,17.972672,-67.06536,0.0,MJ3
2025-08-25 00:00:00+00:00,17.97034,-67.04777,0.0,G1
2025-08-25 00:00:00+00:00,17.968758,-67.076935,5.3203125,MJ2
2025-08-25 00:00:00+00:00,17.944336,-67.002266,58.179688,C1_East
2025-08-25 00:00:00+00:00,17.943632,-67.00623,13.3984375,C2_Center
2025-08-25 00:00:00+00:00,17.954287,-67.050186,14.71875,E1
2025-09-02 00:00:00+00:00,17.972672,-67.06536,0.0,MJ3
2025-09-02 00:00:00+00:00,17.967564,-67.07653,0.0,MJ1
2025-09-02 00:00:00+00:00,17.97034,-67.04777,0.0,G1
2025-09-02 00:00:00+00:00,17.943077,-67.05644,78.02344,L1
2025-09-02 00:00:00+00:00,17.944336,-67.002266,114.5625,C1_East
2025-09-02 00:00:00+00:00,17.943632,-67.00623,7.15625,C2_Center
2025-09-02 00:00:00+00:00,17.973782,-67.06234,1.9609375,MJ4
2025-09-02 00:00:00+00:00,17.968758,-67.076935,5.0,MJ2
2025-09-02 00:00:00+00:00,17.943748,-67.009384,0.0,C3_West
2025-09-02 00:00:00+00:00,17.954287,-67.050186,15.71875,E1
2025-09-02 00:00:00+00:00,17.939789,-67.04021,9.1796875,ML1
2025-09-08 00:00:00+00:00,17.943748,-67.009384,2.15625,C3_West
2025-09-08 00:00:00+00:00,17.954287,-67.050186,4.3203125,E1
2025-09-08 00:00:00+00:00,17.943632,-67.00623,2.1015625,C2_Center
2025-09-08 00:00:00+00:00,17.972672,-67.06536,0.0,MJ3
2025-09-08 00:00:00+00:00,17.967564,-67.07653,6.640625,MJ1
2025-09-08 00:00:00+00:00,17.973782,-67.06234,1.78125,MJ4
2025-09-08 00:00:00+00:00,17.97034,-67.04777,0.0,G1
2025-09-08 00:00:00+00:00,17.943077,-67.05644,19.882812,L1
2025-09-08 00:00:00+00:00,17.944336,-67.002266,59.898438,C1_East
2025-09-15 00:00:00+00:00,17.972672,-67.06536,1.296875,MJ3
2025-09-15 00:00:00+00:00,17.943632,-67.00623,2.2578125,C2_Center
2025-09-15 00:00:00+00:00,17.97034,-67.04777,1.2421875,G1
2025-09-15 00:00:00+00:00,17.973782,-67.06234,0.0,MJ4
2025-09-15 00:00:00+00:00,17.954287,-67.050186,4.078125,E1
2025-09-15 00:00:00+00:00,17.967564,-67.07653,3.6796875,MJ1
2025-09-15 00:00:00+00:00,17.944336,-67.002266,16.757812,C1_East
2025-09-15 00:00:00+00:00,17.968758,-67.076935,14.8984375,MJ2
2025-09-15 00:00:00+00:00,17.943077,-67.05644,4.8828125,L1
2025-09-22 00:00:00+00:00,17.97034,-67.04777,0.0,G1
2025-09-22 00:00:00+00:00,17.954287,-67.050186,8.9375,E1
2025-09-22 00:00:00+00:00,17.967564,-67.07653,3.6015625,MJ1
2025-09-22 00:00:00+00:00,17.972672,-67.06536,0.0,MJ3
2025-09-22 00:00:00+00:00,17.973782,-67.06234,2.28125,MJ4
2025-09-22 00:00:00+00:00,17.968758,-67.076935,4.3203125,MJ2
2025-09-22 00:00:00+00:00,17.943632,-67.00623,1.3828125,C2_Center
2025-09-22 00:00:00+00:00,17.944336,-67.002266,40.34375,C1_East
2025-09-22 00:00:00+00:00,17.943077,-67.05644,5.5234375,L1
2025-09-29 00:00:00+00:00,17.972672,-67.06536,1.8203125,MJ3
2025-09-29 00:00:00+00:00,17.97034,-67.04777,13.9375,G1
2025-09-29 00:00:00+00:00,17.943632,-67.00623,12.6015625,C2_Center
2025-09-29 00:00:00+00:00,17.967564,-67.07653,5.359375,MJ1
2025-09-29 00:00:00+00:00,17.944336,-67.002266,33.296875,C1_East
2025-09-29 00:00:00+00:00,17.968758,-67.076935,5.28125,MJ2
2025-09-29 00:00:00+00:00,17.973782,-67.06234,3.9375,MJ4
2025-09-29 00:00:00+00:00,17.943077,-67.05644,2.4609375,L1
2025-09-29 00:00:00+00:00,17.954287,-67.050186,6.859375,E1
2025-10-08 00:00:00+00:00,17.972672,-67.06536,0.0,MJ3
2025-10-08 00:00:00+00:00,17.954287,-67.050186,1.28125,E1
2025-10-08 00:00:00+00:00,17.943748,-67.009384,0.921875,C3_West
2025-10-08 00:00:00+00:00,17.967564,-67.07653,1.5234375,MJ1
2025-10-08 00:00:00+00:00,17.968758,-67.076935,1.0,MJ2
2025-10-08 00:00:00+00:00,17.943077,-67.05644,1.140625,L1
2025-10-08 00:00:00+00:00,17.973782,-67.06234,0.0,MJ4
2025-10-08 00:00:00+00:00,17.97034,-67.04777,0.0,G1
2025-10-08 00:00:00+00:00,17.943632,-67.00623,1.1171875,C2_Center
2025-10-08 00:00:00+00:00,17.944336,-67.002266,5.3828125,C1_East
2025-10-15 00:00:00+00:00,17.954287,-67.050186,0.8828125,E1
2025-10-15 00:00:00+00:00,17.967564,-67.07653,1.703125,MJ1
2025-10-15 00:00:00+00:00,17.968758,-67.076935,0.0,MJ2
2025-10-15 00:00:00+00:00,17.944336,-67.002266,3.921875,C1_East
2025-10-15 00:00:00+00:00,17.943077,-67.05644,1.3828125,L1
2025-10-15 00:00:00+00:00,17.972672,-67.06536,0.0,MJ3
2025-10-15 00:00:00+00:00,17.97034,-67.04777,0.0,G1
2025-10-15 00:00:00+00:00,17.943632,-67.00623,1.3203125,C2_Center
2025-10-15 00:00:00+00:00,17.973782,-67.06234,0.0,MJ4
2025-10-20 00:00:00+00:00,17.943748,-67.009384,0.859375,C3_West
2025-10-20 00:00:00+00:00,17.954287,-67.050186,0.8828125,E1
2025-10-20 00:00:00+00:00,17.968758,-67.076935,0.0,MJ2
2025-10-20 00:00:00+00:00,17.943077,-67.05644,1.6015625,L1
2025-10-20 00:00:00+00:00,17.943632,-67.00623,0.8203125,C2_Center
2025-10-20 00:00:00+00:00,17.97034,-67.04777,0.0,G1
2025-10-20 00:00:00+00:00,17.973782,-67.06234,0.0,MJ4
2025-10-20 00:00:00+00:00,17.944336,-67.002266,0.0,C1_East
2025-10-20 00:00:00+00:00,17.967564,-67.07653,0.0,MJ1
2025-10-20 00:00:00+00:00,17.972672,-67.06536,0.0,MJ3
2025-10-27 00:00:00+00:00,17.943632,-67.00623,1.0,C2_Center
2025-10-27 00:00:00+00:00,17.939789,-67.04021,0.0,ML1
2025-10-27 00:00:00+00:00,17.943748,-67.009384,0.7890625,C3_West
2025-10-27 00:00:00+00:00,17.954287,-67.050186,0.0,E1
2025-10-27 00:00:00+00:00,17.944336,-67.002266,0.8984375,C1_East
2025-10-27 00:00:00+00:00,17.97034,-67.04777,0.0,G1
2025-10-27 00:00:00+00:00,17.968758,-67.076935,0.0,MJ2
2025-10-27 00:00:00+00:00,17.943077,-67.05644,0.65625,L1
2025-10-27 00:00:00+00:00,17.972672,-67.06536,0.0,MJ3
2025-10-27 00:00:00+00:00,17.967564,-67.07653,0.0,MJ1
2025-10-27 00:00:00+00:00,17.973782,-67.06234,0.0,MJ4
2025-11-03 00:00:00+00:00,17.942287,-67.07675,0.0,SC
2025-11-03 00:00:00+00:00,17.944336,-67.002266,5.171875,C1_East
2025-11-03 00:00:00+00:00,17.97034,-67.04777,0.0,G1
2025-11-03 00:00:00+00:00,17.943077,-67.05644,1.640625,L1
2025-11-03 00:00:00+00:00,17.968758,-67.076935,0.0,MJ2
2025-11-03 00:00:00+00:00,17.954287,-67.050186,1.0625,E1
2025-11-03 00:00:00+00:00,17.939789,-67.04021,0.9609375,ML1
2025-11-03 00:00:00+00:00,17.943748,-67.009384,1.03125,C3_West
2025-11-03 00:00:00+00:00,17.972672,-67.06536,0.0,MJ3
2025-11-03 00:00:00+00:00,17.943632,-67.00623,1.4921875,C2_Center
2025-11-03 00:00:00+00:00,17.967564,-67.07653,0.96875,MJ1
2025-11-03 00:00:00+00:00,17.973782,-67.06234,0.0,MJ4
2025-11-10 00:00:00+00:00,17.943748,-67.009384,0.0,C3_West
2025-11-10 00:00:00+00:00,17.939789,-67.04021,0.7734375,ML1
2025-11-10 00:00:00+00:00,17.954287,-67.050186,0.0,E1
2025-11-10 00:00:00+00:00,17.968758,-67.076935,0.0,MJ2
2025-11-10 00:00:00+00:00,17.972672,-67.06536,0.0,MJ3
2025-11-10 00:00:00+00:00,17.943632,-67.00623,0.7734375,C2_Center
2025-11-10 00:00:00+00:00,17.943077,-67.05644,0.78125,L1
2025-11-10 00:00:00+00:00,17.973782,-67.06234,0.0,MJ4
2025-11-10 00:00:00+00:00,17.944336,-67.002266,1.3828125,C1_East
2025-11-10 00:00:00+00:00,17.967564,-67.07653,0.0,MJ1
2025-11-10 00:00:00+00:00,17.97034,-67.04777,0.0,G1
2025-11-10 00:00:00+00:00,17.942287,-67.07675,0.0,SC
2025-11-17 00:00:00+00:00,17.972672,-67.06536,0.0,MJ3
2025-11-17 00:00:00+00:00,17.944336,-67.002266,3.859375,C1_East
2025-11-17 00:00:00+00:00,17.973782,-67.06234,0.0,MJ4
2025-11-17 00:00:00+00:00,17.968758,-67.076935,0.0,MJ2
2025-11-17 00:00:00+00:00,17.943632,-67.00623,0.9609375,C2_Center
2025-11-17 00:00:00+00:00,17.942287,-67.07675,0.6796875,SC
2025-11-17 00:00:00+00:00,17.967564,-67.07653,0.0,MJ1
2025-11-17 00:00:00+00:00,17.943077,-67.05644,0.8984375,L1
2025-11-17 00:00:00+00:00,17.954287,-67.050186,0.703125,E1
2025-11-17 00:00:00+00:00,17.939789,-67.04021,0.0,ML1
2025-11-17 00:00:00+00:00,17.97034,-67.04777,0.0,G1
2025-11-24 00:00:00+00:00,17.968758,-67.076935,0.0,MJ2
2025-11-24 00:00:00+00:00,17.944336,-67.002266,3.15625,C1_East
2025-11-24 00:00:00+00:00,17.942287,-67.07675,0.0,SC
2025-11-24 00:00:00+00:00,17.943077,-67.05644,0.0,L1
2025-11-24 00:00:00+00:00,17.943632,-67.00623,0.7421875,C2_Center
2025-11-24 00:00:00+00:00,17.972672,-67.06536,0.0,MJ3
2025-11-24 00:00:00+00:00,17.97034,-67.04777,0.0,G1
2025-11-24 00:00:00+00:00,17.967564,-67.07653,0.0,MJ1
2025-11-24 00:00:00+00:00,17.939789,-67.04021,0.0,ML1
2025-11-24 00:00:00+00:00,17.954287,-67.050186,0.0,E1
2025-11-24 00:00:00+00:00,17.973782,-67.06234,0.0,MJ4
2025-12-01 00:00:00+00:00,17.954287,-67.050186,0.84375,E1
2025-12-01 00:00:00+00:00,17.939789,-67.04021,0.0,ML1
2025-12-01 00:00:00+00:00,17.943632,-67.00623,1.359375,C2_Center
2025-12-01 00:00:00+00:00,17.943077,-67.05644,0.953125,L1
2025-12-01 00:00:00+00:00,17.944336,-67.002266,1.71875,C1_East
2025-12-01 00:00:00+00:00,17.97034,-67.04777,0.0,G1
2025-12-01 00:00:00+00:00,17.973782,-67.06234,0.0,MJ4
2025-12-01 00:00:00+00:00,17.972672,-67.06536,0.0,MJ3
2025-12-01 00:00:00+00:00,17.942287,-67.07675,0.0,SC
2025-12-01 00:00:00+00:00,17.968758,-67.076935,0.0,MJ2
2025-12-01 00:00:00+00:00,17.967564,-67.07653,0.0,MJ1
2025-12-08 00:00:00+00:00,17.968758,-67.076935,0.0,MJ2
2025-12-08 00:00:00+00:00,17.939789,-67.04021,0.0,ML1
2025-12-08 00:00:00+00:00,17.97034,-67.04777,0.0,G1
2025-12-08 00:00:00+00:00,17.967564,-67.07653,0.0,MJ1
2025-12-08 00:00:00+00:00,17.972672,-67.06536,0.0,MJ3
2025-12-08 00:00:00+00:00,17.942287,-67.07675,0.0,SC
2025-12-08 00:00:00+00:00,17.943632,-67.00623,0.0,C2_Center
2025-12-08 00:00:00+00:00,17.954287,-67.050186,0.6796875,E1
2025-12-08 00:00:00+00:00,17.944336,-67.002266,0.75,C1_East
2025-12-08 00:00:00+00:00,17.943077,-67.05644,0.0,L1
2025-12-08 00:00:00+00:00,17.973782,-67.06234,0.0,MJ4
2025-12-12 00:00:00+00:00,17.939789,-67.04021,0.0,ML1
2025-12-12 00:00:00+00:00,17.973782,-67.06234,0.0,MJ4
2025-12-12 00:00:00+00:00,17.968758,-67.076935,0.0,MJ2
2025-12-12 00:00:00+00:00,17.942287,-67.07675,0.0,SC
2025-12-12 00:00:00+00:00,17.97034,-67.04777,0.0,G1
2025-12-12 00:00:00+00:00,17.944336,-67.002266,0.0,C1_East
2025-12-12 00:00:00+00:00,17.943632,-67.00623,0.0,C2_Center
2025-12-12 00:00:00+00:00,17.954287,-67.050186,0.0,E1
2025-12-12 00:00:00+00:00,17.972672,-67.06536,0.0,MJ3
2025-12-12 00:00:00+00:00,17.943077,-67.05644,0.0,L1
2025-12-12 00:00:00+00:00,17.967564,-67.07653,0.0,MJ1
2025-12-12 00:00:00+00:00,17.943748,-67.009384,0.0,C3_West
2025-12-15 00:00:00+00:00,17.954287,-67.050186,0.0,E1
2025-12-15 00:00:00+00:00,17.939789,-67.04021,0.0,ML1
2025-12-15 00:00:00+00:00,17.943748,-67.009384,0.0,C3_West
2025-12-15 00:00:00+00:00,17.944336,-67.002266,0.0,C1_East
2025-12-15 00:00:00+00:00,17.972672,-67.06536,0.0,MJ3
2025-12-15 00:00:00+00:00,17.968758,-67.076935,0.0,MJ2
2025-12-15 00:00:00+00:00,17.97034,-67.04777,0.0,G1
2025-12-15 00:00:00+00:00,17.943632,-67.00623,0.0,C2_Center
2025-12-15 00:00:00+00:00,17.942287,-67.07675,0.0,SC
2025-12-15 00:00:00+00:00,17.973782,-67.06234,0.0,MJ4
2025-12-15 00:00:00+00:00,17.943077,-67.05644,0.0,L1
2025-12-15 00:00:00+00:00,17.967564,-67.07653,0.0,MJ1
2025-12-22 00:00:00+00:00,17.972672,-67.06536,0.0,MJ3
2025-12-22 00:00:00+00:00,17.943632,-67.00623,0.0,C2_Center
2025-12-22 00:00:00+00:00,17.973782,-67.06234,0.0,MJ4
2025-12-22 00:00:00+00:00,17.967564,-67.07653,0.0,MJ1
2025-12-22 00:00:00+00:00,17.939789,-67.04021,0.0,ML1
2025-12-22 00:00:00+00:00,17.943748,-67.009384,0.0,C3_West
2025-12-22 00:00:00+00:00,17.954287,-67.050186,0.0,E1
2025-12-22 00:00:00+00:00,17.944336,-67.002266,0.0,C1_East
2025-12-22 00:00:00+00:00,17.942287,-67.07675,0.0,SC
2025-12-22 00:00:00+00:00,17.97034,-67.04777,0.0,G1
2025-12-22 00:00:00+00:00,17.968758,-67.076935,0.0,MJ2
2025-12-22 00:00:00+00:00,17.943077,-67.05644,0.0,L1
2025-12-30 00:00:00+00:00,17.968758,-67.076935,0.0,MJ2
2025-12-30 00:00:00+00:00,17.942287,-67.07675,0.0,SC
2025-12-30 00:00:00+00:00,17.944336,-67.002266,0.0,C1_East
2025-12-30 00:00:00+00:00,17.943077,-67.05644,0.0,L1
2025-12-30 00:00:00+00:00,17.973782,-67.06234,0.0,MJ4
2025-12-30 00:00:00+00:00,17.943748,-67.009384,0.0,C3_West
2025-12-30 00:00:00+00:00,17.954287,-67.050186,0.0,E1
2025-12-30 00:00:00+00:00,17.972672,-67.06536,0.0,MJ3
2025-12-30 00:00:00+00:00,17.943632,-67.00623,0.0,C2_Center
2025-12-30 00:00:00+00:00,17.939789,-67.04021,0.0,ML1
2025-12-30 00:00:00+00:00,17.97034,-67.04777,0.0,G1
2025-12-30 00:00:00+00:00,17.967564,-67.07653,0.0,MJ1
2026-01-09 00:00:00+00:00,17.97034,-67.04777,0.0,G1
2026-01-09 00:00:00+00:00,17.943077,-67.05644,0.0,L1
2026-01-09 00:00:00+00:00,17.967564,-67.07653,0.0,MJ1
2026-01-09 00:00:00+00:00,17.954287,-67.050186,0.0,E1
2026-01-09 00:00:00+00:00,17.944336,-67.002266,0.0,C1_East
2026-01-09 00:00:00+00:00,17.942287,-67.07675,0.0,SC
2026-01-09 00:00:00+00:00,17.972672,-67.06536,0.0,MJ3
2026-01-09 00:00:00+00:00,17.968758,-67.076935,0.0,MJ2
2026-01-09 00:00:00+00:00,17.973782,-67.06234,0.0,MJ4
2026-01-09 00:00:00+00:00,17.943748,-67.009384,0.0,C3_West
2026-01-09 00:00:00+00:00,17.939789,-67.04021,0.0,ML1
2026-01-09 00:00:00+00:00,17.943632,-67.00623,0.0,C2_Center
2026-01-16 00:00:00+00:00,17.954287,-67.050186,0.0,E1
2026-01-16 00:00:00+00:00,17.939789,-67.04021,0.0,ML1
2026-01-16 00:00:00+00:00,17.968758,-67.076935,0.0,MJ2
2026-01-16 00:00:00+00:00,17.942287,-67.07675,0.0,SC
2026-01-16 00:00:00+00:00,17.943077,-67.05644,0.0,L1
2026-01-16 00:00:00+00:00,17.967564,-67.07653,0.0,MJ1
2026-01-16 00:00:00+00:00,17.943632,-67.00623,0.0,C2_Center
2026-01-16 00:00:00+00:00,17.973782,-67.06234,0.0,MJ4
2026-01-16 00:00:00+00:00,17.944336,-67.002266,0.7578125,C1_East
2026-01-16 00:00:00+00:00,17.972672,-67.06536,0.0,MJ3
2026-01-16 00:00:00+00:00,17.97034,-67.04777,0.0,G1
2026-01-16 00:00:00+00:00,17.943748,-67.009384,0.0,C3_West
2026-01-23 00:00:00+00:00,17.954287,-67.050186,0.0,E1
2026-01-23 00:00:00+00:00,17.939789,-67.04021,0.0,ML1
2026-01-23 00:00:00+00:00,17.943748,-67.009384,0.0,C3_West
2026-01-23 00:00:00+00:00,17.973782,-67.06234,0.0,MJ4
2026-01-23 00:00:00+00:00,17.943077,-67.05644,0.0,L1
2026-01-23 00:00:00+00:00,17.944336,-67.002266,0.0,C1_East
2026-01-23 00:00:00+00:00,17.943632,-67.00623,0.0,C2_Center
2026-01-23 00:00:00+00:00,17.972672,-67.06536,0.0,MJ3
2026-01-23 00:00:00+00:00,17.968758,-67.076935,0.0,MJ2
2026-01-23 00:00:00+00:00,17.967564,-67.07653,0.0,MJ1
2026-01-23 00:00:00+00:00,17.942287,-67.07675,0.0,SC
2026-01-23 00:00:00+00:00,17.97034,-67.04777,0.0,G1
2026-01-30 00:00:00+00:00,17.973782,-67.06234,0.0,MJ4
2026-01-30 00:00:00+00:00,17.943632,-67.00623,0.0,C2_Center
2026-01-30 00:00:00+00:00,17.972672,-67.06536,0.0,MJ3
2026-01-30 00:00:00+00:00,17.942287,-67.07675,0.0,SC
2026-01-30 00:00:00+00:00,17.97034,-67.04777,0.0,G1
2026-01-30 00:00:00+00:00,17.967564,-67.07653,0.0,MJ1
2026-01-30 00:00:00+00:00,17.944336,-67.002266,0.0,C1_East
2026-01-30 00:00:00+00:00,17.943077,-67.05644,0.0,L1
2026-01-30 00:00:00+00:00,17.939789,-67.04021,0.0,ML1
2026-01-30 00:00:00+00:00,17.968758,-67.076935,0.0,MJ2
2026-01-30 00:00:00+00:00,17.954287,-67.050186,0.0,E1
2026-01-30 00:00:00+00:00,17.943748,-67.009384,0.0,C3_West
2026-02-05 00:00:00+00:00,17.97034,-67.04777,0.0,G1
2026-02-05 00:00:00+00:00,17.943077,-67.05644,0.0,L1
2026-02-05 00:00:00+00:00,17.967564,-67.07653,0.0,MJ1
2026-02-05 00:00:00+00:00,17.973782,-67.06234,0.0,MJ4
2026-02-05 00:00:00+00:00,17.972672,-67.06536,0.0,MJ3
2026-02-05 00:00:00+00:00,17.944336,-67.002266,0.0,C1_East
2026-02-05 00:00:00+00:00,17.942287,-67.07675,0.0,SC
2026-02-05 00:00:00+00:00,17.954287,-67.050186,0.0,E1
2026-02-05 00:00:00+00:00,17.943748,-67.009384,0.0,C3_West
2026-02-05 00:00:00+00:00,17.939789,-67.04021,0.0,ML1
2026-02-05 00:00:00+00:00,17.943632,-67.00623,0.0,C2_Center
2026-02-05 00:00:00+00:00,17.968758,-67.076935,0.0,MJ2
2026-02-11 00:00:00+00:00,17.944336,-67.002266,0.0,C1_East
2026-02-11 00:00:00+00:00,17.972672,-67.06536,0.0,MJ3
2026-02-11 00:00:00+00:00,17.968758,-67.076935,0.0,MJ2
2026-02-11 00:00:00+00:00,17.973782,-67.06234,0.0,MJ4
2026-02-11 00:00:00+00:00,17.97034,-67.04777,0.0,G1
2026-02-11 00:00:00+00:00,17.943632,-67.00623,0.0,C2_Center
2026-02-11 00:00:00+00:00,17.942287,-67.07675,0.0,SC
2026-02-11 00:00:00+00:00,17.967564,-67.07653,0.0,MJ1
2026-02-11 00:00:00+00:00,17.943748,-67.009384,0.0,C3_West
2026-02-11 00:00:00+00:00,17.954287,-67.050186,0.0,E1
2026-02-11 00:00:00+00:00,17.943077,-67.05644,0.0,L1
2026-02-11 00:00:00+00:00,17.939789,-67.04021,0.0,ML1
2026-02-18 00:00:00+00:00,17.939789,-67.04021,0.0,ML1
2026-02-18 00:00:00+00:00,17.954287,-67.050186,0.0,E1
2026-02-18 00:00:00+00:00,17.943748,-67.009384,0.0,C3_West
2026-02-18 00:00:00+00:00,17.968758,-67.076935,0.0,MJ2
2026-02-18 00:00:00+00:00,17.943632,-67.00623,0.0,C2_Center
2026-02-18 00:00:00+00:00,17.972672,-67.06536,0.0,MJ3
2026-02-18 00:00:00+00:00,17.967564,-67.07653,0.0,MJ1
2026-02-18 00:00:00+00:00,17.944336,-67.002266,0.0,C1_East
2026-02-18 00:00:00+00:00,17.973782,-67.06234,0.0,MJ4
2026-02-18 00:00:00+00:00,17.97034,-67.04777,0.0,G1
2026-02-18 00:00:00+00:00,17.943077,-67.05644,0.0,L1
2026-02-18 00:00:00+00:00,17.942287,-67.07675,0.0,SC
2026-02-25 00:00:00+00:00,17.943632,-67.00623,0.0,C2_Center
2026-02-25 00:00:00+00:00,17.942287,-67.07675,0.0,SC
2026-02-25 00:00:00+00:00,17.943077,-67.05644,0.0,L1
2026-02-25 00:00:00+00:00,17.973782,-67.06234,0.0,MJ4
2026-02-25 00:00:00+00:00,17.944336,-67.002266,0.0,C1_East
2026-02-25 00:00:00+00:00,17.968758,-67.076935,0.0,MJ2
2026-02-25 00:00:00+00:00,17.97034,-67.04777,0.0,G1
2026-02-25 00:00:00+00:00,17.943748,-67.009384,0.0,C3_West
2026-02-25 00:00:00+00:00,17.954287,-67.050186,0.0,E1
2026-02-25 00:00:00+00:00,17.939789,-67.04021,0.0,ML1
2026-02-25 00:00:00+00:00,17.967564,-67.07653,0.0,MJ1
2026-02-25 00:00:00+00:00,17.972672,-67.06536,0.0,MJ3
2026-03-04 00:00:00+00:00,17.954287,-67.050186,0.0,E1
2026-03-04 00:00:00+00:00,17.943748,-67.009384,0.0,C3_West
2026-03-04 00:00:00+00:00,17.939789,-67.04021,0.0,ML1
2026-03-04 00:00:00+00:00,17.97034,-67.04777,0.0,G1
2026-03-04 00:00:00+00:00,17.973782,-67.06234,0.0,MJ4
2026-03-04 00:00:00+00:00,17.967564,-67.07653,0.0,MJ1
2026-03-04 00:00:00+00:00,17.943632,-67.00623,0.0,C2_Center
2026-03-04 00:00:00+00:00,17.944336,-67.002266,0.0,C1_East
2026-03-04 00:00:00+00:00,17.943077,-67.05644,0.453125,L1
2026-03-04 00:00:00+00:00,17.942287,-67.07675,0.0,SC
2026-03-04 00:00:00+00:00,17.968758,-67.076935,0.0,MJ2
2026-03-04 00:00:00+00:00,17.972672,-67.06536,0.0,MJ3
2026-03-11 00:00:00+00:00,17.939789,-67.04021,0.0,ML1
2026-03-11 00:00:00+00:00,17.943748,-67.009384,0.0,C3_West
2026-03-11 00:00:00+00:00,17.972672,-67.06536,0.0,MJ3
2026-03-11 00:00:00+00:00,17.967564,-67.07653,0.0,MJ1
2026-03-11 00:00:00+00:00,17.943077,-67.05644,0.0,L1
2026-03-11 00:00:00+00:00,17.973782,-67.06234,0.0,MJ4
2026-03-11 00:00:00+00:00,17.943632,-67.00623,0.0,C2_Center
2026-03-11 00:00:00+00:00,17.944336,-67.002266,0.0,C1_East
2026-03-11 00:00:00+00:00,17.97034,-67.04777,0.0,G1
2026-03-11 00:00:00+00:00,17.942287,-67.07675,0.0,SC
2026-03-11 00:00:00+00:00,17.954287,-67.050186,0.0,E1
2026-03-11 00:00:00+00:00,17.968758,-67.076935,0.0,MJ2
2026-03-18 00:00:00+00:00,17.943077,-67.05644,0.3515625,L1
2026-03-18 00:00:00+00:00,17.97034,-67.04777,0.0,G1
2026-03-18 00:00:00+00:00,17.943632,-67.00623,0.328125,C2_Center
2026-03-18 00:00:00+00:00,17.944336,-67.002266,0.3828125,C1_East
2026-03-18 00:00:00+00:00,17.954287,-67.050186,0.0,E1
2026-03-18 00:00:00+00:00,17.939789,-67.04021,0.0,ML1
2026-03-18 00:00:00+00:00,17.943748,-67.009384,0.3984375,C3_West
2026-03-18 00:00:00+00:00,17.942287,-67.07675,0.390625,SC
2026-03-18 00:00:00+00:00,17.968758,-67.076935,0.0,MJ2
2026-03-18 00:00:00+00:00,17.973782,-67.06234,0.0,MJ4
2026-03-18 00:00:00+00:00,17.972672,-67.06536,0.0,MJ3
2026-03-18 00:00:00+00:00,17.967564,-67.07653,0.0,MJ1
2026-03-25 00:00:00+00:00,17.943748,-67.009384,0.4765625,C3_West
2026-03-25 00:00:00+00:00,17.954287,-67.050186,0.0,E1
2026-03-25 00:00:00+00:00,17.942287,-67.07675,0.0,SC
2026-03-25 00:00:00+00:00,17.972672,-67.06536,0.0,MJ3
2026-03-25 00:00:00+00:00,17.967564,-67.07653,0.0,MJ1
2026-03-25 00:00:00+00:00,17.939789,-67.04021,0.0,ML1
2026-03-25 00:00:00+00:00,17.943077,-67.05644,0.421875,L1
2026-03-25 00:00:00+00:00,17.97034,-67.04777,0.5625,G1
2026-03-25 00:00:00+00:00,17.943632,-67.00623,0.4765625,C2_Center
2026-03-25 00:00:00+00:00,17.973782,-67.06234,0.4375,MJ4
2026-03-25 00:00:00+00:00,17.968758,-67.076935,0.0,MJ2
2026-03-25 00:00:00+00:00,17.944336,-67.002266,4.21875,C1_East
2026-03-31 00:00:00+00:00,17.954287,-67.050186,0.0,E1
2026-03-31 00:00:00+00:00,17.939789,-67.04021,0.0,ML1
2026-03-31 00:00:00+00:00,17.943748,-67.009384,0.0,C3_West
2026-03-31 00:00:00+00:00,17.942287,-67.07675,0.0,SC
2026-03-31 00:00:00+00:00,17.97034,-67.04777,0.0,G1
2026-03-31 00:00:00+00:00,17.972672,-67.06536,0.0,MJ3
2026-03-31 00:00:00+00:00,17.943632,-67.00623,0.0,C2_Center
2026-03-31 00:00:00+00:00,17.944336,-67.002266,0.0,C1_East
2026-03-31 00:00:00+00:00,17.967564,-67.07653,0.0,MJ1
2026-03-31 00:00:00+00:00,17.968758,-67.076935,0.0,MJ2
2026-03-31 00:00:00+00:00,17.973782,-67.06234,0.0,MJ4
2026-03-31 00:00:00+00:00,17.943077,-67.05644,0.0,L1
2026-04-08 00:00:00+00:00,17.954287,-67.050186,0.0,E1
2026-04-08 00:00:00+00:00,17.943748,-67.009384,0.0,C3_West
2026-04-08 00:00:00+00:00,17.939789,-67.04021,0.0,ML1
2026-04-08 00:00:00+00:00,17.968758,-67.076935,0.0,MJ2
2026-04-08 00:00:00+00:00,17.973782,-67.06234,0.0,MJ4
2026-04-08 00:00:00+00:00,17.944336,-67.002266,0.0,C1_East
2026-04-08 00:00:00+00:00,17.97034,-67.04777,0.0,G1
2026-04-08 00:00:00+00:00,17.942287,-67.07675,0.0,SC
2026-04-08 00:00:00+00:00,17.967564,-67.07653,0.0,MJ1
2026-04-08 00:00:00+00:00,17.943632,-67.00623,0.0,C2_Center
2026-04-08 00:00:00+00:00,17.943077,-67.05644,0.0,L1
2026-04-08 00:00:00+00:00,17.972672,-67.06536,0.0,MJ3
2026-04-15 00:00:00+00:00,17.954287,-67.050186,0.0,E1
2026-04-15 00:00:00+00:00,17.939789,-67.04021,0.0,ML1
2026-04-15 00:00:00+00:00,17.943748,-67.009384,0.0,C3_West
2026-04-15 00:00:00+00:00,17.973782,-67.06234,0.0,MJ4
2026-04-15 00:00:00+00:00,17.944336,-67.002266,0.0,C1_East
2026-04-15 00:00:00+00:00,17.943077,-67.05644,0.3515625,L1
2026-04-15 00:00:00+00:00,17.972672,-67.06536,0.0,MJ3
2026-04-15 00:00:00+00:00,17.967564,-67.07653,0.0,MJ1
2026-04-15 00:00:00+00:00,17.968758,-67.076935,0.0,MJ2
2026-04-15 00:00:00+00:00,17.97034,-67.04777,0.0,G1
2026-04-15 00:00:00+00:00,17.942287,-67.07675,0.0,SC
2026-04-15 00:00:00+00:00,17.943632,-67.00623,0.0,C2_Center
2026-04-22 00:00:00+00:00,17.954287,-67.050186,0.0,E1
2026-04-22 00:00:00+00:00,17.944336,-67.002266,0.640625,C1_East
2026-04-22 00:00:00+00:00,17.943077,-67.05644,0.0,L1
2026-04-22 00:00:00+00:00,17.973782,-67.06234,0.0,MJ4
2026-04-22 00:00:00+00:00,17.943632,-67.00623,0.0,C2_Center
2026-04-22 00:00:00+00:00,17.968758,-67.076935,0.0,MJ2
2026-04-22 00:00:00+00:00,17.97034,-67.04777,0.0,G1
2026-04-22 00:00:00+00:00,17.972672,-67.06536,0.0,MJ3
2026-04-22 00:00:00+00:00,17.939789,-67.04021,0.0,ML1
2026-04-22 00:00:00+00:00,17.942287,-67.07675,0.0,SC
2026-04-22 00:00:00+00:00,17.967564,-67.07653,0.0,MJ1
2026-04-22 00:00:00+00:00,17.943748,-67.009384,0.0,C3_West
2026-04-29 00:00:00+00:00,17.973782,-67.06234,1.3828125,MJ4
2026-04-29 00:00:00+00:00,17.97034,-67.04777,11.5078125,G1
2026-04-29 00:00:00+00:00,17.972672,-67.06536,10.140625,MJ3
2026-04-29 00:00:00+00:00,17.954287,-67.050186,4.0078125,E1
2026-04-29 00:00:00+00:00,17.944336,-67.002266,9.7890625,C1_East
2026-04-29 00:00:00+00:00,17.967564,-67.07653,5.4609375,MJ1
2026-04-29 00:00:00+00:00,17.943632,-67.00623,0.7109375,C2_Center
2026-04-29 00:00:00+00:00,17.943077,-67.05644,24.570312,L1
2026-04-29 00:00:00+00:00,17.943748,-67.009384,11.5390625,C3_West
2026-04-29 00:00:00+00:00,17.942287,-67.07675,25.0625,SC
2026-05-06 00:00:00+00:00,17.942287,-67.07675,17.132812,SC
2026-05-06 00:00:00+00:00,17.968758,-67.076935,0.5390625,MJ2
2026-05-06 00:00:00+00:00,17.97034,-67.04777,1.0390625,G1
2026-05-06 00:00:00+00:00,17.943632,-67.00623,4.671875,C2_Center
2026-05-06 00:00:00+00:00,17.967564,-67.07653,0.0,MJ1
2026-05-06 00:00:00+00:00,17.944336,-67.002266,22.710938,C1_East
2026-05-06 00:00:00+00:00,17.943077,-67.05644,30.109375,L1
2026-05-06 00:00:00+00:00,17.972672,-67.06536,0.0,MJ3
2026-05-06 00:00:00+00:00,17.973782,-67.06234,0.8984375,MJ4
2026-05-06 00:00:00+00:00,17.943748,-67.009384,2.96875,C3_West
2026-05-06 00:00:00+00:00,17.954287,-67.050186,1.78125,E1
2026-05-13 00:00:00+00:00,17.973782,-67.06234,0.0,MJ4
2026-05-13 00:00:00+00:00,17.972672,-67.06536,0.0,MJ3
2026-05-13 00:00:00+00:00,17.942287,-67.07675,33.390625,SC
2026-05-13 00:00:00+00:00,17.943632,-67.00623,0.8828125,C2_Center
2026-05-13 00:00:00+00:00,17.97034,-67.04777,0.0,G1
2026-05-13 00:00:00+00:00,17.968758,-67.076935,0.0,MJ2
2026-05-13 00:00:00+00:00,17.967564,-67.07653,0.0,MJ1
2026-05-13 00:00:00+00:00,17.943077,-67.05644,11.28125,L1
2026-05-13 00:00:00+00:00,17.944336,-67.002266,3.2109375,C1_East
2026-05-13 00:00:00+00:00,17.943748,-67.009384,0.0,C3_West
2026-05-13 00:00:00+00:00,17.954287,-67.050186,0.40625,E1
2026-05-20 00:00:00+00:00,17.943077,-67.05644,1.4765625,L1
2026-05-20 00:00:00+00:00,17.97034,-67.04777,0.0,G1
2026-05-20 00:00:00+00:00,17.944336,-67.002266,25.179688,C1_East
2026-05-20 00:00:00+00:00,17.967564,-67.07653,0.0,MJ1
2026-05-20 00:00:00+00:00,17.972672,-67.06536,0.0,MJ3
2026-05-20 00:00:00+00:00,17.942287,-67.07675,12.921875,SC
2026-05-20 00:00:00+00:00,17.943632,-67.00623,1.6171875,C2_Center
2026-05-20 00:00:00+00:00,17.968758,-67.076935,0.0,MJ2
2026-05-20 00:00:00+00:00,17.973782,-67.06234,0.0,MJ4
2026-05-20 00:00:00+00:00,17.954287,-67.050186,1.03125,E1
2026-05-20 00:00:00+00:00,17.943748,-67.009384,0.4375,C3_West
2026-05-27 00:00:00+00:00,17.968758,-67.076935,0.0,MJ2
2026-05-27 00:00:00+00:00,17.942287,-67.07675,10.171875,SC
2026-05-27 00:00:00+00:00,17.973782,-67.06234,0.0,MJ4
2026-05-27 00:00:00+00:00,17.97034,-67.04777,0.0,G1
2026-05-27 00:00:00+00:00,17.967564,-67.07653,0.0,MJ1
2026-05-27 00:00:00+00:00,17.972672,-67.06536,0.0,MJ3
2026-05-27 00:00:00+00:00,17.944336,-67.002266,23.773438,C1_East
2026-05-27 00:00:00+00:00,17.954287,-67.050186,3.8203125,E1
2026-05-27 00:00:00+00:00,17.943748,-67.009384,9.3515625,C3_West
2026-06-02 00:00:00+00:00,17.944336,-67.002266,30.601562,C1_East
2026-06-02 00:00:00+00:00,17.943748,-67.009384,19.710938,C3_West
2026-06-02 00:00:00+00:00,17.954287,-67.050186,12.0703125,E1
2026-06-02 00:00:00+00:00,17.942287,-67.07675,31.28125,SC
2026-06-02 00:00:00+00:00,17.97034,-67.04777,0.0,G1
2026-06-02 00:00:00+00:00,17.972672,-67.06536,0.0,MJ3
2026-06-02 00:00:00+00:00,17.973782,-67.06234,0.0,MJ4
2026-06-02 00:00:00+00:00,17.968758,-67.076935,0.0,MJ2
2026-06-02 00:00:00+00:00,17.967564,-67.07653,0.84375,MJ1
2026-06-10 00:00:00+00:00,17.967564,-67.07653,1.140625,MJ1
2026-06-10 00:00:00+00:00,17.942287,-67.07675,21.726562,SC
2026-06-10 00:00:00+00:00,17.954287,-67.050186,5.90625,E1
2026-06-10 00:00:00+00:00,17.943748,-67.009384,5.6875,C3_West
2026-06-10 00:00:00+00:00,17.973782,-67.06234,1.296875,MJ4
2026-06-10 00:00:00+00:00,17.944336,-67.002266,35.101562,C1_East
2026-06-10 00:00:00+00:00,17.97034,-67.04777,0.0,G1
2026-06-10 00:00:00+00:00,17.972672,-67.06536,0.5390625,MJ3
2026-06-17 00:00:00+00:00,17.942287,-67.07675,3.2734375,SC
2026-06-17 00:00:00+00:00,17.943748,-67.009384,0.421875,C3_West
2026-06-17 00:00:00+00:00,17.968758,-67.076935,1.703125,MJ2
2026-06-17 00:00:00+00:00,17.972672,-67.06536,0.0,MJ3
2026-06-17 00:00:00+00:00,17.954287,-67.050186,3.640625,E1
2026-06-17 00:00:00+00:00,17.973782,-67.06234,0.5390625,MJ4
2026-06-17 00:00:00+00:00,17.97034,-67.04777,0.9375,G1
2026-06-17 00:00:00+00:00,17.944336,-67.002266,10.6171875,C1_East
2026-06-17 00:00:00+00:00,17.967564,-67.07653,1.859375,MJ1
2026-06-24 00:00:00+00:00,17.954287,-67.050186,12.1796875,E1
2026-06-24 00:00:00+00:00,17.973782,-67.06234,0.4375,MJ4
2026-06-24 00:00:00+00:00,17.944336,-67.002266,38.09375,C1_East
2026-06-24 00:00:00+00:00,17.968758,-67.076935,1.328125,MJ2
2026-06-24 00:00:00+00:00,17.943748,-67.009384,16.0,C3_West
2026-06-24 00:00:00+00:00,17.97034,-67.04777,1.5234375,G1
2026-06-24 00:00:00+00:00,17.942287,-67.07675,29.960938,SC
2026-06-24 00:00:00+00:00,17.967564,-67.07653,3.5234375,MJ1
2026-06-24 00:00:00+00:00,17.972672,-67.06536,0.0,MJ3
2026-07-01 00:00:00+00:00,17.954287,-67.050186,4.421875,E1
2026-07-01 00:00:00+00:00,17.943748,-67.009384,0.6796875,C3_West
2026-07-01 00:00:00+00:00,17.942287,-67.07675,26.851562,SC
2026-07-01 00:00:00+00:00,17.97034,-67.04777,0.4375,G1
2026-07-01 00:00:00+00:00,17.973782,-67.06234,0.859375,MJ4
2026-07-01 00:00:00+00:00,17.972672,-67.06536,0.0,MJ3
2026-07-01 00:00:00+00:00,17.944336,-67.002266,6.2734375,C1_East
2026-07-01 00:00:00+00:00,17.943632,-67.00623,1.96875,C2_Center
2026-07-01 00:00:00+00:00,17.967564,-67.07653,5.0625,MJ1
2026-07-01 00:00:00+00:00,17.968758,-67.076935,2.8203125,MJ2
2026-07-08 00:00:00+00:00,17.97034,-67.04777,0.0,G1
2026-07-08 00:00:00+00:00,17.954287,-67.050186,1.8203125,E1
2026-07-08 00:00:00+00:00,17.943748,-67.009384,6.3203125,C3_West
2026-07-08 00:00:00+00:00,17.968758,-67.076935,3.859375,MJ2
2026-07-08 00:00:00+00:00,17.942287,-67.07675,11.0390625,SC
2026-07-08 00:00:00+00:00,17.973782,-67.06234,0.0,MJ4
2026-07-08 00:00:00+00:00,17.972672,-67.06536,0.0,MJ3
2026-07-08 00:00:00+00:00,17.943632,-67.00623,1.8984375,C2_Center
2026-07-08 00:00:00+00:00,17.967564,-67.07653,2.4375,MJ1
2026-07-08 00:00:00+00:00,17.944336,-67.002266,15.4375,C1_East
2026-07-15 00:00:00+00:00,17.954287,-67.050186,5.109375,E1
2026-07-15 00:00:00+00:00,17.972672,-67.06536,0.0,MJ3
2026-07-15 00:00:00+00:00,17.97034,-67.04777,0.0,G1
2026-07-15 00:00:00+00:00,17.943632,-67.00623,1.5625,C2_Center
2026-07-15 00:00:00+00:00,17.973782,-67.06234,1.2109375,MJ4
2026-07-15 00:00:00+00:00,17.967564,-67.07653,2.6171875,MJ1
2026-07-22 00:00:00+00:00,17.968758,-67.076935,2.1171875,MJ2
2026-07-22 00:00:00+00:00,17.972672,-67.06536,4.8984375,MJ3
2026-07-22 00:00:00+00:00,17.967564,-67.07653,8.9375,MJ1
2026-07-22 00:00:00+00:00,17.954287,-67.050186,6.3203125,E1
2026-07-22 00:00:00+00:00,17.939789,-67.04021,24.710938,ML1
2026-07-22 00:00:00+00:00,17.973782,-67.06234,8.03125,MJ4
2026-07-22 00:00:00+00:00,17.97034,-67.04777,5.0078125,G1
2026-07-29 00:00:00+00:00,17.943748,-67.009384,15.65625,C3_West
2026-07-29 00:00:00+00:00,17.954287,-67.050186,0.0,E1
2026-07-29 00:00:00+00:00,17.97034,-67.04777,1.2109375,G1
2026-07-29 00:00:00+00:00,17.972672,-67.06536,0.0,MJ3
2026-07-29 00:00:00+00:00,17.968758,-67.076935,15.28125,MJ2
2026-07-29 00:00:00+00:00,17.967564,-67.07653,5.0,MJ1
2026-07-29 00:00:00+00:00,17.973782,-67.06234,0.0,MJ4
2026-08-05 00:00:00+00:00,17.973782,-67.06234,0.0,MJ4
2026-08-05 00:00:00+00:00,17.967564,-67.07653,1.578125,MJ1
2026-08-05 00:00:00+00:00,17.972672,-67.06536,0.59375,MJ3
2026-08-05 00:00:00+00:00,17.97034,-67.04777,0.0,G1
2026-08-05 00:00:00+00:00,17.942287,-67.07675,25.421875,SC
2026-08-05 00:00:00+00:00,17.968758,-67.076935,7.7265625,MJ2
2026-08-05 00:00:00+00:00,17.954287,-67.050186,5.921875,E1
2026-08-05 00:00:00+00:00,17.939789,-67.04021,0.0,ML1
2026-08-12 00:00:00+00:00,17.939789,-67.04021,0.8828125,ML1
2026-08-12 00:00:00+00:00,17.954287,-67.050186,0.0,E1
2026-08-12 00:00:00+00:00,17.943748,-67.009384,0.0,C3_West
2026-08-12 00:00:00+00:00,17.97034,-67.04777,0.0,G1
2026-08-12 00:00:00+00:00,17.972672,-67.06536,0.0,MJ3
2026-08-12 00:00:00+00:00,17.944336,-67.002266,0.0,C1_East
2026-08-12 00:00:00+00:00,17.943632,-67.00623,0.0,C2_Center
2026-08-12 00:00:00+00:00,17.967564,-67.07653,0.0,MJ1
2026-08-12 00:00:00+00:00,17.943077,-67.05644,0.0,L1
2026-08-12 00:00:00+00:00,17.968758,-67.076935,0.0,MJ2
2026-08-12 00:00:00+00:00,17.973782,-67.06234,0.0,MJ4
2026-08-12 00:00:00+00:00,17.942287,-67.07675,2.8515625,SC
2026-08-17 00:00:00+00:00,17.968758,-67.076935,0.0,MJ2
2026-08-17 00:00:00+00:00,17.973782,-67.06234,0.0,MJ4
2026-08-17 00:00:00+00:00,17.942287,-67.07675,2.8515625,SC
2026-08-17 00:00:00+00:00,17.972672,-67.06536,0.0,MJ3
2026-08-17 00:00:00+00:00,17.967564,-67.07653,0.0,MJ1
2026-08-17 00:00:00+00:00,17.97034,-67.04777,0.0,G1
2026-08-17 00:00:00+00:00,17.944336,-67.002266,0.0,C1_East
2026-08-17 00:00:00+00:00,17.943077,-67.05644,0.0,L1
2026-08-17 00:00:00+00:00,17.954287,-67.050186,0.0,E1
2026-08-17 00:00:00+00:00,17.943748,-67.009384,0.0,C3_West
2026-08-17 00:00:00+00:00,17.943632,-67.00623,0.0,C2_Center
2026-08-17 00:00:00+00:00,17.939789,-67.04021,0.8828125,ML1
2026-08-19 00:00:00+00:00,17.97034,-67.04777,0.0,G1
2026-08-19 00:00:00+00:00,17.954287,-67.050186,2.1875,E1
2026-08-19 00:00:00+00:00,17.939789,-67.04021,26.359375,ML1
2026-08-19 00:00:00+00:00,17.943632,-67.00623,2.0390625,C2_Center
2026-08-19 00:00:00+00:00,17.944336,-67.002266,40.9375,C1_East
2026-08-19 00:00:00+00:00,17.967564,-67.07653,0.0,MJ1
2026-08-19 00:00:00+00:00,17.972672,-67.06536,0.0,MJ3
2026-08-19 00:00:00+00:00,17.973782,-67.06234,0.0,MJ4
2026-08-19 00:00:00+00:00,17.968758,-67.076935,0.0,MJ2
2026-08-19 00:00:00+00:00,17.943077,-67.05644,56.882812,L1
2026-08-25 00:00:00+00:00,17.954287,-67.050186,9.7109375,E1
2026-08-25 00:00:00+00:00,17.943632,-67.00623,0.8125,C2_Center
2026-08-25 00:00:00+00:00,17.968758,-67.076935,0.0,MJ2
2026-08-25 00:00:00+00:00,17.967564,-67.07653,0.0,MJ1
2026-08-25 00:00:00+00:00,17.944336,-67.002266,18.546875,C1_East
2026-08-25 00:00:00+00:00,17.972672,-67.06536,0.0,MJ3
2026-08-25 00:00:00+00:00,17.942287,-67.07675,3.703125,SC
2026-08-25 00:00:00+00:00,17.943077,-67.05644,3.9609375,L1
2026-08-25 00:00:00+00:00,17.97034,-67.04777,0.0,G1
2026-08-25 00:00:00+00:00,17.973782,-67.06234,0.0,MJ4
2026-08-25 00:00:00+00:00,17.939789,-67.04021,8.828125,ML1
