{"type": "FeatureCollection", "features": [{"type": "Feature", "geometry": {"type": "LineString", "coordinates": [[-65.993983, 17.984349], [-66.039197, 17.971391]]}, "properties": {"seg_id": "PU000", "name": "Patillas", "island": "puerto_rico", "coast": "south", "length_m": 5000.0, "lat": 17.97787, "lon": -66.01659, "kg_per_m_total": 88.922, "kg_per_m_physical": 88.922, "tonnes_total": 444.612, "tonnes_by_day": [379.757, 64.856, 0.0, 0.0, 0.0], "h2s_kg_per_day": [0.0, 0.0, 1.954, 41.113, 57.83, 49.976, 40.917, 33.5, 27.427, 22.456, 18.385, 15.052, 12.324, 10.09, 8.261, 6.763, 5.537], "nh3_kg_per_day": [0.0, 0.0, 0.611, 12.848, 18.072, 15.617, 12.786, 10.469, 8.571, 7.017, 5.745, 4.704, 3.851, 3.153, 2.582, 2.114, 1.73], "h2s_peak_kg_day_km": 11.566, "risk_tier": "moderate", "exposure": {"ppm": 0.03426, "label": "clear rotten-egg odour", "odour_detect_ppm": 0.0005, "who_24h_ppm": 0.107, "atsdr_acute_mrl_ppm": 0.07, "osha_ceiling_ppm": 20.0}, "source": "physical"}}, {"type": "Feature", "geometry": {"type": "LineString", "coordinates": [[-66.026504, 17.950256], [-66.073616, 17.947304]]}, "properties": {"seg_id": "PU001", "name": "Arroyo", "island": "puerto_rico", "coast": "south", "length_m": 5000.0, "lat": 17.94878, "lon": -66.05006, "kg_per_m_total": 0.0, "kg_per_m_physical": 0.0, "tonnes_total": 0.0, "tonnes_by_day": [0.0, 0.0, 0.0, 0.0, 0.0], "h2s_kg_per_day": [0.0, 0.0, 0.0, 0.0, 0.0, 0.0, 0.0, 0.0, 0.0, 0.0, 0.0, 0.0, 0.0, 0.0, 0.0, 0.0, 0.0], "nh3_kg_per_day": [0.0, 0.0, 0.0, 0.0, 0.0, 0.0, 0.0, 0.0, 0.0, 0.0, 0.0, 0.0, 0.0, 0.0, 0.0, 0.0, 0.0], "h2s_peak_kg_day_km": 0.0, "risk_tier": "minimal", "exposure": {"ppm": 0.0, "label": "not detectable", "odour_detect_ppm": 0.0005, "who_24h_ppm": 0.107, "atsdr_acute_mrl_ppm": 0.07, "osha_ceiling_ppm": 20.0}, "source": "physical"}}, {"type": "Feature", "geometry": {"type": "LineString", "coordinates": [[-66.067967, 17.966941], [-66.112953, 17.953299]]}, "properties": {"seg_id": "PU002", "name": "Arroyo", "island": "puerto_rico", "coast": "south", "length_m": 5000.0, "lat": 17.96012, "lon": -66.09046, "kg_per_m_total": 0.0, "kg_per_m_physical": 0.0, "tonnes_total": 0.0, "tonnes_by_day": [0.0, 0.0, 0.0, 0.0, 0.0], "h2s_kg_per_day": [0.0, 0.0, 0.0, 0.0, 0.0, 0.0, 0.0, 0.0, 0.0, 0.0, 0.0, 0.0, 0.0, 0.0, 0.0, 0.0, 0.0], "nh3_kg_per_day": [0.0, 0.0, 0.0, 0.0, 0.0, 0.0, 0.0, 0.0, 0.0, 0.0, 0.0, 0.0, 0.0, 0.0, 0.0, 0.0, 0.0], "h2s_peak_kg_day_km": 0.0, "risk_tier": "minimal", "exposure": {"ppm": 0.0, "label": "not detectable", "odour_detect_ppm": 0.0005, "who_24h_ppm": 0.107, "atsdr_acute_mrl_ppm": 0.07, "osha_ceiling_ppm": 20.0}, "source": "physical"}}, {"type": "Feature", "geometry": {"type": "LineString", "coordinates": [[-66.111627, 17.951803], [-66.154053, 17.932097]]}, "properties": {"seg_id": "PU003", "name": "Guayama / Punta Pozuelo", "island": "puerto_rico", "coast": "south", "length_m": 5000.0, "lat": 17.94195, "lon": -66.13284, "kg_per_m_total": 86.44, "kg_per_m_physical": 86.44, "tonnes_total": 432.198, "tonnes_by_day": [264.368, 97.369, 70.46, 0.0, 0.0], "h2s_kg_per_day": [0.0, 0.0, 1.062, 27.462, 47.668, 49.428, 43.588, 35.687, 29.218, 23.922, 19.585, 16.035, 13.128, 10.749, 8.8, 7.205, 5.899], "nh3_kg_per_day": [0.0, 0.0, 0.332, 8.582, 14.896, 15.446, 13.621, 11.152, 9.131, 7.475, 6.12, 5.011, 4.103, 3.359, 2.75, 2.252, 1.843], "h2s_peak_kg_day_km": 9.886, "risk_tier": "moderate", "exposure": {"ppm": 0.02181, "label": "faint odour", "odour_detect_ppm": 0.0005, "who_24h_ppm": 0.107, "atsdr_acute_mrl_ppm": 0.07, "osha_ceiling_ppm": 20.0}, "source": "physical"}}, {"type": "Feature", "geometry": {"type": "LineString", "coordinates": [[-66.145702, 17.920739], [-66.188338, 17.940021]]}, "properties": {"seg_id": "PU004", "name": "Guayama / Punta Pozuelo", "island": "puerto_rico", "coast": "south", "length_m": 5000.0, "lat": 17.93038, "lon": -66.16702, "kg_per_m_total": 0.0, "kg_per_m_physical": 0.0, "tonnes_total": 0.0, "tonnes_by_day": [0.0, 0.0, 0.0, 0.0, 0.0], "h2s_kg_per_day": [0.0, 0.0, 0.0, 0.0, 0.0, 0.0, 0.0, 0.0, 0.0, 0.0, 0.0, 0.0, 0.0, 0.0, 0.0, 0.0, 0.0], "nh3_kg_per_day": [0.0, 0.0, 0.0, 0.0, 0.0, 0.0, 0.0, 0.0, 0.0, 0.0, 0.0, 0.0, 0.0, 0.0, 0.0, 0.0, 0.0], "h2s_peak_kg_day_km": 0.0, "risk_tier": "minimal", "exposure": {"ppm": 0.0, "label": "not detectable", "odour_detect_ppm": 0.0005, "who_24h_ppm": 0.107, "atsdr_acute_mrl_ppm": 0.07, "osha_ceiling_ppm": 20.0}, "source": "physical"}}, {"type": "Feature", "geometry": {"type": "LineString", "coordinates": [[-66.177323, 17.955984], [-66.222677, 17.968476]]}, "properties": {"seg_id": "PU005", "name": "Guayama / Punta Pozuelo", "island": "puerto_rico", "coast": "south", "length_m": 5000.0, "lat": 17.96223, "lon": -66.2, "kg_per_m_total": 0.0, "kg_per_m_physical": 0.0, "tonnes_total": 0.0, "tonnes_by_day": [0.0, 0.0, 0.0, 0.0, 0.0], "h2s_kg_per_day": [0.0, 0.0, 0.0, 0.0, 0.0, 0.0, 0.0, 0.0, 0.0, 0.0, 0.0, 0.0, 0.0, 0.0, 0.0, 0.0, 0.0], "nh3_kg_per_day": [0.0, 0.0, 0.0, 0.0, 0.0, 0.0, 0.0, 0.0, 0.0, 0.0, 0.0, 0.0, 0.0, 0.0, 0.0, 0.0, 0.0], "h2s_peak_kg_day_km": 0.0, "risk_tier": "minimal", "exposure": {"ppm": 0.0, "label": "not detectable", "odour_detect_ppm": 0.0005, "who_24h_ppm": 0.107, "atsdr_acute_mrl_ppm": 0.07, "osha_ceiling_ppm": 20.0}, "source": "physical"}}, {"type": "Feature", "geometry": {"type": "LineString", "coordinates": [[-66.210932, 17.951681], [-66.255728, 17.937499]]}, "properties": {"seg_id": "PU006", "name": "Salinas", "island": "puerto_rico", "coast": "south", "length_m": 5000.0, "lat": 17.94459, "lon": -66.23333, "kg_per_m_total": 95.902, "kg_per_m_physical": 95.902, "tonnes_total": 479.511, "tonnes_by_day": [229.887, 249.624, 0.0, 0.0, 0.0], "h2s_kg_per_day": [0.0, 0.0, 1.159, 24.94, 56.79, 58.598, 47.976, 39.28, 32.159, 26.33, 21.557, 17.649, 14.45, 11.831, 9.686, 7.93, 6.493], "nh3_kg_per_day": [0.0, 0.0, 0.362, 7.794, 17.747, 18.312, 14.993, 12.275, 10.05, 8.228, 6.737, 5.515, 4.516, 3.697, 3.027, 2.478, 2.029], "h2s_peak_kg_day_km": 11.72, "risk_tier": "moderate", "exposure": {"ppm": 0.02073, "label": "faint odour", "odour_detect_ppm": 0.0005, "who_24h_ppm": 0.107, "atsdr_acute_mrl_ppm": 0.07, "osha_ceiling_ppm": 20.0}, "source": "physical"}}, {"type": "Feature", "geometry": {"type": "LineString", "coordinates": [[-66.247009, 17.945778], [-66.292851, 17.935042]]}, "properties": {"seg_id": "PU007", "name": "Salinas", "island": "puerto_rico", "coast": "south", "length_m": 5000.0, "lat": 17.94041, "lon": -66.26993, "kg_per_m_total": 65.281, "kg_per_m_physical": 65.281, "tonnes_total": 326.405, "tonnes_by_day": [236.948, 0.0, 77.624, 11.834, 0.0], "h2s_kg_per_day": [0.0, 0.0, 2.072, 28.055, 30.982, 32.551, 32.712, 27.208, 22.276, 18.238, 14.932, 12.226, 10.009, 8.195, 6.71, 5.493, 4.498], "nh3_kg_per_day": [0.0, 0.0, 0.648, 8.767, 9.682, 10.172, 10.223, 8.503, 6.961, 5.699, 4.666, 3.82, 3.128, 2.561, 2.097, 1.717, 1.405], "h2s_peak_kg_day_km": 6.542, "risk_tier": "moderate", "exposure": {"ppm": 0.01899, "label": "faint odour", "odour_detect_ppm": 0.0005, "who_24h_ppm": 0.107, "atsdr_acute_mrl_ppm": 0.07, "osha_ceiling_ppm": 20.0}, "source": "physical"}}, {"type": "Feature", "geometry": {"type": "LineString", "coordinates": [[-66.276907, 17.941713], [-66.309853, 17.973887]]}, "properties": {"seg_id": "PU008", "name": "Salinas", "island": "puerto_rico", "coast": "west", "length_m": 5000.0, "lat": 17.9578, "lon": -66.29338, "kg_per_m_total": 0.0, "kg_per_m_physical": 0.0, "tonnes_total": 0.0, "tonnes_by_day": [0.0, 0.0, 0.0, 0.0, 0.0], "h2s_kg_per_day": [0.0, 0.0, 0.0, 0.0, 0.0, 0.0, 0.0, 0.0, 0.0, 0.0, 0.0, 0.0, 0.0, 0.0, 0.0, 0.0, 0.0], "nh3_kg_per_day": [0.0, 0.0, 0.0, 0.0, 0.0, 0.0, 0.0, 0.0, 0.0, 0.0, 0.0, 0.0, 0.0, 0.0, 0.0, 0.0, 0.0], "h2s_peak_kg_day_km": 0.0, "risk_tier": "minimal", "exposure": {"ppm": 0.0, "label": "not detectable", "odour_detect_ppm": 0.0005, "who_24h_ppm": 0.107, "atsdr_acute_mrl_ppm": 0.07, "osha_ceiling_ppm": 20.0}, "source": "physical"}}, {"type": "Feature", "geometry": {"type": "LineString", "coordinates": [[-66.306991, 17.972612], [-66.354149, 17.974908]]}, "properties": {"seg_id": "PU009", "name": "Salinas", "island": "puerto_rico", "coast": "south", "length_m": 5000.0, "lat": 17.97376, "lon": -66.33057, "kg_per_m_total": 36.523, "kg_per_m_physical": 36.523, "tonnes_total": 182.615, "tonnes_by_day": [182.615, 0.0, 0.0, 0.0, 0.0], "h2s_kg_per_day": [0.0, 0.0, 0.715, 19.083, 24.45, 20.018, 16.389, 13.418, 10.986, 8.995, 7.364, 6.029, 4.936, 4.042, 3.309, 2.709, 2.218], "nh3_kg_per_day": [0.0, 0.0, 0.223, 5.963, 7.641, 6.256, 5.122, 4.193, 3.433, 2.811, 2.301, 1.884, 1.543, 1.263, 1.034, 0.847, 0.693], "h2s_peak_kg_day_km": 4.89, "risk_tier": "moderate", "exposure": {"ppm": 0.03282, "label": "clear rotten-egg odour", "odour_detect_ppm": 0.0005, "who_24h_ppm": 0.107, "atsdr_acute_mrl_ppm": 0.07, "osha_ceiling_ppm": 20.0}, "source": "physical"}}, {"type": "Feature", "geometry": {"type": "LineString", "coordinates": [[-66.344504, 17.972208], [-66.380756, 17.943432]]}, "properties": {"seg_id": "PU010", "name": "Santa Isabel", "island": "puerto_rico", "coast": "south", "length_m": 5000.0, "lat": 17.95782, "lon": -66.36263, "kg_per_m_total": 104.511, "kg_per_m_physical": 104.511, "tonnes_total": 522.555, "tonnes_by_day": [0.0, 80.511, 266.772, 175.271, 0.0], "h2s_kg_per_day": [0.0, 0.0, 0.0, 0.012, 9.234, 40.897, 63.628, 59.609, 48.804, 39.957, 32.714, 26.784, 21.929, 17.954, 14.699, 12.035, 9.853], "nh3_kg_per_day": [0.0, 0.0, 0.0, 0.004, 2.886, 12.78, 19.884, 18.628, 15.251, 12.487, 10.223, 8.37, 6.853, 5.611, 4.594, 3.761, 3.079], "h2s_peak_kg_day_km": 12.726, "risk_tier": "high", "exposure": {"ppm": 0.01041, "label": "faint odour", "odour_detect_ppm": 0.0005, "who_24h_ppm": 0.107, "atsdr_acute_mrl_ppm": 0.07, "osha_ceiling_ppm": 20.0}, "source": "physical"}}, {"type": "Feature", "geometry": {"type": "LineString", "coordinates": [[-66.367305, 17.945575], [-66.414475, 17.947505]]}, "properties": {"seg_id": "PU011", "name": "Santa Isabel", "island": "puerto_rico", "coast": "south", "length_m": 5000.0, "lat": 17.94654, "lon": -66.39089, "kg_per_m_total": 0.0, "kg_per_m_physical": 0.0, "tonnes_total": 0.0, "tonnes_by_day": [0.0, 0.0, 0.0, 0.0, 0.0], "h2s_kg_per_day": [0.0, 0.0, 0.0, 0.0, 0.0, 0.0, 0.0, 0.0, 0.0, 0.0, 0.0, 0.0, 0.0, 0.0, 0.0, 0.0, 0.0], "nh3_kg_per_day": [0.0, 0.0, 0.0, 0.0, 0.0, 0.0, 0.0, 0.0, 0.0, 0.0, 0.0, 0.0, 0.0, 0.0, 0.0, 0.0, 0.0], "h2s_peak_kg_day_km": 0.0, "risk_tier": "minimal", "exposure": {"ppm": 0.0, "label": "not detectable", "odour_detect_ppm": 0.0005, "who_24h_ppm": 0.107, "atsdr_acute_mrl_ppm": 0.07, "osha_ceiling_ppm": 20.0}, "source": "physical"}}, {"type": "Feature", "geometry": {"type": "LineString", "coordinates": [[-66.414891, 17.943297], [-66.449429, 17.973923]]}, "properties": {"seg_id": "PU012", "name": "Santa Isabel", "island": "puerto_rico", "coast": "south", "length_m": 5000.0, "lat": 17.95861, "lon": -66.43216, "kg_per_m_total": 0.0, "kg_per_m_physical": 0.0, "tonnes_total": 0.0, "tonnes_by_day": [0.0, 0.0, 0.0, 0.0, 0.0], "h2s_kg_per_day": [0.0, 0.0, 0.0, 0.0, 0.0, 0.0, 0.0, 0.0, 0.0, 0.0, 0.0, 0.0, 0.0, 0.0, 0.0, 0.0, 0.0], "nh3_kg_per_day": [0.0, 0.0, 0.0, 0.0, 0.0, 0.0, 0.0, 0.0, 0.0, 0.0, 0.0, 0.0, 0.0, 0.0, 0.0, 0.0, 0.0], "h2s_peak_kg_day_km": 0.0, "risk_tier": "minimal", "exposure": {"ppm": 0.0, "label": "not detectable", "odour_detect_ppm": 0.0005, "who_24h_ppm": 0.107, "atsdr_acute_mrl_ppm": 0.07, "osha_ceiling_ppm": 20.0}, "source": "physical"}}, {"type": "Feature", "geometry": {"type": "LineString", "coordinates": [[-66.432175, 17.972929], [-66.477245, 17.986331]]}, "properties": {"seg_id": "PU013", "name": "Juana D\u00edaz", "island": "puerto_rico", "coast": "south", "length_m": 5000.0, "lat": 17.97963, "lon": -66.45471, "kg_per_m_total": 3.552, "kg_per_m_physical": 3.552, "tonnes_total": 17.762, "tonnes_by_day": [17.762, 0.0, 0.0, 0.0, 0.0], "h2s_kg_per_day": [0.0, 0.0, 0.047, 1.824, 2.388, 1.955, 1.601, 1.311, 1.073, 0.878, 0.719, 0.589, 0.482, 0.395, 0.323, 0.265, 0.217], "nh3_kg_per_day": [0.0, 0.0, 0.015, 0.57, 0.746, 0.611, 0.5, 0.41, 0.335, 0.275, 0.225, 0.184, 0.151, 0.123, 0.101, 0.083, 0.068], "h2s_peak_kg_day_km": 0.478, "risk_tier": "minimal", "exposure": {"ppm": 0.0348, "label": "clear rotten-egg odour", "odour_detect_ppm": 0.0005, "who_24h_ppm": 0.107, "atsdr_acute_mrl_ppm": 0.07, "osha_ceiling_ppm": 20.0}, "source": "physical"}}, {"type": "Feature", "geometry": {"type": "LineString", "coordinates": [[-66.474569, 17.989431], [-66.521171, 17.982169]]}, "properties": {"seg_id": "PU014", "name": "Juana D\u00edaz", "island": "puerto_rico", "coast": "south", "length_m": 5000.0, "lat": 17.9858, "lon": -66.49787, "kg_per_m_total": 0.0, "kg_per_m_physical": 0.0, "tonnes_total": 0.0, "tonnes_by_day": [0.0, 0.0, 0.0, 0.0, 0.0], "h2s_kg_per_day": [0.0, 0.0, 0.0, 0.0, 0.0, 0.0, 0.0, 0.0, 0.0, 0.0, 0.0, 0.0, 0.0, 0.0, 0.0, 0.0, 0.0], "nh3_kg_per_day": [0.0, 0.0, 0.0, 0.0, 0.0, 0.0, 0.0, 0.0, 0.0, 0.0, 0.0, 0.0, 0.0, 0.0, 0.0, 0.0, 0.0], "h2s_peak_kg_day_km": 0.0, "risk_tier": "minimal", "exposure": {"ppm": 0.0, "label": "not detectable", "odour_detect_ppm": 0.0005, "who_24h_ppm": 0.107, "atsdr_acute_mrl_ppm": 0.07, "osha_ceiling_ppm": 20.0}, "source": "physical"}}, {"type": "Feature", "geometry": {"type": "LineString", "coordinates": [[-66.519154, 17.975919], [-66.564446, 17.963221]]}, "properties": {"seg_id": "PU015", "name": "Juana D\u00edaz", "island": "puerto_rico", "coast": "south", "length_m": 5000.0, "lat": 17.96957, "lon": -66.5418, "kg_per_m_total": 0.0, "kg_per_m_physical": 0.0, "tonnes_total": 0.0, "tonnes_by_day": [0.0, 0.0, 0.0, 0.0, 0.0], "h2s_kg_per_day": [0.0, 0.0, 0.0, 0.0, 0.0, 0.0, 0.0, 0.0, 0.0, 0.0, 0.0, 0.0, 0.0, 0.0, 0.0, 0.0, 0.0], "nh3_kg_per_day": [0.0, 0.0, 0.0, 0.0, 0.0, 0.0, 0.0, 0.0, 0.0, 0.0, 0.0, 0.0, 0.0, 0.0, 0.0, 0.0, 0.0], "h2s_peak_kg_day_km": 0.0, "risk_tier": "minimal", "exposure": {"ppm": 0.0, "label": "not detectable", "odour_detect_ppm": 0.0005, "who_24h_ppm": 0.107, "atsdr_acute_mrl_ppm": 0.07, "osha_ceiling_ppm": 20.0}, "source": "physical"}}, {"type": "Feature", "geometry": {"type": "LineString", "coordinates": [[-66.562312, 17.960898], [-66.609528, 17.960702]]}, "properties": {"seg_id": "PU016", "name": "Ponce", "island": "puerto_rico", "coast": "south", "length_m": 5000.0, "lat": 17.9608, "lon": -66.58592, "kg_per_m_total": 6.123, "kg_per_m_physical": 6.123, "tonnes_total": 30.613, "tonnes_by_day": [18.501, 0.0, 12.113, 0.0, 0.0], "h2s_kg_per_day": [0.0, 0.0, 0.005, 1.597, 2.583, 3.332, 3.338, 2.733, 2.237, 1.832, 1.5, 1.228, 1.005, 0.823, 0.674, 0.552, 0.452], "nh3_kg_per_day": [0.0, 0.0, 0.002, 0.499, 0.807, 1.041, 1.043, 0.854, 0.699, 0.572, 0.469, 0.384, 0.314, 0.257, 0.211, 0.172, 0.141], "h2s_peak_kg_day_km": 0.668, "risk_tier": "low", "exposure": {"ppm": 0.01913, "label": "faint odour", "odour_detect_ppm": 0.0005, "who_24h_ppm": 0.107, "atsdr_acute_mrl_ppm": 0.07, "osha_ceiling_ppm": 20.0}, "source": "physical"}}, {"type": "Feature", "geometry": {"type": "LineString", "coordinates": [[-66.597546, 17.962723], [-66.641374, 17.979437]]}, "properties": {"seg_id": "PU017", "name": "Ponce", "island": "puerto_rico", "coast": "south", "length_m": 5000.0, "lat": 17.97108, "lon": -66.61946, "kg_per_m_total": 0.0, "kg_per_m_physical": 0.0, "tonnes_total": 0.0, "tonnes_by_day": [0.0, 0.0, 0.0, 0.0, 0.0], "h2s_kg_per_day": [0.0, 0.0, 0.0, 0.0, 0.0, 0.0, 0.0, 0.0, 0.0, 0.0, 0.0, 0.0, 0.0, 0.0, 0.0, 0.0, 0.0], "nh3_kg_per_day": [0.0, 0.0, 0.0, 0.0, 0.0, 0.0, 0.0, 0.0, 0.0, 0.0, 0.0, 0.0, 0.0, 0.0, 0.0, 0.0, 0.0], "h2s_peak_kg_day_km": 0.0, "risk_tier": "minimal", "exposure": {"ppm": 0.0, "label": "not detectable", "odour_detect_ppm": 0.0005, "who_24h_ppm": 0.107, "atsdr_acute_mrl_ppm": 0.07, "osha_ceiling_ppm": 20.0}, "source": "physical"}}, {"type": "Feature", "geometry": {"type": "LineString", "coordinates": [[-66.637367, 17.974237], [-66.683233, 17.963563]]}, "properties": {"seg_id": "PU018", "name": "Ponce", "island": "puerto_rico", "coast": "south", "length_m": 5000.0, "lat": 17.9689, "lon": -66.6603, "kg_per_m_total": 0.0, "kg_per_m_physical": 0.0, "tonnes_total": 0.0, "tonnes_by_day": [0.0, 0.0, 0.0, 0.0, 0.0], "h2s_kg_per_day": [0.0, 0.0, 0.0, 0.0, 0.0, 0.0, 0.0, 0.0, 0.0, 0.0, 0.0, 0.0, 0.0, 0.0, 0.0, 0.0, 0.0], "nh3_kg_per_day": [0.0, 0.0, 0.0, 0.0, 0.0, 0.0, 0.0, 0.0, 0.0, 0.0, 0.0, 0.0, 0.0, 0.0, 0.0, 0.0, 0.0], "h2s_peak_kg_day_km": 0.0, "risk_tier": "minimal", "exposure": {"ppm": 0.0, "label": "not detectable", "odour_detect_ppm": 0.0005, "who_24h_ppm": 0.107, "atsdr_acute_mrl_ppm": 0.07, "osha_ceiling_ppm": 20.0}, "source": "physical"}}, {"type": "Feature", "geometry": {"type": "LineString", "coordinates": [[-66.680821, 17.965169], [-66.723479, 17.984431]]}, "properties": {"seg_id": "PU019", "name": "Pe\u00f1uelas / Tallaboa", "island": "puerto_rico", "coast": "south", "length_m": 5000.0, "lat": 17.9748, "lon": -66.70215, "kg_per_m_total": 0.0, "kg_per_m_physical": 0.0, "tonnes_total": 0.0, "tonnes_by_day": [0.0, 0.0, 0.0, 0.0, 0.0], "h2s_kg_per_day": [0.0, 0.0, 0.0, 0.0, 0.0, 0.0, 0.0, 0.0, 0.0, 0.0, 0.0, 0.0, 0.0, 0.0, 0.0, 0.0, 0.0], "nh3_kg_per_day": [0.0, 0.0, 0.0, 0.0, 0.0, 0.0, 0.0, 0.0, 0.0, 0.0, 0.0, 0.0, 0.0, 0.0, 0.0, 0.0, 0.0], "h2s_peak_kg_day_km": 0.0, "risk_tier": "minimal", "exposure": {"ppm": 0.0, "label": "not detectable", "odour_detect_ppm": 0.0005, "who_24h_ppm": 0.107, "atsdr_acute_mrl_ppm": 0.07, "osha_ceiling_ppm": 20.0}, "source": "physical"}}, {"type": "Feature", "geometry": {"type": "LineString", "coordinates": [[-66.719797, 17.993564], [-66.764403, 17.978816]]}, "properties": {"seg_id": "PU020", "name": "Pe\u00f1uelas / Tallaboa", "island": "puerto_rico", "coast": "south", "length_m": 5000.0, "lat": 17.98619, "lon": -66.7421, "kg_per_m_total": 0.0, "kg_per_m_physical": 0.0, "tonnes_total": 0.0, "tonnes_by_day": [0.0, 0.0, 0.0, 0.0, 0.0], "h2s_kg_per_day": [0.0, 0.0, 0.0, 0.0, 0.0, 0.0, 0.0, 0.0, 0.0, 0.0, 0.0, 0.0, 0.0, 0.0, 0.0, 0.0, 0.0], "nh3_kg_per_day": [0.0, 0.0, 0.0, 0.0, 0.0, 0.0, 0.0, 0.0, 0.0, 0.0, 0.0, 0.0, 0.0, 0.0, 0.0, 0.0, 0.0], "h2s_peak_kg_day_km": 0.0, "risk_tier": "minimal", "exposure": {"ppm": 0.0, "label": "not detectable", "odour_detect_ppm": 0.0005, "who_24h_ppm": 0.107, "atsdr_acute_mrl_ppm": 0.07, "osha_ceiling_ppm": 20.0}, "source": "physical"}}, {"type": "Feature", "geometry": {"type": "LineString", "coordinates": [[-66.749681, 17.963188], [-66.764759, 18.005752]]}, "properties": {"seg_id": "PU021", "name": "Guayanilla", "island": "puerto_rico", "coast": "west", "length_m": 5000.0, "lat": 17.98447, "lon": -66.75722, "kg_per_m_total": 0.0, "kg_per_m_physical": 0.0, "tonnes_total": 0.0, "tonnes_by_day": [0.0, 0.0, 0.0, 0.0, 0.0], "h2s_kg_per_day": [0.0, 0.0, 0.0, 0.0, 0.0, 0.0, 0.0, 0.0, 0.0, 0.0, 0.0, 0.0, 0.0, 0.0, 0.0, 0.0, 0.0], "nh3_kg_per_day": [0.0, 0.0, 0.0, 0.0, 0.0, 0.0, 0.0, 0.0, 0.0, 0.0, 0.0, 0.0, 0.0, 0.0, 0.0, 0.0, 0.0], "h2s_peak_kg_day_km": 0.0, "risk_tier": "minimal", "exposure": {"ppm": 0.0, "label": "not detectable", "odour_detect_ppm": 0.0005, "who_24h_ppm": 0.107, "atsdr_acute_mrl_ppm": 0.07, "osha_ceiling_ppm": 20.0}, "source": "physical"}}, {"type": "Feature", "geometry": {"type": "LineString", "coordinates": [[-66.748138, 17.998661], [-66.795302, 17.996359]]}, "properties": {"seg_id": "PU022", "name": "Guayanilla", "island": "puerto_rico", "coast": "south", "length_m": 5000.0, "lat": 17.99751, "lon": -66.77172, "kg_per_m_total": 0.0, "kg_per_m_physical": 0.0, "tonnes_total": 0.0, "tonnes_by_day": [0.0, 0.0, 0.0, 0.0, 0.0], "h2s_kg_per_day": [0.0, 0.0, 0.0, 0.0, 0.0, 0.0, 0.0, 0.0, 0.0, 0.0, 0.0, 0.0, 0.0, 0.0, 0.0, 0.0, 0.0], "nh3_kg_per_day": [0.0, 0.0, 0.0, 0.0, 0.0, 0.0, 0.0, 0.0, 0.0, 0.0, 0.0, 0.0, 0.0, 0.0, 0.0, 0.0, 0.0], "h2s_peak_kg_day_km": 0.0, "risk_tier": "minimal", "exposure": {"ppm": 0.0, "label": "not detectable", "odour_detect_ppm": 0.0005, "who_24h_ppm": 0.107, "atsdr_acute_mrl_ppm": 0.07, "osha_ceiling_ppm": 20.0}, "source": "physical"}}, {"type": "Feature", "geometry": {"type": "LineString", "coordinates": [[-66.771514, 17.991113], [-66.802726, 17.957407]]}, "properties": {"seg_id": "PU023", "name": "Guayanilla", "island": "puerto_rico", "coast": "east", "length_m": 5000.0, "lat": 17.97426, "lon": -66.78712, "kg_per_m_total": 145.704, "kg_per_m_physical": 145.704, "tonnes_total": 728.521, "tonnes_by_day": [507.798, 220.723, 0.0, 0.0, 0.0], "h2s_kg_per_day": [0.0, 0.0, 13.485, 71.945, 95.826, 79.0, 64.68, 52.955, 43.356, 35.497, 29.062, 23.794, 19.481, 15.95, 13.059, 10.691, 8.753], "nh3_kg_per_day": [0.0, 0.0, 4.214, 22.483, 29.946, 24.687, 20.212, 16.549, 13.549, 11.093, 9.082, 7.436, 6.088, 4.984, 4.081, 3.341, 2.735], "h2s_peak_kg_day_km": 19.165, "risk_tier": "high", "exposure": {"ppm": 0.03594, "label": "clear rotten-egg odour", "odour_detect_ppm": 0.0005, "who_24h_ppm": 0.107, "atsdr_acute_mrl_ppm": 0.07, "osha_ceiling_ppm": 20.0}, "source": "physical"}}, {"type": "Feature", "geometry": {"type": "LineString", "coordinates": [[-66.80334, 17.958398], [-66.84786, 17.943442]]}, "properties": {"seg_id": "PU024", "name": "Guayanilla", "island": "puerto_rico", "coast": "south", "length_m": 5000.0, "lat": 17.95092, "lon": -66.8256, "kg_per_m_total": 339.097, "kg_per_m_physical": 339.097, "tonnes_total": 1695.487, "tonnes_by_day": [735.976, 586.426, 351.11, 10.053, 11.922], "h2s_kg_per_day": [0.0, 0.0, 2.335, 89.604, 173.622, 194.669, 175.243, 145.131, 118.823, 97.284, 79.65, 65.212, 53.391, 43.713, 35.789, 29.301, 23.99], "nh3_kg_per_day": [0.0, 0.0, 0.73, 28.001, 54.257, 60.834, 54.763, 45.353, 37.132, 30.401, 24.891, 20.379, 16.685, 13.66, 11.184, 9.157, 7.497], "h2s_peak_kg_day_km": 38.934, "risk_tier": "high", "exposure": {"ppm": 0.02883, "label": "faint odour", "odour_detect_ppm": 0.0005, "who_24h_ppm": 0.107, "atsdr_acute_mrl_ppm": 0.07, "osha_ceiling_ppm": 20.0}, "source": "physical"}}, {"type": "Feature", "geometry": {"type": "LineString", "coordinates": [[-66.840161, 17.945791], [-66.886999, 17.940149]]}, "properties": {"seg_id": "PU025", "name": "Gu\u00e1nica", "island": "puerto_rico", "coast": "south", "length_m": 5000.0, "lat": 17.94297, "lon": -66.86358, "kg_per_m_total": 181.599, "kg_per_m_physical": 181.599, "tonnes_total": 907.993, "tonnes_by_day": [354.286, 312.225, 170.477, 71.006, 0.0], "h2s_kg_per_day": [0.0, 0.0, 1.52, 36.77, 80.218, 101.317, 96.828, 82.013, 67.146, 54.975, 45.01, 36.851, 30.171, 24.702, 20.224, 16.558, 13.557], "nh3_kg_per_day": [0.0, 0.0, 0.475, 11.491, 25.068, 31.662, 30.259, 25.629, 20.983, 17.18, 14.065, 11.516, 9.428, 7.719, 6.32, 5.174, 4.236], "h2s_peak_kg_day_km": 20.263, "risk_tier": "high", "exposure": {"ppm": 0.01526, "label": "faint odour", "odour_detect_ppm": 0.0005, "who_24h_ppm": 0.107, "atsdr_acute_mrl_ppm": 0.07, "osha_ceiling_ppm": 20.0}, "source": "physical"}}, {"type": "Feature", "geometry": {"type": "LineString", "coordinates": [[-66.874714, 17.93735], [-66.917746, 17.95583]]}, "properties": {"seg_id": "PU026", "name": "Gu\u00e1nica", "island": "puerto_rico", "coast": "south", "length_m": 5000.0, "lat": 17.94659, "lon": -66.89623, "kg_per_m_total": 7.418, "kg_per_m_physical": 7.418, "tonnes_total": 37.089, "tonnes_by_day": [0.0, 0.0, 37.089, 0.0, 0.0], "h2s_kg_per_day": [0.0, 0.0, 0.0, 0.0, 0.149, 3.987, 4.945, 4.049, 3.315, 2.714, 2.222, 1.819, 1.489, 1.219, 0.998, 0.817, 0.669], "nh3_kg_per_day": [0.0, 0.0, 0.0, 0.0, 0.046, 1.246, 1.545, 1.265, 1.036, 0.848, 0.694, 0.568, 0.465, 0.381, 0.312, 0.255, 0.209], "h2s_peak_kg_day_km": 0.989, "risk_tier": "low", "exposure": {"ppm": 0.01103, "label": "faint odour", "odour_detect_ppm": 0.0005, "who_24h_ppm": 0.107, "atsdr_acute_mrl_ppm": 0.07, "osha_ceiling_ppm": 20.0}, "source": "physical"}}, {"type": "Feature", "geometry": {"type": "LineString", "coordinates": [[-66.90599, 17.964269], [-66.92499, 17.923151]]}, "properties": {"seg_id": "PU027", "name": "Gu\u00e1nica", "island": "puerto_rico", "coast": "east", "length_m": 5000.0, "lat": 17.94371, "lon": -66.91549, "kg_per_m_total": 1437.49, "kg_per_m_physical": 1437.49, "tonnes_total": 7187.452, "tonnes_by_day": [1889.962, 1401.423, 1152.591, 1957.089, 786.387], "h2s_kg_per_day": [0.0, 0.0, 26.949, 250.442, 422.356, 534.658, 712.895, 724.373, 619.26, 507.007, 415.102, 339.857, 278.251, 227.813, 186.517, 152.708, 125.026], "nh3_kg_per_day": [0.0, 0.0, 8.422, 78.263, 131.986, 167.08, 222.78, 226.367, 193.519, 158.44, 129.719, 106.205, 86.954, 71.192, 58.287, 47.721, 39.071], "h2s_peak_kg_day_km": 144.875, "risk_tier": "high", "exposure": {"ppm": 0.11103, "label": "strong odour, above health guideline levels", "odour_detect_ppm": 0.0005, "who_24h_ppm": 0.107, "atsdr_acute_mrl_ppm": 0.07, "osha_ceiling_ppm": 20.0}, "source": "physical"}}, {"type": "Feature", "geometry": {"type": "LineString", "coordinates": [[-66.905743, 17.931344], [-66.950777, 17.917876]]}, "properties": {"seg_id": "PU028", "name": "Gu\u00e1nica", "island": "puerto_rico", "coast": "south", "length_m": 5000.0, "lat": 17.92461, "lon": -66.92826, "kg_per_m_total": 502.348, "kg_per_m_physical": 502.348, "tonnes_total": 2511.738, "tonnes_by_day": [423.9, 741.611, 531.052, 753.188, 61.987], "h2s_kg_per_day": [0.0, 0.0, 2.015, 52.377, 144.707, 207.023, 266.701, 263.687, 215.889, 176.755, 144.714, 118.482, 97.005, 79.421, 65.024, 53.237, 43.587], "nh3_kg_per_day": [0.0, 0.0, 0.63, 16.368, 45.221, 64.695, 83.344, 82.402, 67.465, 55.236, 45.223, 37.026, 30.314, 24.819, 20.32, 16.637, 13.621], "h2s_peak_kg_day_km": 53.34, "risk_tier": "high", "exposure": {"ppm": 0.04285, "label": "clear rotten-egg odour", "odour_detect_ppm": 0.0005, "who_24h_ppm": 0.107, "atsdr_acute_mrl_ppm": 0.07, "osha_ceiling_ppm": 20.0}, "source": "physical"}}, {"type": "Feature", "geometry": {"type": "LineString", "coordinates": [[-66.945351, 17.927218], [-66.984569, 17.952222]]}, "properties": {"seg_id": "PU029", "name": "Gu\u00e1nica", "island": "puerto_rico", "coast": "south", "length_m": 5000.0, "lat": 17.93972, "lon": -66.96496, "kg_per_m_total": 0.0, "kg_per_m_physical": 0.0, "tonnes_total": 0.0, "tonnes_by_day": [0.0, 0.0, 0.0, 0.0, 0.0], "h2s_kg_per_day": [0.0, 0.0, 0.0, 0.0, 0.0, 0.0, 0.0, 0.0, 0.0, 0.0, 0.0, 0.0, 0.0, 0.0, 0.0, 0.0, 0.0], "nh3_kg_per_day": [0.0, 0.0, 0.0, 0.0, 0.0, 0.0, 0.0, 0.0, 0.0, 0.0, 0.0, 0.0, 0.0, 0.0, 0.0, 0.0, 0.0], "h2s_peak_kg_day_km": 0.0, "risk_tier": "minimal", "exposure": {"ppm": 0.0, "label": "not detectable", "odour_detect_ppm": 0.0005, "who_24h_ppm": 0.107, "atsdr_acute_mrl_ppm": 0.07, "osha_ceiling_ppm": 20.0}, "source": "physical"}}, {"type": "Feature", "geometry": {"type": "LineString", "coordinates": [[-66.972283, 17.959824], [-67.016757, 17.974916]]}, "properties": {"seg_id": "PU030", "name": "Lajas / La Parguera", "island": "puerto_rico", "coast": "south", "length_m": 5000.0, "lat": 17.96737, "lon": -66.99452, "kg_per_m_total": 0.0, "kg_per_m_physical": 0.0, "tonnes_total": 0.0, "tonnes_by_day": [0.0, 0.0, 0.0, 0.0, 0.0], "h2s_kg_per_day": [0.0, 0.0, 0.0, 0.0, 0.0, 0.0, 0.0, 0.0, 0.0, 0.0, 0.0, 0.0, 0.0, 0.0, 0.0, 0.0, 0.0], "nh3_kg_per_day": [0.0, 0.0, 0.0, 0.0, 0.0, 0.0, 0.0, 0.0, 0.0, 0.0, 0.0, 0.0, 0.0, 0.0, 0.0, 0.0, 0.0], "h2s_peak_kg_day_km": 0.0, "risk_tier": "minimal", "exposure": {"ppm": 0.0, "label": "not detectable", "odour_detect_ppm": 0.0005, "who_24h_ppm": 0.107, "atsdr_acute_mrl_ppm": 0.07, "osha_ceiling_ppm": 20.0}, "source": "physical"}}, {"type": "Feature", "geometry": {"type": "LineString", "coordinates": [[-66.99422, 17.961923], [-67.03832, 17.977977]]}, "properties": {"seg_id": "PU031", "name": "Lajas / La Parguera", "island": "puerto_rico", "coast": "south", "length_m": 5000.0, "lat": 17.96995, "lon": -67.01627, "kg_per_m_total": 1.793, "kg_per_m_physical": 1.793, "tonnes_total": 8.967, "tonnes_by_day": [0.0, 0.0, 0.0, 8.967, 0.0], "h2s_kg_per_day": [0.0, 0.0, 0.0, 0.0, 0.0, 0.014, 0.875, 1.216, 0.995, 0.815, 0.667, 0.546, 0.447, 0.366, 0.3, 0.245, 0.201], "nh3_kg_per_day": [0.0, 0.0, 0.0, 0.0, 0.0, 0.004, 0.273, 0.38, 0.311, 0.255, 0.208, 0.171, 0.14, 0.114, 0.094, 0.077, 0.063], "h2s_peak_kg_day_km": 0.243, "risk_tier": "minimal", "exposure": {"ppm": 0.009, "label": "faint odour", "odour_detect_ppm": 0.0005, "who_24h_ppm": 0.107, "atsdr_acute_mrl_ppm": 0.07, "osha_ceiling_ppm": 20.0}, "source": "physical"}}, {"type": "Feature", "geometry": {"type": "LineString", "coordinates": [[-67.023471, 17.965774], [-67.070509, 17.969686]]}, "properties": {"seg_id": "PU032", "name": "Lajas / La Parguera", "island": "puerto_rico", "coast": "south", "length_m": 5000.0, "lat": 17.96773, "lon": -67.04699, "kg_per_m_total": 24.746, "kg_per_m_physical": 24.746, "tonnes_total": 123.728, "tonnes_by_day": [0.0, 0.0, 0.0, 115.904, 7.824], "h2s_kg_per_day": [0.0, 0.0, 0.0, 0.0, 0.0, 0.207, 11.718, 16.835, 13.784, 11.285, 9.239, 7.565, 6.193, 5.071, 4.152, 3.399, 2.783], "nh3_kg_per_day": [0.0, 0.0, 0.0, 0.0, 0.0, 0.065, 3.662, 5.261, 4.307, 3.527, 2.887, 2.364, 1.935, 1.585, 1.297, 1.062, 0.87], "h2s_peak_kg_day_km": 3.367, "risk_tier": "moderate", "exposure": {"ppm": 0.00919, "label": "faint odour", "odour_detect_ppm": 0.0005, "who_24h_ppm": 0.107, "atsdr_acute_mrl_ppm": 0.07, "osha_ceiling_ppm": 20.0}, "source": "physical"}}, {"type": "Feature", "geometry": {"type": "LineString", "coordinates": [[-67.067776, 17.974684], [-67.106884, 17.949516]]}, "properties": {"seg_id": "PU033", "name": "Lajas / La Parguera", "island": "puerto_rico", "coast": "south", "length_m": 5000.0, "lat": 17.9621, "lon": -67.08733, "kg_per_m_total": 228.017, "kg_per_m_physical": 228.017, "tonnes_total": 1140.084, "tonnes_by_day": [253.035, 247.612, 399.969, 208.775, 30.694], "h2s_kg_per_day": [0.0, 0.0, 1.222, 29.752, 64.837, 108.405, 125.013, 115.363, 94.456, 77.334, 63.316, 51.839, 42.442, 34.748, 28.45, 23.293, 19.07], "nh3_kg_per_day": [0.0, 0.0, 0.382, 9.297, 20.262, 33.876, 39.066, 36.051, 29.518, 24.167, 19.786, 16.2, 13.263, 10.859, 8.891, 7.279, 5.959], "h2s_peak_kg_day_km": 25.003, "risk_tier": "high", "exposure": {"ppm": 0.02026, "label": "faint odour", "odour_detect_ppm": 0.0005, "who_24h_ppm": 0.107, "atsdr_acute_mrl_ppm": 0.07, "osha_ceiling_ppm": 20.0}, "source": "physical"}}, {"type": "Feature", "geometry": {"type": "LineString", "coordinates": [[-67.097553, 17.948071], [-67.144747, 17.949389]]}, "properties": {"seg_id": "PU034", "name": "Cabo Rojo / El Combate", "island": "puerto_rico", "coast": "south", "length_m": 5000.0, "lat": 17.94873, "lon": -67.12115, "kg_per_m_total": 27.404, "kg_per_m_physical": 27.404, "tonnes_total": 137.021, "tonnes_by_day": [0.0, 38.501, 18.267, 80.254, 0.0], "h2s_kg_per_day": [0.0, 0.0, 0.0, 0.143, 4.07, 7.326, 14.293, 16.355, 13.391, 10.963, 8.976, 7.349, 6.017, 4.926, 4.033, 3.302, 2.704], "nh3_kg_per_day": [0.0, 0.0, 0.0, 0.045, 1.272, 2.29, 4.467, 5.111, 4.185, 3.426, 2.805, 2.297, 1.88, 1.539, 1.26, 1.032, 0.845], "h2s_peak_kg_day_km": 3.271, "risk_tier": "moderate", "exposure": {"ppm": 0.01046, "label": "faint odour", "odour_detect_ppm": 0.0005, "who_24h_ppm": 0.107, "atsdr_acute_mrl_ppm": 0.07, "osha_ceiling_ppm": 20.0}, "source": "physical"}}, {"type": "Feature", "geometry": {"type": "LineString", "coordinates": [[-67.138102, 17.946686], [-67.183638, 17.958554]]}, "properties": {"seg_id": "PU035", "name": "Cabo Rojo / El Combate", "island": "puerto_rico", "coast": "south", "length_m": 5000.0, "lat": 17.95262, "lon": -67.16087, "kg_per_m_total": 2.079, "kg_per_m_physical": 2.079, "tonnes_total": 10.393, "tonnes_by_day": [0.0, 0.0, 0.0, 10.393, 0.0], "h2s_kg_per_day": [0.0, 0.0, 0.0, 0.0, 0.0, 0.021, 1.018, 1.407, 1.152, 0.943, 0.772, 0.632, 0.518, 0.424, 0.347, 0.284, 0.233], "nh3_kg_per_day": [0.0, 0.0, 0.0, 0.0, 0.0, 0.006, 0.318, 0.44, 0.36, 0.295, 0.241, 0.198, 0.162, 0.132, 0.108, 0.089, 0.073], "h2s_peak_kg_day_km": 0.281, "risk_tier": "minimal", "exposure": {"ppm": 0.00902, "label": "faint odour", "odour_detect_ppm": 0.0005, "who_24h_ppm": 0.107, "atsdr_acute_mrl_ppm": 0.07, "osha_ceiling_ppm": 20.0}, "source": "physical"}}, {"type": "Feature", "geometry": {"type": "LineString", "coordinates": [[-67.186448, 17.965799], [-67.197452, 17.922121]]}, "properties": {"seg_id": "PU036", "name": "Cabo Rojo / El Combate", "island": "puerto_rico", "coast": "east", "length_m": 5000.0, "lat": 17.94396, "lon": -67.19195, "kg_per_m_total": 91.323, "kg_per_m_physical": 91.323, "tonnes_total": 456.616, "tonnes_by_day": [0.0, 81.719, 205.009, 113.015, 56.873], "h2s_kg_per_day": [0.0, 0.0, 0.0, 0.075, 10.23, 36.337, 50.465, 51.5, 43.17, 35.345, 28.938, 23.692, 19.398, 15.881, 13.003, 10.646, 8.716], "nh3_kg_per_day": [0.0, 0.0, 0.0, 0.023, 3.197, 11.355, 15.77, 16.094, 13.491, 11.045, 9.043, 7.404, 6.062, 4.963, 4.063, 3.327, 2.724], "h2s_peak_kg_day_km": 10.3, "risk_tier": "moderate", "exposure": {"ppm": 0.01059, "label": "faint odour", "odour_detect_ppm": 0.0005, "who_24h_ppm": 0.107, "atsdr_acute_mrl_ppm": 0.07, "osha_ceiling_ppm": 20.0}, "source": "physical"}}, {"type": "Feature", "geometry": {"type": "LineString", "coordinates": [[-67.177483, 17.92594], [-67.213357, 17.95514]]}, "properties": {"seg_id": "PU037", "name": "Cabo Rojo / El Combate", "island": "puerto_rico", "coast": "south", "length_m": 5000.0, "lat": 17.94054, "lon": -67.19542, "kg_per_m_total": 0.0, "kg_per_m_physical": 0.0, "tonnes_total": 0.0, "tonnes_by_day": [0.0, 0.0, 0.0, 0.0, 0.0], "h2s_kg_per_day": [0.0, 0.0, 0.0, 0.0, 0.0, 0.0, 0.0, 0.0, 0.0, 0.0, 0.0, 0.0, 0.0, 0.0, 0.0, 0.0, 0.0], "nh3_kg_per_day": [0.0, 0.0, 0.0, 0.0, 0.0, 0.0, 0.0, 0.0, 0.0, 0.0, 0.0, 0.0, 0.0, 0.0, 0.0, 0.0, 0.0], "h2s_peak_kg_day_km": 0.0, "risk_tier": "minimal", "exposure": {"ppm": 0.0, "label": "not detectable", "odour_detect_ppm": 0.0005, "who_24h_ppm": 0.107, "atsdr_acute_mrl_ppm": 0.07, "osha_ceiling_ppm": 20.0}, "source": "physical"}}, {"type": "Feature", "geometry": {"type": "LineString", "coordinates": [[-67.213894, 17.945165], [-67.216426, 17.990015]]}, "properties": {"seg_id": "PU038", "name": "Cabo Rojo / El Combate", "island": "puerto_rico", "coast": "west", "length_m": 5000.0, "lat": 17.96759, "lon": -67.21516, "kg_per_m_total": 0.0, "kg_per_m_physical": 0.0, "tonnes_total": 0.0, "tonnes_by_day": [0.0, 0.0, 0.0, 0.0, 0.0], "h2s_kg_per_day": [0.0, 0.0, 0.0, 0.0, 0.0, 0.0, 0.0, 0.0, 0.0, 0.0, 0.0, 0.0, 0.0, 0.0, 0.0, 0.0, 0.0], "nh3_kg_per_day": [0.0, 0.0, 0.0, 0.0, 0.0, 0.0, 0.0, 0.0, 0.0, 0.0, 0.0, 0.0, 0.0, 0.0, 0.0, 0.0, 0.0], "h2s_peak_kg_day_km": 0.0, "risk_tier": "minimal", "exposure": {"ppm": 0.0, "label": "not detectable", "odour_detect_ppm": 0.0005, "who_24h_ppm": 0.107, "atsdr_acute_mrl_ppm": 0.07, "osha_ceiling_ppm": 20.0}, "source": "physical"}}, {"type": "Feature", "geometry": {"type": "LineString", "coordinates": [[-67.216996, 17.990491], [-67.175904, 18.012629]]}, "properties": {"seg_id": "PU039", "name": "Boquer\u00f3n", "island": "puerto_rico", "coast": "north", "length_m": 5000.0, "lat": 18.00156, "lon": -67.19645, "kg_per_m_total": 0.0, "kg_per_m_physical": 0.0, "tonnes_total": 0.0, "tonnes_by_day": [0.0, 0.0, 0.0, 0.0, 0.0], "h2s_kg_per_day": [0.0, 0.0, 0.0, 0.0, 0.0, 0.0, 0.0, 0.0, 0.0, 0.0, 0.0, 0.0, 0.0, 0.0, 0.0, 0.0, 0.0], "nh3_kg_per_day": [0.0, 0.0, 0.0, 0.0, 0.0, 0.0, 0.0, 0.0, 0.0, 0.0, 0.0, 0.0, 0.0, 0.0, 0.0, 0.0, 0.0], "h2s_peak_kg_day_km": 0.0, "risk_tier": "minimal", "exposure": {"ppm": 0.0, "label": "not detectable", "odour_detect_ppm": 0.0005, "who_24h_ppm": 0.107, "atsdr_acute_mrl_ppm": 0.07, "osha_ceiling_ppm": 20.0}, "source": "physical"}}, {"type": "Feature", "geometry": {"type": "LineString", "coordinates": [[-67.166517, 18.013959], [-67.206063, 18.038521]]}, "properties": {"seg_id": "PU040", "name": "Boquer\u00f3n", "island": "puerto_rico", "coast": "south", "length_m": 5000.0, "lat": 18.02624, "lon": -67.18629, "kg_per_m_total": 0.0, "kg_per_m_physical": 0.0, "tonnes_total": 0.0, "tonnes_by_day": [0.0, 0.0, 0.0, 0.0, 0.0], "h2s_kg_per_day": [0.0, 0.0, 0.0, 0.0, 0.0, 0.0, 0.0, 0.0, 0.0, 0.0, 0.0, 0.0, 0.0, 0.0, 0.0, 0.0, 0.0], "nh3_kg_per_day": [0.0, 0.0, 0.0, 0.0, 0.0, 0.0, 0.0, 0.0, 0.0, 0.0, 0.0, 0.0, 0.0, 0.0, 0.0, 0.0, 0.0], "h2s_peak_kg_day_km": 0.0, "risk_tier": "minimal", "exposure": {"ppm": 0.0, "label": "not detectable", "odour_detect_ppm": 0.0005, "who_24h_ppm": 0.107, "atsdr_acute_mrl_ppm": 0.07, "osha_ceiling_ppm": 20.0}, "source": "physical"}}, {"type": "Feature", "geometry": {"type": "LineString", "coordinates": [[-67.214056, 18.029835], [-67.191204, 18.069145]]}, "properties": {"seg_id": "PU041", "name": "Boquer\u00f3n", "island": "puerto_rico", "coast": "west", "length_m": 5000.0, "lat": 18.04949, "lon": -67.20263, "kg_per_m_total": 0.0, "kg_per_m_physical": 0.0, "tonnes_total": 0.0, "tonnes_by_day": [0.0, 0.0, 0.0, 0.0, 0.0], "h2s_kg_per_day": [0.0, 0.0, 0.0, 0.0, 0.0, 0.0, 0.0, 0.0, 0.0, 0.0, 0.0, 0.0, 0.0, 0.0, 0.0, 0.0, 0.0], "nh3_kg_per_day": [0.0, 0.0, 0.0, 0.0, 0.0, 0.0, 0.0, 0.0, 0.0, 0.0, 0.0, 0.0, 0.0, 0.0, 0.0, 0.0, 0.0], "h2s_peak_kg_day_km": 0.0, "risk_tier": "minimal", "exposure": {"ppm": 0.0, "label": "not detectable", "odour_detect_ppm": 0.0005, "who_24h_ppm": 0.107, "atsdr_acute_mrl_ppm": 0.07, "osha_ceiling_ppm": 20.0}, "source": "physical"}}, {"type": "Feature", "geometry": {"type": "LineString", "coordinates": [[-67.192264, 18.047462], [-67.207316, 18.090038]]}, "properties": {"seg_id": "PU042", "name": "Joyuda", "island": "puerto_rico", "coast": "west", "length_m": 5000.0, "lat": 18.06875, "lon": -67.19979, "kg_per_m_total": 0.0, "kg_per_m_physical": 0.0, "tonnes_total": 0.0, "tonnes_by_day": [0.0, 0.0, 0.0, 0.0, 0.0], "h2s_kg_per_day": [0.0, 0.0, 0.0, 0.0, 0.0, 0.0, 0.0, 0.0, 0.0, 0.0, 0.0, 0.0, 0.0, 0.0, 0.0, 0.0, 0.0], "nh3_kg_per_day": [0.0, 0.0, 0.0, 0.0, 0.0, 0.0, 0.0, 0.0, 0.0, 0.0, 0.0, 0.0, 0.0, 0.0, 0.0, 0.0, 0.0], "h2s_peak_kg_day_km": 0.0, "risk_tier": "minimal", "exposure": {"ppm": 0.0, "label": "not detectable", "odour_detect_ppm": 0.0005, "who_24h_ppm": 0.107, "atsdr_acute_mrl_ppm": 0.07, "osha_ceiling_ppm": 20.0}, "source": "physical"}}, {"type": "Feature", "geometry": {"type": "LineString", "coordinates": [[-67.192217, 18.085399], [-67.177563, 18.128101]]}, "properties": {"seg_id": "PU043", "name": "Joyuda", "island": "puerto_rico", "coast": "west", "length_m": 5000.0, "lat": 18.10675, "lon": -67.18489, "kg_per_m_total": 0.0, "kg_per_m_physical": 0.0, "tonnes_total": 0.0, "tonnes_by_day": [0.0, 0.0, 0.0, 0.0, 0.0], "h2s_kg_per_day": [0.0, 0.0, 0.0, 0.0, 0.0, 0.0, 0.0, 0.0, 0.0, 0.0, 0.0, 0.0, 0.0, 0.0, 0.0, 0.0, 0.0], "nh3_kg_per_day": [0.0, 0.0, 0.0, 0.0, 0.0, 0.0, 0.0, 0.0, 0.0, 0.0, 0.0, 0.0, 0.0, 0.0, 0.0, 0.0, 0.0], "h2s_peak_kg_day_km": 0.0, "risk_tier": "minimal", "exposure": {"ppm": 0.0, "label": "not detectable", "odour_detect_ppm": 0.0005, "who_24h_ppm": 0.107, "atsdr_acute_mrl_ppm": 0.07, "osha_ceiling_ppm": 20.0}, "source": "physical"}}, {"type": "Feature", "geometry": {"type": "LineString", "coordinates": [[-67.180453, 18.124115], [-67.177207, 18.168925]]}, "properties": {"seg_id": "PU044", "name": "Joyuda", "island": "puerto_rico", "coast": "west", "length_m": 5000.0, "lat": 18.14652, "lon": -67.17883, "kg_per_m_total": 388.082, "kg_per_m_physical": 388.082, "tonnes_total": 1940.411, "tonnes_by_day": [0.0, 449.572, 1310.552, 180.287, 0.0], "h2s_kg_per_day": [0.0, 0.0, 0.0, 0.778, 48.108, 198.121, 250.949, 207.664, 170.021, 139.201, 113.968, 93.309, 76.395, 62.547, 51.209, 41.927, 34.327], "nh3_kg_per_day": [0.0, 0.0, 0.0, 0.243, 15.034, 61.913, 78.421, 64.895, 53.132, 43.5, 35.615, 29.159, 23.874, 19.546, 16.003, 13.102, 10.727], "h2s_peak_kg_day_km": 50.19, "risk_tier": "high", "exposure": {"ppm": 0.04252, "label": "clear rotten-egg odour", "odour_detect_ppm": 0.0005, "who_24h_ppm": 0.107, "atsdr_acute_mrl_ppm": 0.07, "osha_ceiling_ppm": 20.0}, "source": "physical"}}, {"type": "Feature", "geometry": {"type": "LineString", "coordinates": [[-67.18316, 18.164282], [-67.15324, 18.199058]]}, "properties": {"seg_id": "PU045", "name": "Mayag\u00fcez", "island": "puerto_rico", "coast": "west", "length_m": 5000.0, "lat": 18.18167, "lon": -67.1682, "kg_per_m_total": 23.354, "kg_per_m_physical": 23.354, "tonnes_total": 116.772, "tonnes_by_day": [0.0, 116.772, 0.0, 0.0, 0.0], "h2s_kg_per_day": [0.0, 0.0, 0.0, 0.187, 11.39, 15.83, 12.961, 10.611, 8.688, 7.113, 5.824, 4.768, 3.904, 3.196, 2.617, 2.142, 1.754], "nh3_kg_per_day": [0.0, 0.0, 0.0, 0.059, 3.559, 4.947, 4.05, 3.316, 2.715, 2.223, 1.82, 1.49, 1.22, 0.999, 0.818, 0.67, 0.548], "h2s_peak_kg_day_km": 3.166, "risk_tier": "moderate", "exposure": {"ppm": 0.01473, "label": "faint odour", "odour_detect_ppm": 0.0005, "who_24h_ppm": 0.107, "atsdr_acute_mrl_ppm": 0.07, "osha_ceiling_ppm": 20.0}, "source": "physical"}}, {"type": "Feature", "geometry": {"type": "LineString", "coordinates": [[-67.155145, 18.197946], [-67.178475, 18.237014]]}, "properties": {"seg_id": "PU046", "name": "Mayag\u00fcez", "island": "puerto_rico", "coast": "west", "length_m": 5000.0, "lat": 18.21748, "lon": -67.16681, "kg_per_m_total": 0.0, "kg_per_m_physical": 0.0, "tonnes_total": 0.0, "tonnes_by_day": [0.0, 0.0, 0.0, 0.0, 0.0], "h2s_kg_per_day": [0.0, 0.0, 0.0, 0.0, 0.0, 0.0, 0.0, 0.0, 0.0, 0.0, 0.0, 0.0, 0.0, 0.0, 0.0, 0.0, 0.0], "nh3_kg_per_day": [0.0, 0.0, 0.0, 0.0, 0.0, 0.0, 0.0, 0.0, 0.0, 0.0, 0.0, 0.0, 0.0, 0.0, 0.0, 0.0, 0.0], "h2s_peak_kg_day_km": 0.0, "risk_tier": "minimal", "exposure": {"ppm": 0.0, "label": "not detectable", "odour_detect_ppm": 0.0005, "who_24h_ppm": 0.107, "atsdr_acute_mrl_ppm": 0.07, "osha_ceiling_ppm": 20.0}, "source": "physical"}}, {"type": "Feature", "geometry": {"type": "LineString", "coordinates": [[-67.177394, 18.235234], [-67.191766, 18.278026]]}, "properties": {"seg_id": "PU047", "name": "Mayag\u00fcez", "island": "puerto_rico", "coast": "west", "length_m": 5000.0, "lat": 18.25663, "lon": -67.18458, "kg_per_m_total": 54.225, "kg_per_m_physical": 54.225, "tonnes_total": 271.125, "tonnes_by_day": [0.0, 271.125, 0.0, 0.0, 0.0], "h2s_kg_per_day": [0.0, 0.0, 0.0, 1.081, 28.88, 36.197, 29.636, 24.264, 19.865, 16.264, 13.316, 10.902, 8.926, 7.308, 5.983, 4.899, 4.011], "nh3_kg_per_day": [0.0, 0.0, 0.0, 0.338, 9.025, 11.312, 9.261, 7.582, 6.208, 5.083, 4.161, 3.407, 2.789, 2.284, 1.87, 1.531, 1.253], "h2s_peak_kg_day_km": 7.239, "risk_tier": "moderate", "exposure": {"ppm": 0.0721, "label": "strong odour, above health guideline levels", "odour_detect_ppm": 0.0005, "who_24h_ppm": 0.107, "atsdr_acute_mrl_ppm": 0.07, "osha_ceiling_ppm": 20.0}, "source": "physical"}}, {"type": "Feature", "geometry": {"type": "LineString", "coordinates": [[-67.187497, 18.280934], [-67.231183, 18.298166]]}, "properties": {"seg_id": "PU048", "name": "A\u00f1asco / Rinc\u00f3n", "island": "puerto_rico", "coast": "south", "length_m": 5000.0, "lat": 18.28955, "lon": -67.20934, "kg_per_m_total": 11.354, "kg_per_m_physical": 11.354, "tonnes_total": 56.768, "tonnes_by_day": [0.0, 0.0, 56.768, 0.0, 0.0], "h2s_kg_per_day": [0.0, 0.0, 0.0, 0.0, 0.046, 5.227, 7.76, 6.354, 5.202, 4.259, 3.487, 2.855, 2.337, 1.914, 1.567, 1.283, 1.05], "nh3_kg_per_day": [0.0, 0.0, 0.0, 0.0, 0.014, 1.634, 2.425, 1.985, 1.626, 1.331, 1.09, 0.892, 0.73, 0.598, 0.49, 0.401, 0.328], "h2s_peak_kg_day_km": 1.552, "risk_tier": "low", "exposure": {"ppm": 0.02294, "label": "faint odour", "odour_detect_ppm": 0.0005, "who_24h_ppm": 0.107, "atsdr_acute_mrl_ppm": 0.07, "osha_ceiling_ppm": 20.0}, "source": "physical"}}, {"type": "Feature", "geometry": {"type": "LineString", "coordinates": [[-67.234498, 18.292074], [-67.257722, 18.331206]]}, "properties": {"seg_id": "PU049", "name": "A\u00f1asco / Rinc\u00f3n", "island": "puerto_rico", "coast": "west", "length_m": 5000.0, "lat": 18.31164, "lon": -67.24611, "kg_per_m_total": 0.0, "kg_per_m_physical": 0.0, "tonnes_total": 0.0, "tonnes_by_day": [0.0, 0.0, 0.0, 0.0, 0.0], "h2s_kg_per_day": [0.0, 0.0, 0.0, 0.0, 0.0, 0.0, 0.0, 0.0, 0.0, 0.0, 0.0, 0.0, 0.0, 0.0, 0.0, 0.0, 0.0], "nh3_kg_per_day": [0.0, 0.0, 0.0, 0.0, 0.0, 0.0, 0.0, 0.0, 0.0, 0.0, 0.0, 0.0, 0.0, 0.0, 0.0, 0.0, 0.0], "h2s_peak_kg_day_km": 0.0, "risk_tier": "minimal", "exposure": {"ppm": 0.0, "label": "not detectable", "odour_detect_ppm": 0.0005, "who_24h_ppm": 0.107, "atsdr_acute_mrl_ppm": 0.07, "osha_ceiling_ppm": 20.0}, "source": "physical"}}, {"type": "Feature", "geometry": {"type": "LineString", "coordinates": [[-67.264079, 18.328521], [-67.273801, 18.372479]]}, "properties": {"seg_id": "PU050", "name": "Rinc\u00f3n / Punta Hig\u00fcero", "island": "puerto_rico", "coast": "west", "length_m": 5000.0, "lat": 18.3505, "lon": -67.26894, "kg_per_m_total": 0.0, "kg_per_m_physical": 0.0, "tonnes_total": 0.0, "tonnes_by_day": [0.0, 0.0, 0.0, 0.0, 0.0], "h2s_kg_per_day": [0.0, 0.0, 0.0, 0.0, 0.0, 0.0, 0.0, 0.0, 0.0, 0.0, 0.0, 0.0, 0.0, 0.0, 0.0, 0.0, 0.0], "nh3_kg_per_day": [0.0, 0.0, 0.0, 0.0, 0.0, 0.0, 0.0, 0.0, 0.0, 0.0, 0.0, 0.0, 0.0, 0.0, 0.0, 0.0, 0.0], "h2s_peak_kg_day_km": 0.0, "risk_tier": "minimal", "exposure": {"ppm": 0.0, "label": "not detectable", "odour_detect_ppm": 0.0005, "who_24h_ppm": 0.107, "atsdr_acute_mrl_ppm": 0.07, "osha_ceiling_ppm": 20.0}, "source": "physical"}}, {"type": "Feature", "geometry": {"type": "LineString", "coordinates": [[-67.262597, 18.366112], [-67.217563, 18.379928]]}, "properties": {"seg_id": "PU051", "name": "Rinc\u00f3n / Punta Hig\u00fcero", "island": "puerto_rico", "coast": "north", "length_m": 5000.0, "lat": 18.37302, "lon": -67.24008, "kg_per_m_total": 41.665, "kg_per_m_physical": 41.665, "tonnes_total": 208.324, "tonnes_by_day": [0.0, 208.324, 0.0, 0.0, 0.0], "h2s_kg_per_day": [0.0, 0.0, 0.0, 0.557, 21.088, 28.062, 22.975, 18.811, 15.401, 12.609, 10.324, 8.452, 6.92, 5.666, 4.639, 3.798, 3.109], "nh3_kg_per_day": [0.0, 0.0, 0.0, 0.174, 6.59, 8.769, 7.18, 5.878, 4.813, 3.94, 3.226, 2.641, 2.163, 1.771, 1.45, 1.187, 0.972], "h2s_peak_kg_day_km": 5.612, "risk_tier": "moderate", "exposure": {"ppm": 0.03466, "label": "clear rotten-egg odour", "odour_detect_ppm": 0.0005, "who_24h_ppm": 0.107, "atsdr_acute_mrl_ppm": 0.07, "osha_ceiling_ppm": 20.0}, "source": "physical"}}, {"type": "Feature", "geometry": {"type": "LineString", "coordinates": [[-67.217312, 18.379492], [-67.177088, 18.403168]]}, "properties": {"seg_id": "PU052", "name": "Aguada", "island": "puerto_rico", "coast": "north", "length_m": 5000.0, "lat": 18.39133, "lon": -67.1972, "kg_per_m_total": 0.0, "kg_per_m_physical": 0.0, "tonnes_total": 0.0, "tonnes_by_day": [0.0, 0.0, 0.0, 0.0, 0.0], "h2s_kg_per_day": [0.0, 0.0, 0.0, 0.0, 0.0, 0.0, 0.0, 0.0, 0.0, 0.0, 0.0, 0.0, 0.0, 0.0, 0.0, 0.0, 0.0], "nh3_kg_per_day": [0.0, 0.0, 0.0, 0.0, 0.0, 0.0, 0.0, 0.0, 0.0, 0.0, 0.0, 0.0, 0.0, 0.0, 0.0, 0.0, 0.0], "h2s_peak_kg_day_km": 0.0, "risk_tier": "minimal", "exposure": {"ppm": 0.0, "label": "not detectable", "odour_detect_ppm": 0.0005, "who_24h_ppm": 0.107, "atsdr_acute_mrl_ppm": 0.07, "osha_ceiling_ppm": 20.0}, "source": "physical"}}, {"type": "Feature", "geometry": {"type": "LineString", "coordinates": [[-67.169603, 18.397063], [-67.149297, 18.437637]]}, "properties": {"seg_id": "PU053", "name": "Aguada", "island": "puerto_rico", "coast": "west", "length_m": 5000.0, "lat": 18.41735, "lon": -67.15945, "kg_per_m_total": 0.0, "kg_per_m_physical": 0.0, "tonnes_total": 0.0, "tonnes_by_day": [0.0, 0.0, 0.0, 0.0, 0.0], "h2s_kg_per_day": [0.0, 0.0, 0.0, 0.0, 0.0, 0.0, 0.0, 0.0, 0.0, 0.0, 0.0, 0.0, 0.0, 0.0, 0.0, 0.0, 0.0], "nh3_kg_per_day": [0.0, 0.0, 0.0, 0.0, 0.0, 0.0, 0.0, 0.0, 0.0, 0.0, 0.0, 0.0, 0.0, 0.0, 0.0, 0.0, 0.0], "h2s_peak_kg_day_km": 0.0, "risk_tier": "minimal", "exposure": {"ppm": 0.0, "label": "not detectable", "odour_detect_ppm": 0.0005, "who_24h_ppm": 0.107, "atsdr_acute_mrl_ppm": 0.07, "osha_ceiling_ppm": 20.0}, "source": "physical"}}, {"type": "Feature", "geometry": {"type": "LineString", "coordinates": [[-67.166115, 18.437571], [-67.174065, 18.481849]]}, "properties": {"seg_id": "PU054", "name": "Aguadilla / Crash Boat", "island": "puerto_rico", "coast": "west", "length_m": 5000.0, "lat": 18.45971, "lon": -67.17009, "kg_per_m_total": 0.0, "kg_per_m_physical": 0.0, "tonnes_total": 0.0, "tonnes_by_day": [0.0, 0.0, 0.0, 0.0, 0.0], "h2s_kg_per_day": [0.0, 0.0, 0.0, 0.0, 0.0, 0.0, 0.0, 0.0, 0.0, 0.0, 0.0, 0.0, 0.0, 0.0, 0.0, 0.0, 0.0], "nh3_kg_per_day": [0.0, 0.0, 0.0, 0.0, 0.0, 0.0, 0.0, 0.0, 0.0, 0.0, 0.0, 0.0, 0.0, 0.0, 0.0, 0.0, 0.0], "h2s_peak_kg_day_km": 0.0, "risk_tier": "minimal", "exposure": {"ppm": 0.0, "label": "not detectable", "odour_detect_ppm": 0.0005, "who_24h_ppm": 0.107, "atsdr_acute_mrl_ppm": 0.07, "osha_ceiling_ppm": 20.0}, "source": "physical"}}, {"type": "Feature", "geometry": {"type": "LineString", "coordinates": [[-67.170209, 18.48187], [-67.132391, 18.50891]]}, "properties": {"seg_id": "PU055", "name": "Aguadilla / Crash Boat", "island": "puerto_rico", "coast": "north", "length_m": 5000.0, "lat": 18.49539, "lon": -67.1513, "kg_per_m_total": 0.0, "kg_per_m_physical": 0.0, "tonnes_total": 0.0, "tonnes_by_day": [0.0, 0.0, 0.0, 0.0, 0.0], "h2s_kg_per_day": [0.0, 0.0, 0.0, 0.0, 0.0, 0.0, 0.0, 0.0, 0.0, 0.0, 0.0, 0.0, 0.0, 0.0, 0.0, 0.0, 0.0], "nh3_kg_per_day": [0.0, 0.0, 0.0, 0.0, 0.0, 0.0, 0.0, 0.0, 0.0, 0.0, 0.0, 0.0, 0.0, 0.0, 0.0, 0.0, 0.0], "h2s_peak_kg_day_km": 0.0, "risk_tier": "minimal", "exposure": {"ppm": 0.0, "label": "not detectable", "odour_detect_ppm": 0.0005, "who_24h_ppm": 0.107, "atsdr_acute_mrl_ppm": 0.07, "osha_ceiling_ppm": 20.0}, "source": "physical"}}, {"type": "Feature", "geometry": {"type": "LineString", "coordinates": [[-67.132187, 18.507825], [-67.084973, 18.511415]]}, "properties": {"seg_id": "PU056", "name": "Aguadilla / Crash Boat", "island": "puerto_rico", "coast": "north", "length_m": 5000.0, "lat": 18.50962, "lon": -67.10858, "kg_per_m_total": 102.098, "kg_per_m_physical": 102.098, "tonnes_total": 510.489, "tonnes_by_day": [0.0, 0.0, 0.0, 510.489, 0.0], "h2s_kg_per_day": [0.0, 0.0, 0.0, 0.0, 0.0, 1.186, 50.251, 69.056, 56.538, 46.289, 37.899, 31.029, 25.404, 20.799, 17.029, 13.942, 11.415], "nh3_kg_per_day": [0.0, 0.0, 0.0, 0.0, 0.0, 0.371, 15.704, 21.58, 17.668, 14.465, 11.843, 9.696, 7.939, 6.5, 5.322, 4.357, 3.567], "h2s_peak_kg_day_km": 13.811, "risk_tier": "high", "exposure": {"ppm": 0.01724, "label": "faint odour", "odour_detect_ppm": 0.0005, "who_24h_ppm": 0.107, "atsdr_acute_mrl_ppm": 0.07, "osha_ceiling_ppm": 20.0}, "source": "physical"}}, {"type": "Feature", "geometry": {"type": "LineString", "coordinates": [[-67.087604, 18.512256], [-67.040296, 18.510044]]}, "properties": {"seg_id": "PU057", "name": "Isabela / Jobos", "island": "puerto_rico", "coast": "north", "length_m": 5000.0, "lat": 18.51115, "lon": -67.06395, "kg_per_m_total": 167.193, "kg_per_m_physical": 167.193, "tonnes_total": 835.966, "tonnes_by_day": [0.0, 213.133, 104.064, 518.769, 0.0], "h2s_kg_per_day": [0.0, 0.0, 0.0, 0.781, 21.954, 53.581, 102.899, 95.867, 78.489, 64.262, 52.613, 43.076, 35.267, 28.875, 23.641, 19.355, 15.847], "nh3_kg_per_day": [0.0, 0.0, 0.0, 0.244, 6.861, 16.744, 32.156, 29.958, 24.528, 20.082, 16.442, 13.461, 11.021, 9.023, 7.388, 6.049, 4.952], "h2s_peak_kg_day_km": 20.58, "risk_tier": "high", "exposure": {"ppm": 0.02282, "label": "faint odour", "odour_detect_ppm": 0.0005, "who_24h_ppm": 0.107, "atsdr_acute_mrl_ppm": 0.07, "osha_ceiling_ppm": 20.0}, "source": "physical"}}, {"type": "Feature", "geometry": {"type": "LineString", "coordinates": [[-67.04146, 18.511795], [-66.99534, 18.501565]]}, "properties": {"seg_id": "PU058", "name": "Isabela / Jobos", "island": "puerto_rico", "coast": "north", "length_m": 5000.0, "lat": 18.50668, "lon": -67.0184, "kg_per_m_total": 481.411, "kg_per_m_physical": 481.411, "tonnes_total": 2407.056, "tonnes_by_day": [0.0, 98.57, 1399.783, 242.8, 665.904], "h2s_kg_per_day": [0.0, 0.0, 0.0, 0.0, 27.973, 176.128, 233.51, 269.188, 241.456, 197.687, 161.852, 132.514, 108.493, 88.827, 72.725, 59.542, 48.749], "nh3_kg_per_day": [0.0, 0.0, 0.0, 0.0, 8.741, 55.04, 72.972, 84.121, 75.455, 61.777, 50.579, 41.41, 33.904, 27.758, 22.727, 18.607, 15.234], "h2s_peak_kg_day_km": 53.838, "risk_tier": "high", "exposure": {"ppm": 0.06808, "label": "clear rotten-egg odour", "odour_detect_ppm": 0.0005, "who_24h_ppm": 0.107, "atsdr_acute_mrl_ppm": 0.07, "osha_ceiling_ppm": 20.0}, "source": "physical"}}, {"type": "Feature", "geometry": {"type": "LineString", "coordinates": [[-66.998307, 18.495738], [-66.952733, 18.483522]]}, "properties": {"seg_id": "PU059", "name": "Quebradillas", "island": "puerto_rico", "coast": "north", "length_m": 5000.0, "lat": 18.48963, "lon": -66.97552, "kg_per_m_total": 511.685, "kg_per_m_physical": 511.685, "tonnes_total": 2558.424, "tonnes_by_day": [0.0, 0.0, 434.462, 2034.248, 89.714], "h2s_kg_per_day": [0.0, 0.0, 0.0, 0.0, 0.39, 83.25, 305.786, 319.511, 264.309, 216.398, 177.171, 145.056, 118.761, 97.234, 79.608, 65.178, 53.363], "nh3_kg_per_day": [0.0, 0.0, 0.0, 0.0, 0.122, 26.016, 95.558, 99.847, 82.596, 67.624, 55.366, 45.33, 37.113, 30.386, 24.878, 20.368, 16.676], "h2s_peak_kg_day_km": 63.902, "risk_tier": "high", "exposure": {"ppm": 0.09502, "label": "strong odour, above health guideline levels", "odour_detect_ppm": 0.0005, "who_24h_ppm": 0.107, "atsdr_acute_mrl_ppm": 0.07, "osha_ceiling_ppm": 20.0}, "source": "physical"}}, {"type": "Feature", "geometry": {"type": "LineString", "coordinates": [[-66.953013, 18.487932], [-66.905947, 18.482948]]}, "properties": {"seg_id": "PU060", "name": "Quebradillas", "island": "puerto_rico", "coast": "north", "length_m": 5000.0, "lat": 18.48544, "lon": -66.92948, "kg_per_m_total": 257.232, "kg_per_m_physical": 257.232, "tonnes_total": 1286.158, "tonnes_by_day": [0.0, 0.0, 468.283, 221.24, 596.635], "h2s_kg_per_day": [0.0, 0.0, 0.0, 0.0, 1.334, 58.832, 97.407, 139.145, 143.689, 117.643, 96.318, 78.858, 64.564, 52.86, 43.278, 35.433, 29.01], "nh3_kg_per_day": [0.0, 0.0, 0.0, 0.0, 0.417, 18.385, 30.44, 43.483, 44.903, 36.763, 30.099, 24.643, 20.176, 16.519, 13.524, 11.073, 9.066], "h2s_peak_kg_day_km": 28.738, "risk_tier": "high", "exposure": {"ppm": 0.04865, "label": "clear rotten-egg odour", "odour_detect_ppm": 0.0005, "who_24h_ppm": 0.107, "atsdr_acute_mrl_ppm": 0.07, "osha_ceiling_ppm": 20.0}, "source": "physical"}}, {"type": "Feature", "geometry": {"type": "LineString", "coordinates": [[-66.906229, 18.482116], [-66.859491, 18.489364]]}, "properties": {"seg_id": "PU061", "name": "Quebradillas", "island": "puerto_rico", "coast": "north", "length_m": 5000.0, "lat": 18.48574, "lon": -66.88286, "kg_per_m_total": 0.0, "kg_per_m_physical": 0.0, "tonnes_total": 0.0, "tonnes_by_day": [0.0, 0.0, 0.0, 0.0, 0.0], "h2s_kg_per_day": [0.0, 0.0, 0.0, 0.0, 0.0, 0.0, 0.0, 0.0, 0.0, 0.0, 0.0, 0.0, 0.0, 0.0, 0.0, 0.0, 0.0], "nh3_kg_per_day": [0.0, 0.0, 0.0, 0.0, 0.0, 0.0, 0.0, 0.0, 0.0, 0.0, 0.0, 0.0, 0.0, 0.0, 0.0, 0.0, 0.0], "h2s_peak_kg_day_km": 0.0, "risk_tier": "minimal", "exposure": {"ppm": 0.0, "label": "not detectable", "odour_detect_ppm": 0.0005, "who_24h_ppm": 0.107, "atsdr_acute_mrl_ppm": 0.07, "osha_ceiling_ppm": 20.0}, "source": "physical"}}, {"type": "Feature", "geometry": {"type": "LineString", "coordinates": [[-66.86022, 18.48557], [-66.81286, 18.48549]]}, "properties": {"seg_id": "PU062", "name": "Quebradillas", "island": "puerto_rico", "coast": "north", "length_m": 5000.0, "lat": 18.48553, "lon": -66.83654, "kg_per_m_total": 95.423, "kg_per_m_physical": 95.423, "tonnes_total": 477.114, "tonnes_by_day": [0.0, 0.0, 351.339, 125.775, 0.0], "h2s_kg_per_day": [0.0, 0.0, 0.0, 0.0, 1.212, 36.463, 60.377, 55.482, 45.425, 37.19, 30.449, 24.929, 20.411, 16.711, 13.682, 11.202, 9.171], "nh3_kg_per_day": [0.0, 0.0, 0.0, 0.0, 0.379, 11.395, 18.868, 17.338, 14.195, 11.622, 9.515, 7.79, 6.378, 5.222, 4.275, 3.5, 2.866], "h2s_peak_kg_day_km": 12.075, "risk_tier": "high", "exposure": {"ppm": 0.02359, "label": "faint odour", "odour_detect_ppm": 0.0005, "who_24h_ppm": 0.107, "atsdr_acute_mrl_ppm": 0.07, "osha_ceiling_ppm": 20.0}, "source": "physical"}}, {"type": "Feature", "geometry": {"type": "LineString", "coordinates": [[-66.813804, 18.494357], [-66.767076, 18.487043]]}, "properties": {"seg_id": "PU063", "name": "Arecibo", "island": "puerto_rico", "coast": "north", "length_m": 5000.0, "lat": 18.4907, "lon": -66.79044, "kg_per_m_total": 284.899, "kg_per_m_physical": 284.899, "tonnes_total": 1424.496, "tonnes_by_day": [0.0, 485.577, 32.2, 608.379, 298.339], "h2s_kg_per_day": [0.0, 0.0, 0.0, 0.878, 49.128, 71.884, 123.393, 165.642, 144.227, 118.083, 96.678, 79.154, 64.806, 53.058, 43.44, 35.566, 29.119], "nh3_kg_per_day": [0.0, 0.0, 0.0, 0.274, 15.352, 22.464, 38.56, 51.763, 45.071, 36.901, 30.212, 24.736, 20.252, 16.581, 13.575, 11.114, 9.1], "h2s_peak_kg_day_km": 33.128, "risk_tier": "high", "exposure": {"ppm": 0.05813, "label": "clear rotten-egg odour", "odour_detect_ppm": 0.0005, "who_24h_ppm": 0.107, "atsdr_acute_mrl_ppm": 0.07, "osha_ceiling_ppm": 20.0}, "source": "physical"}}, {"type": "Feature", "geometry": {"type": "LineString", "coordinates": [[-66.770232, 18.477739], [-66.723848, 18.468681]]}, "properties": {"seg_id": "PU064", "name": "Arecibo", "island": "puerto_rico", "coast": "north", "length_m": 5000.0, "lat": 18.47321, "lon": -66.74704, "kg_per_m_total": 64.476, "kg_per_m_physical": 64.476, "tonnes_total": 322.379, "tonnes_by_day": [0.0, 0.0, 0.0, 322.379, 0.0], "h2s_kg_per_day": [0.0, 0.0, 0.0, 0.0, 0.0, 2.062, 35.712, 42.65, 34.919, 28.589, 23.407, 19.164, 15.69, 12.846, 10.517, 8.611, 7.05], "nh3_kg_per_day": [0.0, 0.0, 0.0, 0.0, 0.0, 0.644, 11.16, 13.328, 10.912, 8.934, 7.315, 5.989, 4.903, 4.014, 3.287, 2.691, 2.203], "h2s_peak_kg_day_km": 8.53, "risk_tier": "moderate", "exposure": {"ppm": 0.02279, "label": "faint odour", "odour_detect_ppm": 0.0005, "who_24h_ppm": 0.107, "atsdr_acute_mrl_ppm": 0.07, "osha_ceiling_ppm": 20.0}, "source": "physical"}}, {"type": "Feature", "geometry": {"type": "LineString", "coordinates": [[-66.693534, 18.482378], [-66.647106, 18.491242]]}, "properties": {"seg_id": "PU065", "name": "Arecibo", "island": "puerto_rico", "coast": "north", "length_m": 5000.0, "lat": 18.48681, "lon": -66.67032, "kg_per_m_total": 0.0, "kg_per_m_physical": 0.0, "tonnes_total": 0.0, "tonnes_by_day": [0.0, 0.0, 0.0, 0.0, 0.0], "h2s_kg_per_day": [0.0, 0.0, 0.0, 0.0, 0.0, 0.0, 0.0, 0.0, 0.0, 0.0, 0.0, 0.0, 0.0, 0.0, 0.0, 0.0, 0.0], "nh3_kg_per_day": [0.0, 0.0, 0.0, 0.0, 0.0, 0.0, 0.0, 0.0, 0.0, 0.0, 0.0, 0.0, 0.0, 0.0, 0.0, 0.0, 0.0], "h2s_peak_kg_day_km": 0.0, "risk_tier": "minimal", "exposure": {"ppm": 0.0, "label": "not detectable", "odour_detect_ppm": 0.0005, "who_24h_ppm": 0.107, "atsdr_acute_mrl_ppm": 0.07, "osha_ceiling_ppm": 20.0}, "source": "physical"}}, {"type": "Feature", "geometry": {"type": "LineString", "coordinates": [[-66.64951, 18.491321], [-66.60215, 18.491039]]}, "properties": {"seg_id": "PU066", "name": "Barceloneta / Punta Morillos", "island": "puerto_rico", "coast": "north", "length_m": 5000.0, "lat": 18.49118, "lon": -66.62583, "kg_per_m_total": 346.012, "kg_per_m_physical": 346.012, "tonnes_total": 1730.061, "tonnes_by_day": [687.421, 433.367, 339.579, 269.694, 0.0], "h2s_kg_per_day": [0.0, 0.0, 2.338, 71.406, 135.789, 168.378, 183.356, 163.891, 134.183, 109.859, 89.945, 73.641, 60.292, 49.363, 40.415, 33.089, 27.091], "nh3_kg_per_day": [0.0, 0.0, 0.731, 22.314, 42.434, 52.618, 57.299, 51.216, 41.932, 34.331, 28.108, 23.013, 18.841, 15.426, 12.63, 10.34, 8.466], "h2s_peak_kg_day_km": 36.671, "risk_tier": "high", "exposure": {"ppm": 0.04633, "label": "clear rotten-egg odour", "odour_detect_ppm": 0.0005, "who_24h_ppm": 0.107, "atsdr_acute_mrl_ppm": 0.07, "osha_ceiling_ppm": 20.0}, "source": "physical"}}, {"type": "Feature", "geometry": {"type": "LineString", "coordinates": [[-66.603268, 18.481349], [-66.555912, 18.481691]]}, "properties": {"seg_id": "PU067", "name": "Barceloneta / Punta Morillos", "island": "puerto_rico", "coast": "north", "length_m": 5000.0, "lat": 18.48152, "lon": -66.57959, "kg_per_m_total": 61.456, "kg_per_m_physical": 61.456, "tonnes_total": 307.282, "tonnes_by_day": [307.282, 0.0, 0.0, 0.0, 0.0], "h2s_kg_per_day": [0.0, 0.0, 6.815, 35.184, 39.567, 32.394, 26.522, 21.715, 17.778, 14.556, 11.917, 9.757, 7.988, 6.54, 5.355, 4.384, 3.589], "nh3_kg_per_day": [0.0, 0.0, 2.13, 10.995, 12.365, 10.123, 8.288, 6.786, 5.556, 4.549, 3.724, 3.049, 2.496, 2.044, 1.673, 1.37, 1.122], "h2s_peak_kg_day_km": 7.913, "risk_tier": "moderate", "exposure": {"ppm": 0.05311, "label": "clear rotten-egg odour", "odour_detect_ppm": 0.0005, "who_24h_ppm": 0.107, "atsdr_acute_mrl_ppm": 0.07, "osha_ceiling_ppm": 20.0}, "source": "physical"}}, {"type": "Feature", "geometry": {"type": "LineString", "coordinates": [[-66.560051, 18.484144], [-66.514029, 18.473556]]}, "properties": {"seg_id": "PU068", "name": "Barceloneta / Punta Morillos", "island": "puerto_rico", "coast": "north", "length_m": 5000.0, "lat": 18.47885, "lon": -66.53704, "kg_per_m_total": 318.195, "kg_per_m_physical": 318.195, "tonnes_total": 1590.975, "tonnes_by_day": [0.0, 0.0, 474.607, 899.086, 217.282], "h2s_kg_per_day": [0.0, 0.0, 0.0, 0.0, 3.035, 56.094, 164.798, 203.539, 166.79, 136.556, 111.803, 91.536, 74.944, 61.359, 50.236, 41.13, 33.674], "nh3_kg_per_day": [0.0, 0.0, 0.0, 0.0, 0.948, 17.53, 51.499, 63.606, 52.122, 42.674, 34.938, 28.605, 23.42, 19.175, 15.699, 12.853, 10.523], "h2s_peak_kg_day_km": 40.708, "risk_tier": "high", "exposure": {"ppm": 0.0397, "label": "clear rotten-egg odour", "odour_detect_ppm": 0.0005, "who_24h_ppm": 0.107, "atsdr_acute_mrl_ppm": 0.07, "osha_ceiling_ppm": 20.0}, "source": "physical"}}, {"type": "Feature", "geometry": {"type": "LineString", "coordinates": [[-66.516083, 18.478123], [-66.469937, 18.468037]]}, "properties": {"seg_id": "PU069", "name": "Barceloneta / Punta Morillos", "island": "puerto_rico", "coast": "north", "length_m": 5000.0, "lat": 18.47308, "lon": -66.49301, "kg_per_m_total": 365.945, "kg_per_m_physical": 365.945, "tonnes_total": 1829.725, "tonnes_by_day": [0.0, 0.0, 0.0, 1595.462, 234.264], "h2s_kg_per_day": [0.0, 0.0, 0.0, 0.0, 0.0, 9.023, 184.999, 243.923, 201.548, 165.013, 135.101, 110.612, 90.561, 74.145, 60.705, 49.701, 40.692], "nh3_kg_per_day": [0.0, 0.0, 0.0, 0.0, 0.0, 2.82, 57.812, 76.226, 62.984, 51.567, 42.219, 34.566, 28.3, 23.17, 18.97, 15.532, 12.716], "h2s_peak_kg_day_km": 48.785, "risk_tier": "high", "exposure": {"ppm": 0.04435, "label": "clear rotten-egg odour", "odour_detect_ppm": 0.0005, "who_24h_ppm": 0.107, "atsdr_acute_mrl_ppm": 0.07, "osha_ceiling_ppm": 20.0}, "source": "physical"}}, {"type": "Feature", "geometry": {"type": "LineString", "coordinates": [[-66.469859, 18.461837], [-66.427121, 18.481183]]}, "properties": {"seg_id": "PU070", "name": "Vega Baja / Manat\u00ed", "island": "puerto_rico", "coast": "north", "length_m": 5000.0, "lat": 18.47151, "lon": -66.44849, "kg_per_m_total": 0.0, "kg_per_m_physical": 0.0, "tonnes_total": 0.0, "tonnes_by_day": [0.0, 0.0, 0.0, 0.0, 0.0], "h2s_kg_per_day": [0.0, 0.0, 0.0, 0.0, 0.0, 0.0, 0.0, 0.0, 0.0, 0.0, 0.0, 0.0, 0.0, 0.0, 0.0, 0.0, 0.0], "nh3_kg_per_day": [0.0, 0.0, 0.0, 0.0, 0.0, 0.0, 0.0, 0.0, 0.0, 0.0, 0.0, 0.0, 0.0, 0.0, 0.0, 0.0, 0.0], "h2s_peak_kg_day_km": 0.0, "risk_tier": "minimal", "exposure": {"ppm": 0.0, "label": "not detectable", "odour_detect_ppm": 0.0005, "who_24h_ppm": 0.107, "atsdr_acute_mrl_ppm": 0.07, "osha_ceiling_ppm": 20.0}, "source": "physical"}}, {"type": "Feature", "geometry": {"type": "LineString", "coordinates": [[-66.432035, 18.485509], [-66.384725, 18.487571]]}, "properties": {"seg_id": "PU071", "name": "Vega Baja / Manat\u00ed", "island": "puerto_rico", "coast": "north", "length_m": 5000.0, "lat": 18.48654, "lon": -66.40838, "kg_per_m_total": 28.435, "kg_per_m_physical": 28.435, "tonnes_total": 142.173, "tonnes_by_day": [0.0, 0.0, 142.173, 0.0, 0.0], "h2s_kg_per_day": [0.0, 0.0, 0.0, 0.0, 0.655, 15.04, 18.984, 15.543, 12.725, 10.419, 8.53, 6.984, 5.718, 4.681, 3.833, 3.138, 2.569], "nh3_kg_per_day": [0.0, 0.0, 0.0, 0.0, 0.205, 4.7, 5.933, 4.857, 3.977, 3.256, 2.666, 2.182, 1.787, 1.463, 1.198, 0.981, 0.803], "h2s_peak_kg_day_km": 3.797, "risk_tier": "moderate", "exposure": {"ppm": 0.01281, "label": "faint odour", "odour_detect_ppm": 0.0005, "who_24h_ppm": 0.107, "atsdr_acute_mrl_ppm": 0.07, "osha_ceiling_ppm": 20.0}, "source": "physical"}}, {"type": "Feature", "geometry": {"type": "LineString", "coordinates": [[-66.396239, 18.486695], [-66.349341, 18.480445]]}, "properties": {"seg_id": "PU072", "name": "Vega Baja / Manat\u00ed", "island": "puerto_rico", "coast": "north", "length_m": 5000.0, "lat": 18.48357, "lon": -66.37279, "kg_per_m_total": 100.905, "kg_per_m_physical": 100.905, "tonnes_total": 504.523, "tonnes_by_day": [0.0, 0.0, 53.634, 419.222, 31.667], "h2s_kg_per_day": [0.0, 0.0, 0.0, 0.0, 0.008, 11.018, 55.007, 64.21, 53.855, 44.092, 36.1, 29.556, 24.198, 19.812, 16.221, 13.28, 10.873], "nh3_kg_per_day": [0.0, 0.0, 0.0, 0.0, 0.003, 3.443, 17.19, 20.066, 16.83, 13.779, 11.281, 9.236, 7.562, 6.191, 5.069, 4.15, 3.398], "h2s_peak_kg_day_km": 12.842, "risk_tier": "high", "exposure": {"ppm": 0.01047, "label": "faint odour", "odour_detect_ppm": 0.0005, "who_24h_ppm": 0.107, "atsdr_acute_mrl_ppm": 0.07, "osha_ceiling_ppm": 20.0}, "source": "physical"}}, {"type": "Feature", "geometry": {"type": "LineString", "coordinates": [[-66.354783, 18.483851], [-66.308377, 18.474889]]}, "properties": {"seg_id": "PU073", "name": "Vega Baja / Manat\u00ed", "island": "puerto_rico", "coast": "north", "length_m": 5000.0, "lat": 18.47937, "lon": -66.33158, "kg_per_m_total": 401.219, "kg_per_m_physical": 401.219, "tonnes_total": 2006.093, "tonnes_by_day": [0.0, 144.924, 221.611, 1530.131, 109.427], "h2s_kg_per_day": [0.0, 0.0, 0.0, 0.195, 15.521, 57.613, 221.302, 254.567, 208.46, 170.673, 139.735, 114.405, 93.667, 76.688, 62.787, 51.406, 42.087], "nh3_kg_per_day": [0.0, 0.0, 0.0, 0.061, 4.85, 18.004, 69.157, 79.552, 65.144, 53.335, 43.667, 35.752, 29.271, 23.965, 19.621, 16.064, 13.152], "h2s_peak_kg_day_km": 50.913, "risk_tier": "high", "exposure": {"ppm": 0.03854, "label": "clear rotten-egg odour", "odour_detect_ppm": 0.0005, "who_24h_ppm": 0.107, "atsdr_acute_mrl_ppm": 0.07, "osha_ceiling_ppm": 20.0}, "source": "physical"}}, {"type": "Feature", "geometry": {"type": "LineString", "coordinates": [[-66.311022, 18.467925], [-66.263858, 18.471955]]}, "properties": {"seg_id": "PU074", "name": "Dorado", "island": "puerto_rico", "coast": "north", "length_m": 5000.0, "lat": 18.46994, "lon": -66.28744, "kg_per_m_total": 96.458, "kg_per_m_physical": 96.458, "tonnes_total": 482.29, "tonnes_by_day": [0.0, 0.0, 482.29, 0.0, 0.0], "h2s_kg_per_day": [0.0, 0.0, 0.0, 0.0, 1.561, 49.36, 64.82, 53.07, 43.45, 35.574, 29.125, 23.846, 19.523, 15.984, 13.087, 10.715, 8.772], "nh3_kg_per_day": [0.0, 0.0, 0.0, 0.0, 0.488, 15.425, 20.256, 16.584, 13.578, 11.117, 9.102, 7.452, 6.101, 4.995, 4.09, 3.348, 2.741], "h2s_peak_kg_day_km": 12.964, "risk_tier": "high", "exposure": {"ppm": 0.01114, "label": "faint odour", "odour_detect_ppm": 0.0005, "who_24h_ppm": 0.107, "atsdr_acute_mrl_ppm": 0.07, "osha_ceiling_ppm": 20.0}, "source": "physical"}}, {"type": "Feature", "geometry": {"type": "LineString", "coordinates": [[-66.268048, 18.473369], [-66.222492, 18.461111]]}, "properties": {"seg_id": "PU075", "name": "Dorado", "island": "puerto_rico", "coast": "north", "length_m": 5000.0, "lat": 18.46724, "lon": -66.24527, "kg_per_m_total": 213.987, "kg_per_m_physical": 213.987, "tonnes_total": 1069.934, "tonnes_by_day": [0.0, 608.264, 0.0, 35.62, 426.05], "h2s_kg_per_day": [0.0, 0.0, 0.0, 0.957, 57.785, 82.772, 80.261, 110.716, 104.006, 85.153, 69.717, 57.08, 46.733, 38.262, 31.326, 25.648, 20.998], "nh3_kg_per_day": [0.0, 0.0, 0.0, 0.299, 18.058, 25.866, 25.081, 34.599, 32.502, 26.61, 21.787, 17.837, 14.604, 11.957, 9.789, 8.015, 6.562], "h2s_peak_kg_day_km": 22.143, "risk_tier": "high", "exposure": {"ppm": 0.01773, "label": "faint odour", "odour_detect_ppm": 0.0005, "who_24h_ppm": 0.107, "atsdr_acute_mrl_ppm": 0.07, "osha_ceiling_ppm": 20.0}, "source": "physical"}}, {"type": "Feature", "geometry": {"type": "LineString", "coordinates": [[-66.221605, 18.460294], [-66.174835, 18.467326]]}, "properties": {"seg_id": "PU076", "name": "Toa Baja / Cata\u00f1o", "island": "puerto_rico", "coast": "north", "length_m": 5000.0, "lat": 18.46381, "lon": -66.19822, "kg_per_m_total": 1.81, "kg_per_m_physical": 1.81, "tonnes_total": 9.05, "tonnes_by_day": [0.0, 0.0, 9.05, 0.0, 0.0], "h2s_kg_per_day": [0.0, 0.0, 0.0, 0.0, 0.02, 0.907, 1.221, 1.0, 0.819, 0.67, 0.549, 0.449, 0.368, 0.301, 0.247, 0.202, 0.165], "nh3_kg_per_day": [0.0, 0.0, 0.0, 0.0, 0.006, 0.284, 0.382, 0.313, 0.256, 0.209, 0.172, 0.14, 0.115, 0.094, 0.077, 0.063, 0.052], "h2s_peak_kg_day_km": 0.244, "risk_tier": "minimal", "exposure": {"ppm": 0.012, "label": "faint odour", "odour_detect_ppm": 0.0005, "who_24h_ppm": 0.107, "atsdr_acute_mrl_ppm": 0.07, "osha_ceiling_ppm": 20.0}, "source": "physical"}}, {"type": "Feature", "geometry": {"type": "LineString", "coordinates": [[-66.197748, 18.468746], [-66.162312, 18.438954]]}, "properties": {"seg_id": "PU077", "name": "Toa Baja / Cata\u00f1o", "island": "puerto_rico", "coast": "north", "length_m": 5000.0, "lat": 18.45385, "lon": -66.18003, "kg_per_m_total": 40.739, "kg_per_m_physical": 40.739, "tonnes_total": 203.695, "tonnes_by_day": [0.0, 0.0, 0.0, 0.0, 203.695], "h2s_kg_per_day": [0.0, 0.0, 0.0, 0.0, 0.0, 0.0, 0.613, 20.425, 27.462, 22.484, 18.408, 15.071, 12.339, 10.103, 8.271, 6.772, 5.544], "nh3_kg_per_day": [0.0, 0.0, 0.0, 0.0, 0.0, 0.0, 0.192, 6.383, 8.582, 7.026, 5.753, 4.71, 3.856, 3.157, 2.585, 2.116, 1.733], "h2s_peak_kg_day_km": 5.492, "risk_tier": "moderate", "exposure": {"ppm": 0.01107, "label": "faint odour", "odour_detect_ppm": 0.0005, "who_24h_ppm": 0.107, "atsdr_acute_mrl_ppm": 0.07, "osha_ceiling_ppm": 20.0}, "source": "physical"}}, {"type": "Feature", "geometry": {"type": "LineString", "coordinates": [[-66.163903, 18.463613], [-66.116857, 18.458507]]}, "properties": {"seg_id": "PU078", "name": "Toa Baja / Cata\u00f1o", "island": "puerto_rico", "coast": "north", "length_m": 5000.0, "lat": 18.46106, "lon": -66.14038, "kg_per_m_total": 0.0, "kg_per_m_physical": 0.0, "tonnes_total": 0.0, "tonnes_by_day": [0.0, 0.0, 0.0, 0.0, 0.0], "h2s_kg_per_day": [0.0, 0.0, 0.0, 0.0, 0.0, 0.0, 0.0, 0.0, 0.0, 0.0, 0.0, 0.0, 0.0, 0.0, 0.0, 0.0, 0.0], "nh3_kg_per_day": [0.0, 0.0, 0.0, 0.0, 0.0, 0.0, 0.0, 0.0, 0.0, 0.0, 0.0, 0.0, 0.0, 0.0, 0.0, 0.0, 0.0], "h2s_peak_kg_day_km": 0.0, "risk_tier": "minimal", "exposure": {"ppm": 0.0, "label": "not detectable", "odour_detect_ppm": 0.0005, "who_24h_ppm": 0.107, "atsdr_acute_mrl_ppm": 0.07, "osha_ceiling_ppm": 20.0}, "source": "physical"}}, {"type": "Feature", "geometry": {"type": "LineString", "coordinates": [[-66.151427, 18.451785], [-66.109613, 18.430715]]}, "properties": {"seg_id": "PU079", "name": "Toa Baja / Cata\u00f1o", "island": "puerto_rico", "coast": "north", "length_m": 5000.0, "lat": 18.44125, "lon": -66.13052, "kg_per_m_total": 0.0, "kg_per_m_physical": 0.0, "tonnes_total": 0.0, "tonnes_by_day": [0.0, 0.0, 0.0, 0.0, 0.0], "h2s_kg_per_day": [0.0, 0.0, 0.0, 0.0, 0.0, 0.0, 0.0, 0.0, 0.0, 0.0, 0.0, 0.0, 0.0, 0.0, 0.0, 0.0, 0.0], "nh3_kg_per_day": [0.0, 0.0, 0.0, 0.0, 0.0, 0.0, 0.0, 0.0, 0.0, 0.0, 0.0, 0.0, 0.0, 0.0, 0.0, 0.0, 0.0], "h2s_peak_kg_day_km": 0.0, "risk_tier": "minimal", "exposure": {"ppm": 0.0, "label": "not detectable", "odour_detect_ppm": 0.0005, "who_24h_ppm": 0.107, "atsdr_acute_mrl_ppm": 0.07, "osha_ceiling_ppm": 20.0}, "source": "physical"}}, {"type": "Feature", "geometry": {"type": "LineString", "coordinates": [[-66.126852, 18.426649], [-66.079828, 18.431851]]}, "properties": {"seg_id": "PU080", "name": "San Juan / Condado", "island": "puerto_rico", "coast": "north", "length_m": 5000.0, "lat": 18.42925, "lon": -66.10334, "kg_per_m_total": 0.0, "kg_per_m_physical": 0.0, "tonnes_total": 0.0, "tonnes_by_day": [0.0, 0.0, 0.0, 0.0, 0.0], "h2s_kg_per_day": [0.0, 0.0, 0.0, 0.0, 0.0, 0.0, 0.0, 0.0, 0.0, 0.0, 0.0, 0.0, 0.0, 0.0, 0.0, 0.0, 0.0], "nh3_kg_per_day": [0.0, 0.0, 0.0, 0.0, 0.0, 0.0, 0.0, 0.0, 0.0, 0.0, 0.0, 0.0, 0.0, 0.0, 0.0, 0.0, 0.0], "h2s_peak_kg_day_km": 0.0, "risk_tier": "minimal", "exposure": {"ppm": 0.0, "label": "not detectable", "odour_detect_ppm": 0.0005, "who_24h_ppm": 0.107, "atsdr_acute_mrl_ppm": 0.07, "osha_ceiling_ppm": 20.0}, "source": "physical"}}, {"type": "Feature", "geometry": {"type": "LineString", "coordinates": [[-66.14344, 18.458583], [-66.10008, 18.476637]]}, "properties": {"seg_id": "PU081", "name": "Toa Baja / Cata\u00f1o", "island": "puerto_rico", "coast": "north", "length_m": 5000.0, "lat": 18.46761, "lon": -66.12176, "kg_per_m_total": 0.0, "kg_per_m_physical": 0.0, "tonnes_total": 0.0, "tonnes_by_day": [0.0, 0.0, 0.0, 0.0, 0.0], "h2s_kg_per_day": [0.0, 0.0, 0.0, 0.0, 0.0, 0.0, 0.0, 0.0, 0.0, 0.0, 0.0, 0.0, 0.0, 0.0, 0.0, 0.0, 0.0], "nh3_kg_per_day": [0.0, 0.0, 0.0, 0.0, 0.0, 0.0, 0.0, 0.0, 0.0, 0.0, 0.0, 0.0, 0.0, 0.0, 0.0, 0.0, 0.0], "h2s_peak_kg_day_km": 0.0, "risk_tier": "minimal", "exposure": {"ppm": 0.0, "label": "not detectable", "odour_detect_ppm": 0.0005, "who_24h_ppm": 0.107, "atsdr_acute_mrl_ppm": 0.07, "osha_ceiling_ppm": 20.0}, "source": "physical"}}, {"type": "Feature", "geometry": {"type": "LineString", "coordinates": [[-66.06977, 18.457988], [-66.02451, 18.444792]]}, "properties": {"seg_id": "PU082", "name": "San Juan / Condado", "island": "puerto_rico", "coast": "north", "length_m": 5000.0, "lat": 18.45139, "lon": -66.04714, "kg_per_m_total": 101.933, "kg_per_m_physical": 101.933, "tonnes_total": 509.664, "tonnes_by_day": [0.0, 98.633, 124.753, 56.765, 229.512], "h2s_kg_per_day": [0.0, 0.0, 0.0, 0.193, 11.494, 29.225, 37.734, 58.131, 53.46, 43.769, 35.835, 29.339, 24.021, 19.667, 16.102, 13.183, 10.793], "nh3_kg_per_day": [0.0, 0.0, 0.0, 0.06, 3.592, 9.133, 11.792, 18.166, 16.706, 13.678, 11.198, 9.169, 7.507, 6.146, 5.032, 4.12, 3.373], "h2s_peak_kg_day_km": 11.626, "risk_tier": "moderate", "exposure": {"ppm": 0.00854, "label": "faint odour", "odour_detect_ppm": 0.0005, "who_24h_ppm": 0.107, "atsdr_acute_mrl_ppm": 0.07, "osha_ceiling_ppm": 20.0}, "source": "physical"}}, {"type": "Feature", "geometry": {"type": "LineString", "coordinates": [[-66.025652, 18.435642], [-65.981948, 18.452918]]}, "properties": {"seg_id": "PU083", "name": "Isla Verde / Carolina", "island": "puerto_rico", "coast": "north", "length_m": 5000.0, "lat": 18.44428, "lon": -66.0038, "kg_per_m_total": 0.0, "kg_per_m_physical": 0.0, "tonnes_total": 0.0, "tonnes_by_day": [0.0, 0.0, 0.0, 0.0, 0.0], "h2s_kg_per_day": [0.0, 0.0, 0.0, 0.0, 0.0, 0.0, 0.0, 0.0, 0.0, 0.0, 0.0, 0.0, 0.0, 0.0, 0.0, 0.0, 0.0], "nh3_kg_per_day": [0.0, 0.0, 0.0, 0.0, 0.0, 0.0, 0.0, 0.0, 0.0, 0.0, 0.0, 0.0, 0.0, 0.0, 0.0, 0.0, 0.0], "h2s_peak_kg_day_km": 0.0, "risk_tier": "minimal", "exposure": {"ppm": 0.0, "label": "not detectable", "odour_detect_ppm": 0.0005, "who_24h_ppm": 0.107, "atsdr_acute_mrl_ppm": 0.07, "osha_ceiling_ppm": 20.0}, "source": "physical"}}, {"type": "Feature", "geometry": {"type": "LineString", "coordinates": [[-65.991679, 18.462888], [-65.945801, 18.451772]]}, "properties": {"seg_id": "PU084", "name": "Isla Verde / Carolina", "island": "puerto_rico", "coast": "north", "length_m": 5000.0, "lat": 18.45733, "lon": -65.96874, "kg_per_m_total": 333.598, "kg_per_m_physical": 333.598, "tonnes_total": 1667.988, "tonnes_by_day": [35.898, 95.209, 364.716, 517.543, 654.622], "h2s_kg_per_day": [0.0, 0.0, 0.081, 4.205, 18.784, 71.341, 137.335, 193.054, 179.097, 146.633, 120.053, 98.291, 80.474, 65.886, 53.943, 44.165, 36.159], "nh3_kg_per_day": [0.0, 0.0, 0.025, 1.314, 5.87, 22.294, 42.917, 60.329, 55.968, 45.823, 37.516, 30.716, 25.148, 20.589, 16.857, 13.802, 11.3], "h2s_peak_kg_day_km": 38.611, "risk_tier": "high", "exposure": {"ppm": 0.01954, "label": "faint odour", "odour_detect_ppm": 0.0005, "who_24h_ppm": 0.107, "atsdr_acute_mrl_ppm": 0.07, "osha_ceiling_ppm": 20.0}, "source": "physical"}}, {"type": "Feature", "geometry": {"type": "LineString", "coordinates": [[-65.946497, 18.445672], [-65.899263, 18.448808]]}, "properties": {"seg_id": "PU085", "name": "Lo\u00edza / Pi\u00f1ones", "island": "puerto_rico", "coast": "north", "length_m": 5000.0, "lat": 18.44724, "lon": -65.92288, "kg_per_m_total": 1.246, "kg_per_m_physical": 1.246, "tonnes_total": 6.231, "tonnes_by_day": [0.0, 0.0, 6.231, 0.0, 0.0], "h2s_kg_per_day": [0.0, 0.0, 0.0, 0.0, 0.002, 0.538, 0.859, 0.703, 0.576, 0.471, 0.386, 0.316, 0.259, 0.212, 0.173, 0.142, 0.116], "nh3_kg_per_day": [0.0, 0.0, 0.0, 0.0, 0.001, 0.168, 0.268, 0.22, 0.18, 0.147, 0.121, 0.099, 0.081, 0.066, 0.054, 0.044, 0.036], "h2s_peak_kg_day_km": 0.172, "risk_tier": "minimal", "exposure": {"ppm": 0.00726, "label": "faint odour", "odour_detect_ppm": 0.0005, "who_24h_ppm": 0.107, "atsdr_acute_mrl_ppm": 0.07, "osha_ceiling_ppm": 20.0}, "source": "physical"}}, {"type": "Feature", "geometry": {"type": "LineString", "coordinates": [[-65.906178, 18.454347], [-65.863402, 18.435093]]}, "properties": {"seg_id": "PU086", "name": "Lo\u00edza / Pi\u00f1ones", "island": "puerto_rico", "coast": "north", "length_m": 5000.0, "lat": 18.44472, "lon": -65.88479, "kg_per_m_total": 389.364, "kg_per_m_physical": 389.364, "tonnes_total": 1946.821, "tonnes_by_day": [0.0, 54.901, 404.659, 1269.295, 217.966], "h2s_kg_per_day": [0.0, 0.0, 0.0, 0.808, 9.771, 91.334, 236.335, 234.184, 195.148, 159.774, 130.812, 107.099, 87.686, 71.791, 58.777, 48.123, 39.4], "nh3_kg_per_day": [0.0, 0.0, 0.0, 0.252, 3.054, 28.542, 73.855, 73.183, 60.984, 49.929, 40.879, 33.469, 27.402, 22.435, 18.368, 15.038, 12.312], "h2s_peak_kg_day_km": 47.267, "risk_tier": "high", "exposure": {"ppm": 0.02403, "label": "faint odour", "odour_detect_ppm": 0.0005, "who_24h_ppm": 0.107, "atsdr_acute_mrl_ppm": 0.07, "osha_ceiling_ppm": 20.0}, "source": "physical"}}, {"type": "Feature", "geometry": {"type": "LineString", "coordinates": [[-65.873164, 18.440358], [-65.827676, 18.427902]]}, "properties": {"seg_id": "PU087", "name": "Lo\u00edza / Pi\u00f1ones", "island": "puerto_rico", "coast": "north", "length_m": 5000.0, "lat": 18.43413, "lon": -65.85042, "kg_per_m_total": 179.87, "kg_per_m_physical": 179.87, "tonnes_total": 899.348, "tonnes_by_day": [0.0, 37.337, 540.57, 61.568, 259.873], "h2s_kg_per_day": [0.0, 0.0, 0.0, 0.126, 11.679, 72.728, 83.403, 95.712, 90.293, 73.926, 60.525, 49.554, 40.571, 33.217, 27.196, 22.266, 18.23], "nh3_kg_per_day": [0.0, 0.0, 0.0, 0.039, 3.65, 22.728, 26.064, 29.91, 28.217, 23.102, 18.914, 15.486, 12.679, 10.38, 8.499, 6.958, 5.697], "h2s_peak_kg_day_km": 19.142, "risk_tier": "high", "exposure": {"ppm": 0.01042, "label": "faint odour", "odour_detect_ppm": 0.0005, "who_24h_ppm": 0.107, "atsdr_acute_mrl_ppm": 0.07, "osha_ceiling_ppm": 20.0}, "source": "physical"}}, {"type": "Feature", "geometry": {"type": "LineString", "coordinates": [[-65.839056, 18.416429], [-65.792924, 18.406351]]}, "properties": {"seg_id": "PU088", "name": "R\u00edo Grande", "island": "puerto_rico", "coast": "north", "length_m": 5000.0, "lat": 18.41139, "lon": -65.81599, "kg_per_m_total": 188.911, "kg_per_m_physical": 188.911, "tonnes_total": 944.556, "tonnes_by_day": [8.801, 0.0, 53.076, 368.22, 514.459], "h2s_kg_per_day": [0.0, 0.0, 0.024, 0.904, 1.469, 9.989, 57.076, 111.87, 112.156, 91.826, 75.18, 61.553, 50.395, 41.26, 33.781, 27.657, 22.644], "nh3_kg_per_day": [0.0, 0.0, 0.007, 0.282, 0.459, 3.122, 17.836, 34.959, 35.049, 28.695, 23.494, 19.235, 15.748, 12.894, 10.556, 8.643, 7.076], "h2s_peak_kg_day_km": 22.431, "risk_tier": "high", "exposure": {"ppm": 0.01352, "label": "faint odour", "odour_detect_ppm": 0.0005, "who_24h_ppm": 0.107, "atsdr_acute_mrl_ppm": 0.07, "osha_ceiling_ppm": 20.0}, "source": "physical"}}, {"type": "Feature", "geometry": {"type": "LineString", "coordinates": [[-65.787575, 18.416931], [-65.753465, 18.385789]]}, "properties": {"seg_id": "PU089", "name": "R\u00edo Grande", "island": "puerto_rico", "coast": "north", "length_m": 5000.0, "lat": 18.40136, "lon": -65.77052, "kg_per_m_total": 0.0, "kg_per_m_physical": 0.0, "tonnes_total": 0.0, "tonnes_by_day": [0.0, 0.0, 0.0, 0.0, 0.0], "h2s_kg_per_day": [0.0, 0.0, 0.0, 0.0, 0.0, 0.0, 0.0, 0.0, 0.0, 0.0, 0.0, 0.0, 0.0, 0.0, 0.0, 0.0, 0.0], "nh3_kg_per_day": [0.0, 0.0, 0.0, 0.0, 0.0, 0.0, 0.0, 0.0, 0.0, 0.0, 0.0, 0.0, 0.0, 0.0, 0.0, 0.0, 0.0], "h2s_peak_kg_day_km": 0.0, "risk_tier": "minimal", "exposure": {"ppm": 0.0, "label": "not detectable", "odour_detect_ppm": 0.0005, "who_24h_ppm": 0.107, "atsdr_acute_mrl_ppm": 0.07, "osha_ceiling_ppm": 20.0}, "source": "physical"}}, {"type": "Feature", "geometry": {"type": "LineString", "coordinates": [[-65.7552, 18.387463], [-65.7085, 18.380157]]}, "properties": {"seg_id": "PU090", "name": "Luquillo", "island": "puerto_rico", "coast": "north", "length_m": 5000.0, "lat": 18.38381, "lon": -65.73185, "kg_per_m_total": 0.0, "kg_per_m_physical": 0.0, "tonnes_total": 0.0, "tonnes_by_day": [0.0, 0.0, 0.0, 0.0, 0.0], "h2s_kg_per_day": [0.0, 0.0, 0.0, 0.0, 0.0, 0.0, 0.0, 0.0, 0.0, 0.0, 0.0, 0.0, 0.0, 0.0, 0.0, 0.0, 0.0], "nh3_kg_per_day": [0.0, 0.0, 0.0, 0.0, 0.0, 0.0, 0.0, 0.0, 0.0, 0.0, 0.0, 0.0, 0.0, 0.0, 0.0, 0.0, 0.0], "h2s_peak_kg_day_km": 0.0, "risk_tier": "minimal", "exposure": {"ppm": 0.0, "label": "not detectable", "odour_detect_ppm": 0.0005, "who_24h_ppm": 0.107, "atsdr_acute_mrl_ppm": 0.07, "osha_ceiling_ppm": 20.0}, "source": "physical"}}, {"type": "Feature", "geometry": {"type": "LineString", "coordinates": [[-65.720845, 18.377289], [-65.676835, 18.360771]]}, "properties": {"seg_id": "PU091", "name": "Luquillo", "island": "puerto_rico", "coast": "north", "length_m": 5000.0, "lat": 18.36903, "lon": -65.69884, "kg_per_m_total": 0.0, "kg_per_m_physical": 0.0, "tonnes_total": 0.0, "tonnes_by_day": [0.0, 0.0, 0.0, 0.0, 0.0], "h2s_kg_per_day": [0.0, 0.0, 0.0, 0.0, 0.0, 0.0, 0.0, 0.0, 0.0, 0.0, 0.0, 0.0, 0.0, 0.0, 0.0, 0.0, 0.0], "nh3_kg_per_day": [0.0, 0.0, 0.0, 0.0, 0.0, 0.0, 0.0, 0.0, 0.0, 0.0, 0.0, 0.0, 0.0, 0.0, 0.0, 0.0, 0.0], "h2s_peak_kg_day_km": 0.0, "risk_tier": "minimal", "exposure": {"ppm": 0.0, "label": "not detectable", "odour_detect_ppm": 0.0005, "who_24h_ppm": 0.107, "atsdr_acute_mrl_ppm": 0.07, "osha_ceiling_ppm": 20.0}, "source": "physical"}}, {"type": "Feature", "geometry": {"type": "LineString", "coordinates": [[-65.681198, 18.353633], [-65.635822, 18.366387]]}, "properties": {"seg_id": "PU092", "name": "Fajardo / Las Cabezas", "island": "puerto_rico", "coast": "north", "length_m": 5000.0, "lat": 18.36001, "lon": -65.65851, "kg_per_m_total": 0.0, "kg_per_m_physical": 0.0, "tonnes_total": 0.0, "tonnes_by_day": [0.0, 0.0, 0.0, 0.0, 0.0], "h2s_kg_per_day": [0.0, 0.0, 0.0, 0.0, 0.0, 0.0, 0.0, 0.0, 0.0, 0.0, 0.0, 0.0, 0.0, 0.0, 0.0, 0.0, 0.0], "nh3_kg_per_day": [0.0, 0.0, 0.0, 0.0, 0.0, 0.0, 0.0, 0.0, 0.0, 0.0, 0.0, 0.0, 0.0, 0.0, 0.0, 0.0, 0.0], "h2s_peak_kg_day_km": 0.0, "risk_tier": "minimal", "exposure": {"ppm": 0.0, "label": "not detectable", "odour_detect_ppm": 0.0005, "who_24h_ppm": 0.107, "atsdr_acute_mrl_ppm": 0.07, "osha_ceiling_ppm": 20.0}, "source": "physical"}}, {"type": "Feature", "geometry": {"type": "LineString", "coordinates": [[-65.635793, 18.400592], [-65.598227, 18.373268]]}, "properties": {"seg_id": "PU093", "name": "Fajardo / Las Cabezas", "island": "puerto_rico", "coast": "north", "length_m": 5000.0, "lat": 18.38693, "lon": -65.61701, "kg_per_m_total": 555.256, "kg_per_m_physical": 555.256, "tonnes_total": 2776.278, "tonnes_by_day": [458.418, 497.392, 1784.924, 19.47, 16.074], "h2s_kg_per_day": [0.0, 0.0, 7.265, 65.008, 163.706, 342.816, 318.698, 263.563, 215.803, 176.684, 144.657, 118.435, 96.966, 79.389, 64.998, 53.216, 43.57], "nh3_kg_per_day": [0.0, 0.0, 2.27, 20.315, 51.158, 107.13, 99.593, 82.363, 67.438, 55.214, 45.205, 37.011, 30.302, 24.809, 20.312, 16.63, 13.616], "h2s_peak_kg_day_km": 68.563, "risk_tier": "high", "exposure": {"ppm": 0.04699, "label": "clear rotten-egg odour", "odour_detect_ppm": 0.0005, "who_24h_ppm": 0.107, "atsdr_acute_mrl_ppm": 0.07, "osha_ceiling_ppm": 20.0}, "source": "physical"}}, {"type": "Feature", "geometry": {"type": "LineString", "coordinates": [[-65.626939, 18.371764], [-65.638441, 18.328196]]}, "properties": {"seg_id": "PU094", "name": "Fajardo / Las Cabezas", "island": "puerto_rico", "coast": "east", "length_m": 5000.0, "lat": 18.34998, "lon": -65.63269, "kg_per_m_total": 818.295, "kg_per_m_physical": 818.295, "tonnes_total": 4091.476, "tonnes_by_day": [852.848, 1127.662, 1379.091, 536.031, 195.844], "h2s_kg_per_day": [0.0, 0.0, 24.377, 122.24, 280.31, 429.554, 437.787, 389.811, 322.928, 264.391, 216.465, 177.227, 145.101, 118.799, 97.264, 79.633, 65.198], "nh3_kg_per_day": [0.0, 0.0, 7.618, 38.2, 87.597, 134.236, 136.808, 121.816, 100.915, 82.622, 67.645, 55.383, 45.344, 37.125, 30.395, 24.885, 20.374], "h2s_peak_kg_day_km": 87.557, "risk_tier": "high", "exposure": {"ppm": 0.05875, "label": "clear rotten-egg odour", "odour_detect_ppm": 0.0005, "who_24h_ppm": 0.107, "atsdr_acute_mrl_ppm": 0.07, "osha_ceiling_ppm": 20.0}, "source": "physical"}}, {"type": "Feature", "geometry": {"type": "LineString", "coordinates": [[-65.635178, 18.340956], [-65.630062, 18.296304]]}, "properties": {"seg_id": "PU095", "name": "Fajardo / Sardinera", "island": "puerto_rico", "coast": "east", "length_m": 5000.0, "lat": 18.31863, "lon": -65.63262, "kg_per_m_total": 560.359, "kg_per_m_physical": 560.359, "tonnes_total": 2801.794, "tonnes_by_day": [0.0, 591.18, 439.333, 936.154, 835.128], "h2s_kg_per_day": [0.0, 0.0, 0.0, 4.991, 81.777, 156.119, 260.005, 322.483, 280.569, 229.71, 188.071, 153.979, 126.068, 103.215, 84.506, 69.187, 56.646], "nh3_kg_per_day": [0.0, 0.0, 0.0, 1.56, 25.555, 48.787, 81.252, 100.776, 87.678, 71.784, 58.772, 48.119, 39.396, 32.255, 26.408, 21.621, 17.702], "h2s_peak_kg_day_km": 64.497, "risk_tier": "high", "exposure": {"ppm": 0.04561, "label": "clear rotten-egg odour", "odour_detect_ppm": 0.0005, "who_24h_ppm": 0.107, "atsdr_acute_mrl_ppm": 0.07, "osha_ceiling_ppm": 20.0}, "source": "physical"}}, {"type": "Feature", "geometry": {"type": "LineString", "coordinates": [[-65.631657, 18.285251], [-65.626263, 18.240629]]}, "properties": {"seg_id": "PU096", "name": "Ceiba / Roosevelt Roads", "island": "puerto_rico", "coast": "east", "length_m": 5000.0, "lat": 18.26294, "lon": -65.62896, "kg_per_m_total": 3212.51, "kg_per_m_physical": 3212.51, "tonnes_total": 16062.551, "tonnes_by_day": [2214.752, 5935.304, 2708.453, 1842.608, 3361.435], "h2s_kg_per_day": [0.0, 0.0, 31.672, 406.363, 1120.461, 1380.383, 1434.935, 1566.747, 1389.382, 1137.53, 931.331, 762.509, 624.29, 511.125, 418.474, 342.617, 280.511], "nh3_kg_per_day": [0.0, 0.0, 9.897, 126.988, 350.144, 431.37, 448.417, 489.608, 434.182, 355.478, 291.041, 238.284, 195.09, 159.727, 130.773, 107.068, 87.66], "h2s_peak_kg_day_km": 313.349, "risk_tier": "high", "exposure": {"ppm": 0.28494, "label": "strong odour, above health guideline levels", "odour_detect_ppm": 0.0005, "who_24h_ppm": 0.107, "atsdr_acute_mrl_ppm": 0.07, "osha_ceiling_ppm": 20.0}, "source": "physical"}}, {"type": "Feature", "geometry": {"type": "LineString", "coordinates": [[-65.626543, 18.255563], [-65.584597, 18.234817]]}, "properties": {"seg_id": "PU097", "name": "Ceiba / Roosevelt Roads", "island": "puerto_rico", "coast": "north", "length_m": 5000.0, "lat": 18.24519, "lon": -65.60557, "kg_per_m_total": 733.987, "kg_per_m_physical": 733.987, "tonnes_total": 3669.934, "tonnes_by_day": [317.939, 486.237, 1080.984, 1568.361, 216.413], "h2s_kg_per_day": [0.0, 0.0, 5.042, 49.743, 129.317, 254.247, 410.82, 408.436, 335.512, 274.694, 224.9, 184.133, 150.755, 123.428, 101.054, 82.736, 67.739], "nh3_kg_per_day": [0.0, 0.0, 1.576, 15.545, 40.412, 79.452, 128.381, 127.636, 104.847, 85.842, 70.281, 57.541, 47.111, 38.571, 31.579, 25.855, 21.168], "h2s_peak_kg_day_km": 82.164, "risk_tier": "high", "exposure": {"ppm": 0.08578, "label": "strong odour, above health guideline levels", "odour_detect_ppm": 0.0005, "who_24h_ppm": 0.107, "atsdr_acute_mrl_ppm": 0.07, "osha_ceiling_ppm": 20.0}, "source": "physical"}}, {"type": "Feature", "geometry": {"type": "LineString", "coordinates": [[-65.585447, 18.240603], [-65.622913, 18.213197]]}, "properties": {"seg_id": "PU098", "name": "Ceiba / Roosevelt Roads", "island": "puerto_rico", "coast": "south", "length_m": 5000.0, "lat": 18.2269, "lon": -65.60418, "kg_per_m_total": 315.105, "kg_per_m_physical": 315.105, "tonnes_total": 1575.527, "tonnes_by_day": [887.177, 311.25, 106.497, 7.06, 263.542], "h2s_kg_per_day": [0.0, 0.0, 14.529, 110.544, 158.007, 148.964, 124.42, 129.011, 117.649, 96.323, 78.862, 64.567, 52.863, 43.28, 35.435, 29.012, 23.753], "nh3_kg_per_day": [0.0, 0.0, 4.54, 34.545, 49.377, 46.551, 38.881, 40.316, 36.765, 30.101, 24.644, 20.177, 16.52, 13.525, 11.073, 9.066, 7.423], "h2s_peak_kg_day_km": 31.601, "risk_tier": "high", "exposure": {"ppm": 0.03415, "label": "clear rotten-egg odour", "odour_detect_ppm": 0.0005, "who_24h_ppm": 0.107, "atsdr_acute_mrl_ppm": 0.07, "osha_ceiling_ppm": 20.0}, "source": "physical"}}, {"type": "Feature", "geometry": {"type": "LineString", "coordinates": [[-65.600994, 18.223493], [-65.643266, 18.243627]]}, "properties": {"seg_id": "PU099", "name": "Ceiba / Roosevelt Roads", "island": "puerto_rico", "coast": "south", "length_m": 5000.0, "lat": 18.23356, "lon": -65.62213, "kg_per_m_total": 0.0, "kg_per_m_physical": 0.0, "tonnes_total": 0.0, "tonnes_by_day": [0.0, 0.0, 0.0, 0.0, 0.0], "h2s_kg_per_day": [0.0, 0.0, 0.0, 0.0, 0.0, 0.0, 0.0, 0.0, 0.0, 0.0, 0.0, 0.0, 0.0, 0.0, 0.0, 0.0, 0.0], "nh3_kg_per_day": [0.0, 0.0, 0.0, 0.0, 0.0, 0.0, 0.0, 0.0, 0.0, 0.0, 0.0, 0.0, 0.0, 0.0, 0.0, 0.0, 0.0], "h2s_peak_kg_day_km": 0.0, "risk_tier": "minimal", "exposure": {"ppm": 0.0, "label": "not detectable", "odour_detect_ppm": 0.0005, "who_24h_ppm": 0.107, "atsdr_acute_mrl_ppm": 0.07, "osha_ceiling_ppm": 20.0}, "source": "physical"}}, {"type": "Feature", "geometry": {"type": "LineString", "coordinates": [[-65.648599, 18.238584], [-65.629741, 18.197396]]}, "properties": {"seg_id": "PU100", "name": "Ceiba / Roosevelt Roads", "island": "puerto_rico", "coast": "east", "length_m": 5000.0, "lat": 18.21799, "lon": -65.63917, "kg_per_m_total": 1021.313, "kg_per_m_physical": 1021.313, "tonnes_total": 5106.563, "tonnes_by_day": [638.689, 1454.619, 1223.551, 1364.948, 424.755], "h2s_kg_per_day": [0.0, 0.0, 9.786, 107.298, 301.909, 440.679, 541.514, 522.009, 435.439, 356.507, 291.883, 238.974, 195.655, 160.189, 131.152, 107.378, 87.914], "nh3_kg_per_day": [0.0, 0.0, 3.058, 33.531, 94.346, 137.712, 169.223, 163.128, 136.075, 111.409, 91.214, 74.679, 61.142, 50.059, 40.985, 33.556, 27.473], "h2s_peak_kg_day_km": 108.303, "risk_tier": "high", "exposure": {"ppm": 0.09904, "label": "strong odour, above health guideline levels", "odour_detect_ppm": 0.0005, "who_24h_ppm": 0.107, "atsdr_acute_mrl_ppm": 0.07, "osha_ceiling_ppm": 20.0}, "source": "physical"}}, {"type": "Feature", "geometry": {"type": "LineString", "coordinates": [[-65.613901, 18.207384], [-65.660759, 18.201376]]}, "properties": {"seg_id": "PU101", "name": "Ceiba / Roosevelt Roads", "island": "puerto_rico", "coast": "south", "length_m": 5000.0, "lat": 18.20438, "lon": -65.63733, "kg_per_m_total": 0.0, "kg_per_m_physical": 0.0, "tonnes_total": 0.0, "tonnes_by_day": [0.0, 0.0, 0.0, 0.0, 0.0], "h2s_kg_per_day": [0.0, 0.0, 0.0, 0.0, 0.0, 0.0, 0.0, 0.0, 0.0, 0.0, 0.0, 0.0, 0.0, 0.0, 0.0, 0.0, 0.0], "nh3_kg_per_day": [0.0, 0.0, 0.0, 0.0, 0.0, 0.0, 0.0, 0.0, 0.0, 0.0, 0.0, 0.0, 0.0, 0.0, 0.0, 0.0, 0.0], "h2s_peak_kg_day_km": 0.0, "risk_tier": "minimal", "exposure": {"ppm": 0.0, "label": "not detectable", "odour_detect_ppm": 0.0005, "who_24h_ppm": 0.107, "atsdr_acute_mrl_ppm": 0.07, "osha_ceiling_ppm": 20.0}, "source": "physical"}}, {"type": "Feature", "geometry": {"type": "LineString", "coordinates": [[-65.640696, 18.191666], [-65.669324, 18.227414]]}, "properties": {"seg_id": "PU102", "name": "Ceiba / Roosevelt Roads", "island": "puerto_rico", "coast": "west", "length_m": 5000.0, "lat": 18.20954, "lon": -65.65501, "kg_per_m_total": 0.0, "kg_per_m_physical": 0.0, "tonnes_total": 0.0, "tonnes_by_day": [0.0, 0.0, 0.0, 0.0, 0.0], "h2s_kg_per_day": [0.0, 0.0, 0.0, 0.0, 0.0, 0.0, 0.0, 0.0, 0.0, 0.0, 0.0, 0.0, 0.0, 0.0, 0.0, 0.0, 0.0], "nh3_kg_per_day": [0.0, 0.0, 0.0, 0.0, 0.0, 0.0, 0.0, 0.0, 0.0, 0.0, 0.0, 0.0, 0.0, 0.0, 0.0, 0.0, 0.0], "h2s_peak_kg_day_km": 0.0, "risk_tier": "minimal", "exposure": {"ppm": 0.0, "label": "not detectable", "odour_detect_ppm": 0.0005, "who_24h_ppm": 0.107, "atsdr_acute_mrl_ppm": 0.07, "osha_ceiling_ppm": 20.0}, "source": "physical"}}, {"type": "Feature", "geometry": {"type": "LineString", "coordinates": [[-65.649696, 18.214709], [-65.688964, 18.189691]]}, "properties": {"seg_id": "PU103", "name": "Naguabo", "island": "puerto_rico", "coast": "south", "length_m": 5000.0, "lat": 18.2022, "lon": -65.66933, "kg_per_m_total": 158.662, "kg_per_m_physical": 158.662, "tonnes_total": 793.31, "tonnes_by_day": [631.726, 147.008, 14.576, 0.0, 0.0], "h2s_kg_per_day": [0.0, 0.0, 17.735, 89.691, 100.725, 84.068, 68.833, 56.356, 46.14, 37.777, 30.929, 25.322, 20.732, 16.974, 13.897, 11.378, 9.316], "nh3_kg_per_day": [0.0, 0.0, 5.542, 28.029, 31.477, 26.271, 21.51, 17.611, 14.419, 11.805, 9.665, 7.913, 6.479, 5.304, 4.343, 3.556, 2.911], "h2s_peak_kg_day_km": 20.145, "risk_tier": "high", "exposure": {"ppm": 0.04969, "label": "clear rotten-egg odour", "odour_detect_ppm": 0.0005, "who_24h_ppm": 0.107, "atsdr_acute_mrl_ppm": 0.07, "osha_ceiling_ppm": 20.0}, "source": "physical"}}, {"type": "Feature", "geometry": {"type": "LineString", "coordinates": [[-65.681376, 18.208102], [-65.705544, 18.169498]]}, "properties": {"seg_id": "PU104", "name": "Naguabo", "island": "puerto_rico", "coast": "east", "length_m": 5000.0, "lat": 18.1888, "lon": -65.69346, "kg_per_m_total": 992.599, "kg_per_m_physical": 992.599, "tonnes_total": 4962.994, "tonnes_by_day": [2554.493, 1884.126, 397.341, 127.034, 0.0], "h2s_kg_per_day": [0.0, 0.0, 35.009, 349.883, 599.833, 563.112, 476.668, 395.031, 323.424, 264.797, 216.798, 177.499, 145.324, 118.981, 97.413, 79.755, 65.298], "nh3_kg_per_day": [0.0, 0.0, 10.94, 109.338, 187.448, 175.973, 148.959, 123.447, 101.07, 82.749, 67.749, 55.468, 45.414, 37.182, 30.442, 24.924, 20.406], "h2s_peak_kg_day_km": 119.967, "risk_tier": "high", "exposure": {"ppm": 0.10879, "label": "strong odour, above health guideline levels", "odour_detect_ppm": 0.0005, "who_24h_ppm": 0.107, "atsdr_acute_mrl_ppm": 0.07, "osha_ceiling_ppm": 20.0}, "source": "physical"}}, {"type": "Feature", "geometry": {"type": "LineString", "coordinates": [[-65.696491, 18.193286], [-65.742709, 18.183834]]}, "properties": {"seg_id": "PU105", "name": "Naguabo", "island": "puerto_rico", "coast": "south", "length_m": 5000.0, "lat": 18.18856, "lon": -65.7196, "kg_per_m_total": 0.0, "kg_per_m_physical": 0.0, "tonnes_total": 0.0, "tonnes_by_day": [0.0, 0.0, 0.0, 0.0, 0.0], "h2s_kg_per_day": [0.0, 0.0, 0.0, 0.0, 0.0, 0.0, 0.0, 0.0, 0.0, 0.0, 0.0, 0.0, 0.0, 0.0, 0.0, 0.0, 0.0], "nh3_kg_per_day": [0.0, 0.0, 0.0, 0.0, 0.0, 0.0, 0.0, 0.0, 0.0, 0.0, 0.0, 0.0, 0.0, 0.0, 0.0, 0.0, 0.0], "h2s_peak_kg_day_km": 0.0, "risk_tier": "minimal", "exposure": {"ppm": 0.0, "label": "not detectable", "odour_detect_ppm": 0.0005, "who_24h_ppm": 0.107, "atsdr_acute_mrl_ppm": 0.07, "osha_ceiling_ppm": 20.0}, "source": "physical"}}, {"type": "Feature", "geometry": {"type": "LineString", "coordinates": [[-65.735964, 18.175797], [-65.767876, 18.142663]]}, "properties": {"seg_id": "PU106", "name": "Humacao / Punta Santiago", "island": "puerto_rico", "coast": "east", "length_m": 5000.0, "lat": 18.15923, "lon": -65.75192, "kg_per_m_total": 889.272, "kg_per_m_physical": 889.272, "tonnes_total": 4446.358, "tonnes_by_day": [2074.379, 914.326, 501.458, 721.103, 235.092], "h2s_kg_per_day": [0.0, 0.0, 35.046, 273.561, 394.978, 404.492, 429.241, 398.41, 331.8, 271.655, 222.412, 182.096, 149.087, 122.062, 99.936, 81.821, 66.989], "nh3_kg_per_day": [0.0, 0.0, 10.952, 85.488, 123.431, 126.404, 134.138, 124.503, 103.687, 84.892, 69.504, 56.905, 46.59, 38.144, 31.23, 25.569, 20.934], "h2s_peak_kg_day_km": 85.848, "risk_tier": "high", "exposure": {"ppm": 0.07331, "label": "strong odour, above health guideline levels", "odour_detect_ppm": 0.0005, "who_24h_ppm": 0.107, "atsdr_acute_mrl_ppm": 0.07, "osha_ceiling_ppm": 20.0}, "source": "physical"}}, {"type": "Feature", "geometry": {"type": "LineString", "coordinates": [[-65.757037, 18.134179], [-65.799603, 18.114661]]}, "properties": {"seg_id": "PU107", "name": "Humacao / Punta Santiago", "island": "puerto_rico", "coast": "south", "length_m": 5000.0, "lat": 18.12442, "lon": -65.77832, "kg_per_m_total": 100.358, "kg_per_m_physical": 100.358, "tonnes_total": 501.789, "tonnes_by_day": [396.392, 83.747, 0.0, 21.65, 0.0], "h2s_kg_per_day": [0.0, 0.0, 1.811, 41.78, 63.01, 54.454, 46.759, 39.374, 32.236, 26.393, 21.609, 17.692, 14.485, 11.859, 9.709, 7.949, 6.508], "nh3_kg_per_day": [0.0, 0.0, 0.566, 13.056, 19.691, 17.017, 14.612, 12.304, 10.074, 8.248, 6.753, 5.529, 4.526, 3.706, 3.034, 2.484, 2.034], "h2s_peak_kg_day_km": 12.602, "risk_tier": "high", "exposure": {"ppm": 0.02628, "label": "faint odour", "odour_detect_ppm": 0.0005, "who_24h_ppm": 0.107, "atsdr_acute_mrl_ppm": 0.07, "osha_ceiling_ppm": 20.0}, "source": "physical"}}, {"type": "Feature", "geometry": {"type": "LineString", "coordinates": [[-65.784676, 18.139806], [-65.775344, 18.095774]]}, "properties": {"seg_id": "PU108", "name": "Humacao / Punta Santiago", "island": "puerto_rico", "coast": "east", "length_m": 5000.0, "lat": 18.11779, "lon": -65.78001, "kg_per_m_total": 2145.572, "kg_per_m_physical": 2145.572, "tonnes_total": 10727.859, "tonnes_by_day": [598.652, 2058.563, 3780.323, 3401.899, 888.423], "h2s_kg_per_day": [0.0, 0.0, 8.148, 98.569, 360.773, 881.626, 1227.957, 1142.748, 972.852, 796.504, 652.122, 533.913, 437.131, 357.892, 293.017, 239.902, 196.415], "nh3_kg_per_day": [0.0, 0.0, 2.546, 30.803, 112.741, 275.508, 383.737, 357.109, 304.016, 248.907, 203.788, 166.848, 136.603, 111.841, 91.568, 74.969, 61.38], "h2s_peak_kg_day_km": 245.591, "risk_tier": "high", "exposure": {"ppm": 0.20474, "label": "strong odour, above health guideline levels", "odour_detect_ppm": 0.0005, "who_24h_ppm": 0.107, "atsdr_acute_mrl_ppm": 0.07, "osha_ceiling_ppm": 20.0}, "source": "physical"}}, {"type": "Feature", "geometry": {"type": "LineString", "coordinates": [[-65.790691, 18.103253], [-65.801669, 18.059567]]}, "properties": {"seg_id": "PU109", "name": "Humacao / Punta Santiago", "island": "puerto_rico", "coast": "east", "length_m": 5000.0, "lat": 18.08141, "lon": -65.79618, "kg_per_m_total": 3747.895, "kg_per_m_physical": 3747.895, "tonnes_total": 18739.473, "tonnes_by_day": [2953.097, 2651.24, 3809.518, 5054.97, 4270.647], "h2s_kg_per_day": [0.0, 0.0, 50.674, 396.161, 788.861, 1187.667, 1721.223, 2042.341, 1755.734, 1437.474, 1176.904, 963.567, 788.902, 645.899, 528.817, 432.959, 354.477], "nh3_kg_per_day": [0.0, 0.0, 15.835, 123.8, 246.519, 371.146, 537.882, 638.231, 548.667, 449.211, 367.782, 301.115, 246.532, 201.843, 165.255, 135.3, 110.774], "h2s_peak_kg_day_km": 408.468, "risk_tier": "high", "exposure": {"ppm": 0.34971, "label": "strong odour, above health guideline levels", "odour_detect_ppm": 0.0005, "who_24h_ppm": 0.107, "atsdr_acute_mrl_ppm": 0.07, "osha_ceiling_ppm": 20.0}, "source": "physical"}}, {"type": "Feature", "geometry": {"type": "LineString", "coordinates": [[-65.793771, 18.066919], [-65.838869, 18.053541]]}, "properties": {"seg_id": "PU110", "name": "Yabucoa", "island": "puerto_rico", "coast": "south", "length_m": 5000.0, "lat": 18.06023, "lon": -65.81632, "kg_per_m_total": 99.056, "kg_per_m_physical": 99.056, "tonnes_total": 495.279, "tonnes_by_day": [425.511, 69.768, 0.0, 0.0, 0.0], "h2s_kg_per_day": [0.0, 0.0, 0.916, 42.152, 65.725, 56.324, 46.114, 37.755, 30.911, 25.308, 20.72, 16.964, 13.889, 11.372, 9.31, 7.623, 6.241], "nh3_kg_per_day": [0.0, 0.0, 0.286, 13.172, 20.539, 17.601, 14.411, 11.798, 9.66, 7.909, 6.475, 5.301, 4.34, 3.554, 2.909, 2.382, 1.95], "h2s_peak_kg_day_km": 13.145, "risk_tier": "high", "exposure": {"ppm": 0.03118, "label": "clear rotten-egg odour", "odour_detect_ppm": 0.0005, "who_24h_ppm": 0.107, "atsdr_acute_mrl_ppm": 0.07, "osha_ceiling_ppm": 20.0}, "source": "physical"}}, {"type": "Feature", "geometry": {"type": "LineString", "coordinates": [[-65.832966, 18.057692], [-65.830294, 18.012848]]}, "properties": {"seg_id": "PU111", "name": "Yabucoa", "island": "puerto_rico", "coast": "east", "length_m": 5000.0, "lat": 18.03527, "lon": -65.83163, "kg_per_m_total": 3105.303, "kg_per_m_physical": 3105.303, "tonnes_total": 15526.517, "tonnes_by_day": [2218.763, 3014.984, 4432.898, 3543.468, 2316.404], "h2s_kg_per_day": [0.0, 0.0, 43.959, 312.493, 766.085, 1268.992, 1554.713, 1613.311, 1376.145, 1126.692, 922.457, 755.244, 618.342, 506.255, 414.487, 339.353, 277.839], "nh3_kg_per_day": [0.0, 0.0, 13.737, 97.654, 239.402, 396.56, 485.848, 504.16, 430.045, 352.091, 288.268, 236.014, 193.232, 158.205, 129.527, 106.048, 86.825], "h2s_peak_kg_day_km": 322.662, "risk_tier": "high", "exposure": {"ppm": 0.28259, "label": "strong odour, above health guideline levels", "odour_detect_ppm": 0.0005, "who_24h_ppm": 0.107, "atsdr_acute_mrl_ppm": 0.07, "osha_ceiling_ppm": 20.0}, "source": "physical"}}, {"type": "Feature", "geometry": {"type": "LineString", "coordinates": [[-65.82953, 18.014851], [-65.87519, 18.003369]]}, "properties": {"seg_id": "PU112", "name": "Yabucoa", "island": "puerto_rico", "coast": "south", "length_m": 5000.0, "lat": 18.00911, "lon": -65.85236, "kg_per_m_total": 19.751, "kg_per_m_physical": 19.751, "tonnes_total": 98.757, "tonnes_by_day": [98.757, 0.0, 0.0, 0.0, 0.0], "h2s_kg_per_day": [0.0, 0.0, 0.119, 9.366, 13.444, 11.007, 9.012, 7.378, 6.041, 4.946, 4.049, 3.315, 2.714, 2.222, 1.819, 1.49, 1.22], "nh3_kg_per_day": [0.0, 0.0, 0.037, 2.927, 4.201, 3.44, 2.816, 2.306, 1.888, 1.546, 1.265, 1.036, 0.848, 0.694, 0.569, 0.465, 0.381], "h2s_peak_kg_day_km": 2.689, "risk_tier": "low", "exposure": {"ppm": 0.03654, "label": "clear rotten-egg odour", "odour_detect_ppm": 0.0005, "who_24h_ppm": 0.107, "atsdr_acute_mrl_ppm": 0.07, "osha_ceiling_ppm": 20.0}, "source": "physical"}}, {"type": "Feature", "geometry": {"type": "LineString", "coordinates": [[-65.86814, 18.001925], [-65.9067, 17.975995]]}, "properties": {"seg_id": "PU113", "name": "Maunabo / Punta Tuna", "island": "puerto_rico", "coast": "south", "length_m": 5000.0, "lat": 17.98896, "lon": -65.88742, "kg_per_m_total": 502.312, "kg_per_m_physical": 502.312, "tonnes_total": 2511.561, "tonnes_by_day": [451.026, 1519.293, 132.614, 224.098, 184.531], "h2s_kg_per_day": [0.0, 0.0, 0.991, 67.865, 241.977, 261.67, 252.984, 235.834, 193.237, 158.209, 129.531, 106.051, 86.827, 71.088, 58.202, 47.652, 39.014], "nh3_kg_per_day": [0.0, 0.0, 0.31, 21.208, 75.618, 81.772, 79.057, 73.698, 60.387, 49.44, 40.478, 33.141, 27.133, 22.215, 18.188, 14.891, 12.192], "h2s_peak_kg_day_km": 52.334, "risk_tier": "high", "exposure": {"ppm": 0.05111, "label": "clear rotten-egg odour", "odour_detect_ppm": 0.0005, "who_24h_ppm": 0.107, "atsdr_acute_mrl_ppm": 0.07, "osha_ceiling_ppm": 20.0}, "source": "physical"}}, {"type": "Feature", "geometry": {"type": "LineString", "coordinates": [[-65.905625, 17.980707], [-65.951355, 17.969513]]}, "properties": {"seg_id": "PU114", "name": "Maunabo / Punta Tuna", "island": "puerto_rico", "coast": "south", "length_m": 5000.0, "lat": 17.97511, "lon": -65.92849, "kg_per_m_total": 0.0, "kg_per_m_physical": 0.0, "tonnes_total": 0.0, "tonnes_by_day": [0.0, 0.0, 0.0, 0.0, 0.0], "h2s_kg_per_day": [0.0, 0.0, 0.0, 0.0, 0.0, 0.0, 0.0, 0.0, 0.0, 0.0, 0.0, 0.0, 0.0, 0.0, 0.0, 0.0, 0.0], "nh3_kg_per_day": [0.0, 0.0, 0.0, 0.0, 0.0, 0.0, 0.0, 0.0, 0.0, 0.0, 0.0, 0.0, 0.0, 0.0, 0.0, 0.0, 0.0], "h2s_peak_kg_day_km": 0.0, "risk_tier": "minimal", "exposure": {"ppm": 0.0, "label": "not detectable", "odour_detect_ppm": 0.0005, "who_24h_ppm": 0.107, "atsdr_acute_mrl_ppm": 0.07, "osha_ceiling_ppm": 20.0}, "source": "physical"}}, {"type": "Feature", "geometry": {"type": "LineString", "coordinates": [[-65.949871, 17.967584], [-65.996709, 17.973276]]}, "properties": {"seg_id": "PU115", "name": "Patillas", "island": "puerto_rico", "coast": "south", "length_m": 5000.0, "lat": 17.97043, "lon": -65.97329, "kg_per_m_total": 0.0, "kg_per_m_physical": 0.0, "tonnes_total": 0.0, "tonnes_by_day": [0.0, 0.0, 0.0, 0.0, 0.0], "h2s_kg_per_day": [0.0, 0.0, 0.0, 0.0, 0.0, 0.0, 0.0, 0.0, 0.0, 0.0, 0.0, 0.0, 0.0, 0.0, 0.0, 0.0, 0.0], "nh3_kg_per_day": [0.0, 0.0, 0.0, 0.0, 0.0, 0.0, 0.0, 0.0, 0.0, 0.0, 0.0, 0.0, 0.0, 0.0, 0.0, 0.0, 0.0], "h2s_peak_kg_day_km": 0.0, "risk_tier": "minimal", "exposure": {"ppm": 0.0, "label": "not detectable", "odour_detect_ppm": 0.0005, "who_24h_ppm": 0.107, "atsdr_acute_mrl_ppm": 0.07, "osha_ceiling_ppm": 20.0}, "source": "physical"}}, {"type": "Feature", "geometry": {"type": "LineString", "coordinates": [[-65.581065, 18.100133], [-65.556435, 18.138467]]}, "properties": {"seg_id": "VI000", "name": "Vieques / Green Beach", "island": "vieques", "coast": "west", "length_m": 5000.0, "lat": 18.1193, "lon": -65.56875, "kg_per_m_total": 0.0, "kg_per_m_physical": 0.0, "tonnes_total": 0.0, "tonnes_by_day": [0.0, 0.0, 0.0, 0.0, 0.0], "h2s_kg_per_day": [0.0, 0.0, 0.0, 0.0, 0.0, 0.0, 0.0, 0.0, 0.0, 0.0, 0.0, 0.0, 0.0, 0.0, 0.0, 0.0, 0.0], "nh3_kg_per_day": [0.0, 0.0, 0.0, 0.0, 0.0, 0.0, 0.0, 0.0, 0.0, 0.0, 0.0, 0.0, 0.0, 0.0, 0.0, 0.0, 0.0], "h2s_peak_kg_day_km": 0.0, "risk_tier": "minimal", "exposure": {"ppm": 0.0, "label": "not detectable", "odour_detect_ppm": 0.0005, "who_24h_ppm": 0.107, "atsdr_acute_mrl_ppm": 0.07, "osha_ceiling_ppm": 20.0}, "source": "physical"}}, {"type": "Feature", "geometry": {"type": "LineString", "coordinates": [[-65.547559, 18.114328], [-65.506621, 18.136772]]}, "properties": {"seg_id": "VI001", "name": "Vieques / Green Beach", "island": "vieques", "coast": "north", "length_m": 5000.0, "lat": 18.12555, "lon": -65.52709, "kg_per_m_total": 0.0, "kg_per_m_physical": 0.0, "tonnes_total": 0.0, "tonnes_by_day": [0.0, 0.0, 0.0, 0.0, 0.0], "h2s_kg_per_day": [0.0, 0.0, 0.0, 0.0, 0.0, 0.0, 0.0, 0.0, 0.0, 0.0, 0.0, 0.0, 0.0, 0.0, 0.0, 0.0, 0.0], "nh3_kg_per_day": [0.0, 0.0, 0.0, 0.0, 0.0, 0.0, 0.0, 0.0, 0.0, 0.0, 0.0, 0.0, 0.0, 0.0, 0.0, 0.0, 0.0], "h2s_peak_kg_day_km": 0.0, "risk_tier": "minimal", "exposure": {"ppm": 0.0, "label": "not detectable", "odour_detect_ppm": 0.0005, "who_24h_ppm": 0.107, "atsdr_acute_mrl_ppm": 0.07, "osha_ceiling_ppm": 20.0}, "source": "physical"}}, {"type": "Feature", "geometry": {"type": "LineString", "coordinates": [[-65.533639, 18.145882], [-65.487241, 18.137318]]}, "properties": {"seg_id": "VI002", "name": "Vieques / Green Beach", "island": "vieques", "coast": "north", "length_m": 5000.0, "lat": 18.1416, "lon": -65.51044, "kg_per_m_total": 110.231, "kg_per_m_physical": 110.231, "tonnes_total": 551.154, "tonnes_by_day": [0.0, 0.0, 0.0, 54.454, 496.7], "h2s_kg_per_day": [0.0, 0.0, 0.0, 0.0, 0.0, 1.23, 11.646, 63.423, 70.793, 57.96, 47.454, 38.852, 31.809, 26.043, 21.322, 17.457, 14.293], "nh3_kg_per_day": [0.0, 0.0, 0.0, 0.0, 0.0, 0.385, 3.639, 19.82, 22.123, 18.113, 14.829, 12.141, 9.94, 8.139, 6.663, 5.455, 4.467], "h2s_peak_kg_day_km": 14.159, "risk_tier": "high", "exposure": {"ppm": 0.01775, "label": "faint odour", "odour_detect_ppm": 0.0005, "who_24h_ppm": 0.107, "atsdr_acute_mrl_ppm": 0.07, "osha_ceiling_ppm": 20.0}, "source": "physical"}}, {"type": "Feature", "geometry": {"type": "LineString", "coordinates": [[-65.496635, 18.136754], [-65.450765, 18.147586]]}, "properties": {"seg_id": "VI003", "name": "Vieques / Isabel Segunda", "island": "vieques", "coast": "north", "length_m": 5000.0, "lat": 18.14217, "lon": -65.4737, "kg_per_m_total": 0.925, "kg_per_m_physical": 0.925, "tonnes_total": 4.624, "tonnes_by_day": [0.0, 0.0, 4.624, 0.0, 0.0], "h2s_kg_per_day": [0.0, 0.0, 0.0, 0.0, 0.006, 0.439, 0.629, 0.515, 0.422, 0.345, 0.283, 0.231, 0.19, 0.155, 0.127, 0.104, 0.085], "nh3_kg_per_day": [0.0, 0.0, 0.0, 0.0, 0.002, 0.137, 0.197, 0.161, 0.132, 0.108, 0.088, 0.072, 0.059, 0.048, 0.04, 0.033, 0.027], "h2s_peak_kg_day_km": 0.126, "risk_tier": "minimal", "exposure": {"ppm": 0.01559, "label": "faint odour", "odour_detect_ppm": 0.0005, "who_24h_ppm": 0.107, "atsdr_acute_mrl_ppm": 0.07, "osha_ceiling_ppm": 20.0}, "source": "physical"}}, {"type": "Feature", "geometry": {"type": "LineString", "coordinates": [[-65.455512, 18.150145], [-65.411568, 18.166695]]}, "properties": {"seg_id": "VI004", "name": "Vieques / Isabel Segunda", "island": "vieques", "coast": "north", "length_m": 5000.0, "lat": 18.15842, "lon": -65.43354, "kg_per_m_total": 0.0, "kg_per_m_physical": 0.0, "tonnes_total": 0.0, "tonnes_by_day": [0.0, 0.0, 0.0, 0.0, 0.0], "h2s_kg_per_day": [0.0, 0.0, 0.0, 0.0, 0.0, 0.0, 0.0, 0.0, 0.0, 0.0, 0.0, 0.0, 0.0, 0.0, 0.0, 0.0, 0.0], "nh3_kg_per_day": [0.0, 0.0, 0.0, 0.0, 0.0, 0.0, 0.0, 0.0, 0.0, 0.0, 0.0, 0.0, 0.0, 0.0, 0.0, 0.0, 0.0], "h2s_peak_kg_day_km": 0.0, "risk_tier": "minimal", "exposure": {"ppm": 0.0, "label": "not detectable", "odour_detect_ppm": 0.0005, "who_24h_ppm": 0.107, "atsdr_acute_mrl_ppm": 0.07, "osha_ceiling_ppm": 20.0}, "source": "physical"}}, {"type": "Feature", "geometry": {"type": "LineString", "coordinates": [[-65.410389, 18.162498], [-65.363391, 18.157682]]}, "properties": {"seg_id": "VI005", "name": "Vieques / Isabel Segunda", "island": "vieques", "coast": "north", "length_m": 5000.0, "lat": 18.16009, "lon": -65.38689, "kg_per_m_total": 49.011, "kg_per_m_physical": 49.011, "tonnes_total": 245.054, "tonnes_by_day": [0.0, 2.495, 180.37, 62.188, 0.0], "h2s_kg_per_day": [0.0, 0.0, 0.0, 0.017, 2.103, 24.096, 32.809, 26.926, 22.045, 18.049, 14.777, 12.099, 9.906, 8.11, 6.64, 5.436, 4.451], "nh3_kg_per_day": [0.0, 0.0, 0.0, 0.005, 0.657, 7.53, 10.253, 8.414, 6.889, 5.64, 4.618, 3.781, 3.095, 2.534, 2.075, 1.699, 1.391], "h2s_peak_kg_day_km": 6.562, "risk_tier": "moderate", "exposure": {"ppm": 0.01373, "label": "faint odour", "odour_detect_ppm": 0.0005, "who_24h_ppm": 0.107, "atsdr_acute_mrl_ppm": 0.07, "osha_ceiling_ppm": 20.0}, "source": "physical"}}, {"type": "Feature", "geometry": {"type": "LineString", "coordinates": [[-65.366296, 18.155771], [-65.320244, 18.145649]]}, "properties": {"seg_id": "VI006", "name": "Vieques / Punta Este", "island": "vieques", "coast": "north", "length_m": 5000.0, "lat": 18.15071, "lon": -65.34327, "kg_per_m_total": 0.381, "kg_per_m_physical": 0.381, "tonnes_total": 1.906, "tonnes_by_day": [0.0, 1.906, 0.0, 0.0, 0.0], "h2s_kg_per_day": [0.0, 0.0, 0.0, 0.107, 0.27, 0.224, 0.184, 0.15, 0.123, 0.101, 0.082, 0.068, 0.055, 0.045, 0.037, 0.03, 0.025], "nh3_kg_per_day": [0.0, 0.0, 0.0, 0.033, 0.084, 0.07, 0.057, 0.047, 0.038, 0.031, 0.026, 0.021, 0.017, 0.014, 0.012, 0.009, 0.008], "h2s_peak_kg_day_km": 0.054, "risk_tier": "minimal", "exposure": {"ppm": 0.02709, "label": "faint odour", "odour_detect_ppm": 0.0005, "who_24h_ppm": 0.107, "atsdr_acute_mrl_ppm": 0.07, "osha_ceiling_ppm": 20.0}, "source": "physical"}}, {"type": "Feature", "geometry": {"type": "LineString", "coordinates": [[-65.323658, 18.146403], [-65.276962, 18.139457]]}, "properties": {"seg_id": "VI007", "name": "Vieques / Punta Este", "island": "vieques", "coast": "north", "length_m": 5000.0, "lat": 18.14293, "lon": -65.30031, "kg_per_m_total": 0.0, "kg_per_m_physical": 0.0, "tonnes_total": 0.0, "tonnes_by_day": [0.0, 0.0, 0.0, 0.0, 0.0], "h2s_kg_per_day": [0.0, 0.0, 0.0, 0.0, 0.0, 0.0, 0.0, 0.0, 0.0, 0.0, 0.0, 0.0, 0.0, 0.0, 0.0, 0.0, 0.0], "nh3_kg_per_day": [0.0, 0.0, 0.0, 0.0, 0.0, 0.0, 0.0, 0.0, 0.0, 0.0, 0.0, 0.0, 0.0, 0.0, 0.0, 0.0, 0.0], "h2s_peak_kg_day_km": 0.0, "risk_tier": "minimal", "exposure": {"ppm": 0.0, "label": "not detectable", "odour_detect_ppm": 0.0005, "who_24h_ppm": 0.107, "atsdr_acute_mrl_ppm": 0.07, "osha_ceiling_ppm": 20.0}, "source": "physical"}}, {"type": "Feature", "geometry": {"type": "LineString", "coordinates": [[-65.256949, 18.148361], [-65.286671, 18.113439]]}, "properties": {"seg_id": "VI008", "name": "Vieques / Punta Este", "island": "vieques", "coast": "east", "length_m": 5000.0, "lat": 18.1309, "lon": -65.27181, "kg_per_m_total": 0.0, "kg_per_m_physical": 0.0, "tonnes_total": 0.0, "tonnes_by_day": [0.0, 0.0, 0.0, 0.0, 0.0], "h2s_kg_per_day": [0.0, 0.0, 0.0, 0.0, 0.0, 0.0, 0.0, 0.0, 0.0, 0.0, 0.0, 0.0, 0.0, 0.0, 0.0, 0.0, 0.0], "nh3_kg_per_day": [0.0, 0.0, 0.0, 0.0, 0.0, 0.0, 0.0, 0.0, 0.0, 0.0, 0.0, 0.0, 0.0, 0.0, 0.0, 0.0, 0.0], "h2s_peak_kg_day_km": 0.0, "risk_tier": "minimal", "exposure": {"ppm": 0.0, "label": "not detectable", "odour_detect_ppm": 0.0005, "who_24h_ppm": 0.107, "atsdr_acute_mrl_ppm": 0.07, "osha_ceiling_ppm": 20.0}, "source": "physical"}}, {"type": "Feature", "geometry": {"type": "LineString", "coordinates": [[-65.314195, 18.128792], [-65.356725, 18.109208]]}, "properties": {"seg_id": "VI009", "name": "Vieques / Punta Este", "island": "vieques", "coast": "south", "length_m": 5000.0, "lat": 18.119, "lon": -65.33546, "kg_per_m_total": 1.123, "kg_per_m_physical": 1.123, "tonnes_total": 5.615, "tonnes_by_day": [5.615, 0.0, 0.0, 0.0, 0.0], "h2s_kg_per_day": [0.0, 0.0, 0.137, 0.756, 0.7, 0.573, 0.469, 0.384, 0.315, 0.258, 0.211, 0.173, 0.141, 0.116, 0.095, 0.078, 0.064], "nh3_kg_per_day": [0.0, 0.0, 0.043, 0.236, 0.219, 0.179, 0.147, 0.12, 0.098, 0.081, 0.066, 0.054, 0.044, 0.036, 0.03, 0.024, 0.02], "h2s_peak_kg_day_km": 0.151, "risk_tier": "minimal", "exposure": {"ppm": 0.06855, "label": "clear rotten-egg odour", "odour_detect_ppm": 0.0005, "who_24h_ppm": 0.107, "atsdr_acute_mrl_ppm": 0.07, "osha_ceiling_ppm": 20.0}, "source": "physical"}}, {"type": "Feature", "geometry": {"type": "LineString", "coordinates": [[-65.334416, 18.103575], [-65.362464, 18.139725]]}, "properties": {"seg_id": "VI010", "name": "Vieques / Punta Este", "island": "vieques", "coast": "west", "length_m": 5000.0, "lat": 18.12165, "lon": -65.34844, "kg_per_m_total": 0.0, "kg_per_m_physical": 0.0, "tonnes_total": 0.0, "tonnes_by_day": [0.0, 0.0, 0.0, 0.0, 0.0], "h2s_kg_per_day": [0.0, 0.0, 0.0, 0.0, 0.0, 0.0, 0.0, 0.0, 0.0, 0.0, 0.0, 0.0, 0.0, 0.0, 0.0, 0.0, 0.0], "nh3_kg_per_day": [0.0, 0.0, 0.0, 0.0, 0.0, 0.0, 0.0, 0.0, 0.0, 0.0, 0.0, 0.0, 0.0, 0.0, 0.0, 0.0, 0.0], "h2s_peak_kg_day_km": 0.0, "risk_tier": "minimal", "exposure": {"ppm": 0.0, "label": "not detectable", "odour_detect_ppm": 0.0005, "who_24h_ppm": 0.107, "atsdr_acute_mrl_ppm": 0.07, "osha_ceiling_ppm": 20.0}, "source": "physical"}}, {"type": "Feature", "geometry": {"type": "LineString", "coordinates": [[-65.357798, 18.136421], [-65.388082, 18.101939]]}, "properties": {"seg_id": "VI011", "name": "Vieques / Sun Bay", "island": "vieques", "coast": "east", "length_m": 5000.0, "lat": 18.11918, "lon": -65.37294, "kg_per_m_total": 304.613, "kg_per_m_physical": 304.613, "tonnes_total": 1523.066, "tonnes_by_day": [628.348, 606.94, 224.287, 63.492, 0.0], "h2s_kg_per_day": [0.0, 0.0, 7.301, 90.837, 166.136, 174.149, 154.0, 126.461, 103.538, 84.77, 69.404, 56.823, 46.523, 38.089, 31.185, 25.532, 20.904], "nh3_kg_per_day": [0.0, 0.0, 2.282, 28.387, 51.918, 54.422, 48.125, 39.519, 32.356, 26.491, 21.689, 17.757, 14.538, 11.903, 9.745, 7.979, 6.532], "h2s_peak_kg_day_km": 34.83, "risk_tier": "high", "exposure": {"ppm": 0.03111, "label": "clear rotten-egg odour", "odour_detect_ppm": 0.0005, "who_24h_ppm": 0.107, "atsdr_acute_mrl_ppm": 0.07, "osha_ceiling_ppm": 20.0}, "source": "physical"}}, {"type": "Feature", "geometry": {"type": "LineString", "coordinates": [[-65.375122, 18.111611], [-65.421938, 18.105489]]}, "properties": {"seg_id": "VI012", "name": "Vieques / Sun Bay", "island": "vieques", "coast": "south", "length_m": 5000.0, "lat": 18.10855, "lon": -65.39853, "kg_per_m_total": 17.97, "kg_per_m_physical": 17.97, "tonnes_total": 89.851, "tonnes_by_day": [89.851, 0.0, 0.0, 0.0, 0.0], "h2s_kg_per_day": [0.0, 0.0, 0.709, 10.432, 11.776, 9.641, 7.894, 6.463, 5.291, 4.332, 3.547, 2.904, 2.378, 1.947, 1.594, 1.305, 1.068], "nh3_kg_per_day": [0.0, 0.0, 0.222, 3.26, 3.68, 3.013, 2.467, 2.02, 1.654, 1.354, 1.108, 0.907, 0.743, 0.608, 0.498, 0.408, 0.334], "h2s_peak_kg_day_km": 2.355, "risk_tier": "low", "exposure": {"ppm": 0.04456, "label": "clear rotten-egg odour", "odour_detect_ppm": 0.0005, "who_24h_ppm": 0.107, "atsdr_acute_mrl_ppm": 0.07, "osha_ceiling_ppm": 20.0}, "source": "physical"}}, {"type": "Feature", "geometry": {"type": "LineString", "coordinates": [[-65.406007, 18.097989], [-65.451873, 18.087191]]}, "properties": {"seg_id": "VI013", "name": "Vieques / Sun Bay", "island": "vieques", "coast": "south", "length_m": 5000.0, "lat": 18.09259, "lon": -65.42894, "kg_per_m_total": 14.486, "kg_per_m_physical": 14.486, "tonnes_total": 72.43, "tonnes_by_day": [72.43, 0.0, 0.0, 0.0, 0.0], "h2s_kg_per_day": [0.0, 0.0, 0.592, 8.169, 9.533, 7.805, 6.39, 5.232, 4.283, 3.507, 2.871, 2.351, 1.925, 1.576, 1.29, 1.056, 0.865], "nh3_kg_per_day": [0.0, 0.0, 0.185, 2.553, 2.979, 2.439, 1.997, 1.635, 1.339, 1.096, 0.897, 0.735, 0.601, 0.492, 0.403, 0.33, 0.27], "h2s_peak_kg_day_km": 1.907, "risk_tier": "low", "exposure": {"ppm": 0.04365, "label": "clear rotten-egg odour", "odour_detect_ppm": 0.0005, "who_24h_ppm": 0.107, "atsdr_acute_mrl_ppm": 0.07, "osha_ceiling_ppm": 20.0}, "source": "physical"}}, {"type": "Feature", "geometry": {"type": "LineString", "coordinates": [[-65.435685, 18.090332], [-65.481635, 18.100808]]}, "properties": {"seg_id": "VI014", "name": "Vieques / Esperanza", "island": "vieques", "coast": "south", "length_m": 5000.0, "lat": 18.09557, "lon": -65.45866, "kg_per_m_total": 0.0, "kg_per_m_physical": 0.0, "tonnes_total": 0.0, "tonnes_by_day": [0.0, 0.0, 0.0, 0.0, 0.0], "h2s_kg_per_day": [0.0, 0.0, 0.0, 0.0, 0.0, 0.0, 0.0, 0.0, 0.0, 0.0, 0.0, 0.0, 0.0, 0.0, 0.0, 0.0, 0.0], "nh3_kg_per_day": [0.0, 0.0, 0.0, 0.0, 0.0, 0.0, 0.0, 0.0, 0.0, 0.0, 0.0, 0.0, 0.0, 0.0, 0.0, 0.0, 0.0], "h2s_peak_kg_day_km": 0.0, "risk_tier": "minimal", "exposure": {"ppm": 0.0, "label": "not detectable", "odour_detect_ppm": 0.0005, "who_24h_ppm": 0.107, "atsdr_acute_mrl_ppm": 0.07, "osha_ceiling_ppm": 20.0}, "source": "physical"}}, {"type": "Feature", "geometry": {"type": "LineString", "coordinates": [[-65.480922, 18.098937], [-65.525358, 18.083663]]}, "properties": {"seg_id": "VI015", "name": "Vieques / Esperanza", "island": "vieques", "coast": "south", "length_m": 5000.0, "lat": 18.0913, "lon": -65.50314, "kg_per_m_total": 76.069, "kg_per_m_physical": 76.069, "tonnes_total": 380.343, "tonnes_by_day": [183.381, 196.962, 0.0, 0.0, 0.0], "h2s_kg_per_day": [0.0, 0.0, 2.379, 24.002, 49.381, 44.664, 36.568, 29.939, 24.512, 20.069, 16.431, 13.453, 11.014, 9.018, 7.383, 6.045, 4.949], "nh3_kg_per_day": [0.0, 0.0, 0.743, 7.501, 15.432, 13.957, 11.427, 9.356, 7.66, 6.272, 5.135, 4.204, 3.442, 2.818, 2.307, 1.889, 1.547], "h2s_peak_kg_day_km": 9.876, "risk_tier": "moderate", "exposure": {"ppm": 0.02941, "label": "faint odour", "odour_detect_ppm": 0.0005, "who_24h_ppm": 0.107, "atsdr_acute_mrl_ppm": 0.07, "osha_ceiling_ppm": 20.0}, "source": "physical"}}, {"type": "Feature", "geometry": {"type": "LineString", "coordinates": [[-65.524242, 18.076183], [-65.570058, 18.087157]]}, "properties": {"seg_id": "VI016", "name": "Vieques / Green Beach", "island": "vieques", "coast": "south", "length_m": 5000.0, "lat": 18.08167, "lon": -65.54715, "kg_per_m_total": 0.0, "kg_per_m_physical": 0.0, "tonnes_total": 0.0, "tonnes_by_day": [0.0, 0.0, 0.0, 0.0, 0.0], "h2s_kg_per_day": [0.0, 0.0, 0.0, 0.0, 0.0, 0.0, 0.0, 0.0, 0.0, 0.0, 0.0, 0.0, 0.0, 0.0, 0.0, 0.0, 0.0], "nh3_kg_per_day": [0.0, 0.0, 0.0, 0.0, 0.0, 0.0, 0.0, 0.0, 0.0, 0.0, 0.0, 0.0, 0.0, 0.0, 0.0, 0.0, 0.0], "h2s_peak_kg_day_km": 0.0, "risk_tier": "minimal", "exposure": {"ppm": 0.0, "label": "not detectable", "odour_detect_ppm": 0.0005, "who_24h_ppm": 0.107, "atsdr_acute_mrl_ppm": 0.07, "osha_ceiling_ppm": 20.0}, "source": "physical"}}, {"type": "Feature", "geometry": {"type": "LineString", "coordinates": [[-65.349967, 18.346474], [-65.305293, 18.331666]]}, "properties": {"seg_id": "CU000", "name": "Culebra / Flamenco", "island": "culebra", "coast": "north", "length_m": 5000.0, "lat": 18.33907, "lon": -65.32763, "kg_per_m_total": 138.65, "kg_per_m_physical": 138.65, "tonnes_total": 693.25, "tonnes_by_day": [2.908, 356.905, 304.464, 0.0, 28.973], "h2s_kg_per_day": [0.0, 0.0, 0.0, 9.45, 57.628, 86.693, 74.312, 63.951, 53.504, 43.805, 35.865, 29.363, 24.041, 19.683, 16.115, 13.194, 10.802], "nh3_kg_per_day": [0.0, 0.0, 0.0, 2.953, 18.009, 27.092, 23.223, 19.985, 16.72, 13.689, 11.208, 9.176, 7.513, 6.151, 5.036, 4.123, 3.376], "h2s_peak_kg_day_km": 17.339, "risk_tier": "high", "exposure": {"ppm": 0.01565, "label": "faint odour", "odour_detect_ppm": 0.0005, "who_24h_ppm": 0.107, "atsdr_acute_mrl_ppm": 0.07, "osha_ceiling_ppm": 20.0}, "source": "physical"}}, {"type": "Feature", "geometry": {"type": "LineString", "coordinates": [[-65.318112, 18.332933], [-65.270848, 18.330827]]}, "properties": {"seg_id": "CU001", "name": "Culebra / Flamenco", "island": "culebra", "coast": "north", "length_m": 5000.0, "lat": 18.33188, "lon": -65.29448, "kg_per_m_total": 70.96, "kg_per_m_physical": 70.96, "tonnes_total": 354.802, "tonnes_by_day": [0.0, 0.0, 0.0, 2.405, 352.397], "h2s_kg_per_day": [0.0, 0.0, 0.0, 0.0, 0.0, 0.01, 1.469, 33.808, 48.079, 39.364, 32.229, 26.386, 21.603, 17.687, 14.481, 11.856, 9.707], "nh3_kg_per_day": [0.0, 0.0, 0.0, 0.0, 0.0, 0.003, 0.459, 10.565, 15.025, 12.301, 10.071, 8.246, 6.751, 5.527, 4.525, 3.705, 3.033], "h2s_peak_kg_day_km": 9.616, "risk_tier": "moderate", "exposure": {"ppm": 0.00847, "label": "faint odour", "odour_detect_ppm": 0.0005, "who_24h_ppm": 0.107, "atsdr_acute_mrl_ppm": 0.07, "osha_ceiling_ppm": 20.0}, "source": "physical"}}, {"type": "Feature", "geometry": {"type": "LineString", "coordinates": [[-65.277191, 18.335366], [-65.240789, 18.306674]]}, "properties": {"seg_id": "CU002", "name": "Culebra / Zoni", "island": "culebra", "coast": "north", "length_m": 5000.0, "lat": 18.32102, "lon": -65.25899, "kg_per_m_total": 54.082, "kg_per_m_physical": 54.082, "tonnes_total": 270.41, "tonnes_by_day": [55.715, 0.0, 0.0, 214.695, 0.0], "h2s_kg_per_day": [0.0, 0.0, 2.082, 7.705, 6.78, 12.778, 32.419, 30.322, 24.826, 20.326, 16.641, 13.625, 11.155, 9.133, 7.477, 6.122, 5.012], "nh3_kg_per_day": [0.0, 0.0, 0.651, 2.408, 2.119, 3.993, 10.131, 9.476, 7.758, 6.352, 5.2, 4.258, 3.486, 2.854, 2.337, 1.913, 1.566], "h2s_peak_kg_day_km": 6.484, "risk_tier": "moderate", "exposure": {"ppm": 0.01163, "label": "faint odour", "odour_detect_ppm": 0.0005, "who_24h_ppm": 0.107, "atsdr_acute_mrl_ppm": 0.07, "osha_ceiling_ppm": 20.0}, "source": "physical"}}, {"type": "Feature", "geometry": {"type": "LineString", "coordinates": [[-65.238255, 18.31849], [-65.274165, 18.28925]]}, "properties": {"seg_id": "CU003", "name": "Culebra / Zoni", "island": "culebra", "coast": "south", "length_m": 5000.0, "lat": 18.30387, "lon": -65.25621, "kg_per_m_total": 143.373, "kg_per_m_physical": 143.373, "tonnes_total": 716.867, "tonnes_by_day": [713.198, 0.0, 1.058, 2.611, 0.0], "h2s_kg_per_day": [0.0, 0.0, 35.461, 100.078, 84.952, 69.718, 57.404, 47.055, 38.526, 31.542, 25.824, 21.143, 17.311, 14.173, 11.604, 9.5, 7.778], "nh3_kg_per_day": [0.0, 0.0, 11.081, 31.274, 26.547, 21.787, 17.939, 14.705, 12.039, 9.857, 8.07, 6.607, 5.41, 4.429, 3.626, 2.969, 2.431], "h2s_peak_kg_day_km": 20.016, "risk_tier": "high", "exposure": {"ppm": 0.12564, "label": "strong odour, above health guideline levels", "odour_detect_ppm": 0.0005, "who_24h_ppm": 0.107, "atsdr_acute_mrl_ppm": 0.07, "osha_ceiling_ppm": 20.0}, "source": "physical"}}, {"type": "Feature", "geometry": {"type": "LineString", "coordinates": [[-65.264436, 18.274129], [-65.309624, 18.287411]]}, "properties": {"seg_id": "CU004", "name": "Culebra / Dewey", "island": "culebra", "coast": "south", "length_m": 5000.0, "lat": 18.28077, "lon": -65.28703, "kg_per_m_total": 0.0, "kg_per_m_physical": 0.0, "tonnes_total": 0.0, "tonnes_by_day": [0.0, 0.0, 0.0, 0.0, 0.0], "h2s_kg_per_day": [0.0, 0.0, 0.0, 0.0, 0.0, 0.0, 0.0, 0.0, 0.0, 0.0, 0.0, 0.0, 0.0, 0.0, 0.0, 0.0, 0.0], "nh3_kg_per_day": [0.0, 0.0, 0.0, 0.0, 0.0, 0.0, 0.0, 0.0, 0.0, 0.0, 0.0, 0.0, 0.0, 0.0, 0.0, 0.0, 0.0], "h2s_peak_kg_day_km": 0.0, "risk_tier": "minimal", "exposure": {"ppm": 0.0, "label": "not detectable", "odour_detect_ppm": 0.0005, "who_24h_ppm": 0.107, "atsdr_acute_mrl_ppm": 0.07, "osha_ceiling_ppm": 20.0}, "source": "physical"}}, {"type": "Feature", "geometry": {"type": "LineString", "coordinates": [[-65.299015, 18.294168], [-65.333605, 18.324812]]}, "properties": {"seg_id": "CU005", "name": "Culebra / Dewey", "island": "culebra", "coast": "south", "length_m": 5000.0, "lat": 18.30949, "lon": -65.31631, "kg_per_m_total": 0.0, "kg_per_m_physical": 0.0, "tonnes_total": 0.0, "tonnes_by_day": [0.0, 0.0, 0.0, 0.0, 0.0], "h2s_kg_per_day": [0.0, 0.0, 0.0, 0.0, 0.0, 0.0, 0.0, 0.0, 0.0, 0.0, 0.0, 0.0, 0.0, 0.0, 0.0, 0.0, 0.0], "nh3_kg_per_day": [0.0, 0.0, 0.0, 0.0, 0.0, 0.0, 0.0, 0.0, 0.0, 0.0, 0.0, 0.0, 0.0, 0.0, 0.0, 0.0, 0.0], "h2s_peak_kg_day_km": 0.0, "risk_tier": "minimal", "exposure": {"ppm": 0.0, "label": "not detectable", "odour_detect_ppm": 0.0005, "who_24h_ppm": 0.107, "atsdr_acute_mrl_ppm": 0.07, "osha_ceiling_ppm": 20.0}, "source": "physical"}}, {"type": "Feature", "geometry": {"type": "LineString", "coordinates": [[-65.344279, 18.321417], [-65.336021, 18.365643]]}, "properties": {"seg_id": "CU006", "name": "Culebra / Flamenco", "island": "culebra", "coast": "west", "length_m": 5000.0, "lat": 18.34353, "lon": -65.34015, "kg_per_m_total": 0.0, "kg_per_m_physical": 0.0, "tonnes_total": 0.0, "tonnes_by_day": [0.0, 0.0, 0.0, 0.0, 0.0], "h2s_kg_per_day": [0.0, 0.0, 0.0, 0.0, 0.0, 0.0, 0.0, 0.0, 0.0, 0.0, 0.0, 0.0, 0.0, 0.0, 0.0, 0.0, 0.0], "nh3_kg_per_day": [0.0, 0.0, 0.0, 0.0, 0.0, 0.0, 0.0, 0.0, 0.0, 0.0, 0.0, 0.0, 0.0, 0.0, 0.0, 0.0, 0.0], "h2s_peak_kg_day_km": 0.0, "risk_tier": "minimal", "exposure": {"ppm": 0.0, "label": "not detectable", "odour_detect_ppm": 0.0005, "who_24h_ppm": 0.107, "atsdr_acute_mrl_ppm": 0.07, "osha_ceiling_ppm": 20.0}, "source": "physical"}}], "properties": {"days": ["2026-09-26", "2026-09-27", "2026-09-28", "2026-09-29", "2026-09-30"], "gas_days": ["2026-09-26", "2026-09-27", "2026-09-28", "2026-09-29", "2026-09-30", "2026-10-01", "2026-10-02", "2026-10-03", "2026-10-04", "2026-10-05", "2026-10-06", "2026-10-07", "2026-10-08", "2026-10-09", "2026-10-10", "2026-10-11", "2026-10-12"]}}